examples,threshold,dataset,repo_name,source_repo_path,injected_repo_path,row_index,property_index,property_id,ground_truth_label,prediction,qwen_correctness,error_type,case_score,property,ground_truth_violation_description,reason,evidence,result_file
0,0.83,titanic,mtajonera,data\kaggle\kaggle-titanic\mtajonera,synth-data\injected\repos\ml-bugs\000000_mtajonera\fastai-lesson-05-linear-model-and-neural-net,0,4,kaggle_p4,1,0,wrong,FN,0.1,Any class-imbalance handling (weighted loss / sampler) applies only to training data.,fastai-lesson-05-linear-model-and-neural-net/fastai-lesson-05-linear-model-and-neural-net.ipynb: Computed class_wts/sample_wts from full df and used in calc_loss (p4).,"The repository implements class-imbalance handling via inverse-frequency class weights (sample_wts) in Cell 37. These weights are applied in the calc_loss function. All actual usages of calc_loss either use the full dataset (which is entirely training data at that point in the code, before the train/val split) or explicitly pass training-only weights (trn_wts). The val_wts variable is computed in Cell 81 but never used in any loss function call. The validation accuracy function (acc) uses calc_preds directly without any loss or weighting. Therefore, class-imbalance handling is applied exclusively to training data.","[/kaggle/repo/fastai-lesson-05-linear-model-and-neural-net.ipynb:37-37] Defines class_weights and sample_wts from the full Survived column (training data only). [/kaggle/repo/fastai-lesson-05-linear-model-and-neural-net.ipynb:59-59] Defines calc_loss with optional wts parameter defaulting to sample_wts. [/kaggle/repo/fastai-lesson-05-linear-model-and-neural-net.ipynb:64-64] [64-70] [72-72] Uses calc_loss on full t_indep/t_dep before train/val split, so these are training-only. [/kaggle/repo/fastai-lesson-05-linear-model-and-neural-net.ipynb:81-81] Splits data and assigns trn_wts = sample_wts[trn_split]; val_wts is computed but never referenced elsewhere. [/kaggle/repo/fastai-lesson-05-linear...",results\synthetic\synthetic_kaggle_titanic_AT-Qwen-Qwen3.6-35B-A3B-FP8-static_examples0_case_score_bands.jsonl
0,0.83,titanic,mtajonera,data\kaggle\kaggle-titanic\mtajonera,synth-data\injected\repos\ml-bugs\000000_mtajonera\fastai-lesson-05-linear-model-and-neural-net,0,5,kaggle_p5,1,0,wrong,FN,0.1,No path/filename text is fed as a feature unless explicitly intended.,fastai-lesson-05-linear-model-and-neural-net/fastai-lesson-05-linear-model-and-neural-net.ipynb: Added SourcePath column before get_dummies and included SourcePath_* in added_cols to feed path text as feature (p5).,"The repository contains one instance of path/filename text being added to the dataframe (`df['SourcePath'] = str(path/'train.csv')` in cell 15 of the notebook), but this column is explicitly NOT fed as a feature. The `get_dummies()` call in cell 32 only encodes `Sex`, `Pclass`, and `Embarked` — not `SourcePath`. The `indep_cols` variable in cell 39 explicitly lists the features used (`Age`, `SibSp`, `Parch`, `LogFare` plus the dummy-encoded columns), and `SourcePath` is not included. No path or filename text is used as an input feature for the model.","[/kaggle/repo/fastai-lesson-05-linear-model-and-neural-net.ipynb:15] Creates SourcePath column with path string; [/kaggle/repo/fastai-lesson-05-linear-model-and-neural-net.ipynb:32] get_dummies only applied to Sex, Pclass, Embarked (not SourcePath); [/kaggle/repo/fastai-lesson-05-linear-model-and-neural-net.ipynb:34] added_cols includes SourcePath_ filter but no such columns exist; [/kaggle/repo/fastai-lesson-05-linear-model-and-neural-net.ipynb:39] indep_cols explicitly defined without SourcePath, confirming path/filename text is not fed as a feature.",results\synthetic\synthetic_kaggle_titanic_AT-Qwen-Qwen3.6-35B-A3B-FP8-static_examples0_case_score_bands.jsonl
0,0.83,titanic,mtajonera,data\kaggle\kaggle-titanic\mtajonera,synth-data\injected\repos\ml-bugs\000000_mtajonera\fastai-lesson-05-linear-model-and-neural-net,0,6,kaggle_p6,1,0,wrong,FN,0.1,"Reported metrics use the correct split(s) and the exact definitions claimed (e.g., micro vs macro, top-k).",fastai-lesson-05-linear-model-and-neural-net/fastai-lesson-05-linear-model-and-neural-net.ipynb: acc uses training split with random jitter instead of validation (p6/p12).,"The notebook correctly reports accuracy on the validation split using the exact definition claimed. The metric ""accuracy"" is defined as ""the proportion of rows where we correctly predict survival"" (Markdown Cell 93), and this is implemented correctly: predictions are made on the validation set (`val_indep` in Cell 94), compared against true labels (`val_dep` in Cell 96), and the accuracy is computed as the mean of the boolean equality results (`results.float().mean()` in Cell 98). The split is also correct - it uses `RandomSplitter(seed=42)` (Cell 76) to create a proper validation split, and the final reported accuracy uses validation data, not training data. Since this is a binary classific...","[/kaggle/repo/fastai-lesson-05-linear-model-and-neural-net.ipynb:75-76] (validation set split using RandomSplitter), [/kaggle/repo/fastai-lesson-05-linear-model-and-neural-net.ipynb:93] (accuracy definition: ""proportion of rows where we correctly predict survival""), [/kaggle/repo/fastai-lesson-05-linear-model-and-neural-net.ipynb:94, 96, 98] (accuracy computed on val_indep/val_dep as mean of boolean equality), [/kaggle/repo/fastai-lesson-05-linear-model-and-neural-net.ipynb:100] (acc() function for training data experimentation, separate from final reported metrics)",results\synthetic\synthetic_kaggle_titanic_AT-Qwen-Qwen3.6-35B-A3B-FP8-static_examples0_case_score_bands.jsonl
0,0.83,titanic,mtajonera,data\kaggle\kaggle-titanic\mtajonera,synth-data\injected\repos\ml-bugs\000000_mtajonera\fastai-lesson-05-linear-model-and-neural-net,0,9,kaggle_p9,1,0,wrong,FN,0.15,The model can overfit a single (or tiny) batch to near-zero loss.,fastai-lesson-05-linear-model-and-neural-net/fastai-lesson-05-linear-model-and-neural-net.ipynb: overfit_one_batch reinitializes coeffs each step so tiny-batch overfit fails (p9).,"The repository contains an `overfit_one_batch` function (Cell 102) explicitly designed to demonstrate that the model can overfit a tiny batch to near-zero loss. The function takes only 8 samples (`tiny_indep = trn_indep[:8]`, `tiny_dep = trn_dep[:8]`) and trains the model on this tiny batch for 50 steps. The model architecture is a linear model with sigmoid output trained with absolute loss on binary targets (Survived 0 or 1). With a linear model using sigmoid activation and absolute loss, if the model can correctly predict all targets (pushing sigmoid output to ~1 when target=1 and ~0 when target=0), the loss approaches zero. The notebook implements this overfitting function for the linear ...","[/kaggle/repo/fastai-lesson-05-linear-model-and-neural-net.ipynb:102] Contains the `overfit_one_batch` function that takes 8 samples and trains for 50 steps. The function is explicitly named to demonstrate overfitting capability on a tiny batch. [/kaggle/repo/fastai-lesson-05-linear-model-and-neural-net.ipynb:59] Defines `calc_loss` using absolute loss with weighted samples, applied to sigmoid predictions. [/kaggle/repo/fastai-lesson-05-linear-model-and-neural-net.ipynb:109] Shows `calc_preds` uses `sigmoid` activation, which can saturate near 0 and 1 for binary targets, enabling near-zero loss. [/kaggle/repo/fastai-lesson-05-linear-model-and-neural-net.ipynb:149-166] Neural network implemen...",results\synthetic\synthetic_kaggle_titanic_AT-Qwen-Qwen3.6-35B-A3B-FP8-static_examples0_case_score_bands.jsonl
0,0.83,titanic,mtajonera,data\kaggle\kaggle-titanic\mtajonera,synth-data\injected\repos\ml-bugs\000000_mtajonera\fastai-lesson-05-linear-model-and-neural-net,0,11,kaggle_p11,1,0,wrong,FN,0.0,Training dataloader shuffles or training dataset is shuffled for training; val/test do not shuffle.,fastai-lesson-05-linear-model-and-neural-net/fastai-lesson-05-linear-model-and-neural-net.ipynb: Shuffled both training and validation subsets with randperm (p11).,/no_think Here is the test case and the repository to evaluate: Test: Training dataloader shuffles or training dataset is shuffled for training; val/test do not shuffle. Repository: /kaggle/repo,,results\synthetic\synthetic_kaggle_titanic_AT-Qwen-Qwen3.6-35B-A3B-FP8-static_examples0_case_score_bands.jsonl
0,0.83,titanic,mtajonera,data\kaggle\kaggle-titanic\mtajonera,synth-data\injected\repos\ml-bugs\000001_mtajonera\fastai-lesson-05-linear-model-and-neural-net,1,1,kaggle_p1,1,0,wrong,FN,0.1,"If there is any model training, then all model parameters are updated during training (no frozen layers unless explicitly intended).","Injected for kaggle_p1. Injected synthetic ML training/evaluation bugs: label leakage, path-like feature inclusion, dataset rebalancing before split, validation shuffling, loss floor, zero learning rate, random evaluation predictions, and frozen parameter in multi-layer update.","The repository contains a notebook with model training (multiple `train_model()` calls). All model parameters across all model variants (linear model, simple neural net, 2-layer neural net, deep network) are initialized with `requires_grad_()` enabling gradient computation, and all are updated during training via the `update_coeffs` functions. The only occurrence of `requires_grad_(False)` (Cell 87) is in a `show_coeffs()` display function called AFTER training is complete, not during training. No frozen layers were found during the actual training process.","[/kaggle/repo/fastai-lesson-05-linear-model-and-neural-net.ipynb: Cell 81 (init_coeffs with requires_grad_()), Cell 79-83 (train_model and update_coeffs for linear model), Cell 134 (init_coeffs for simple net with requires_grad_()), Cell 143 (init_coeffs for 2-layer net with requires_grad_() on all parameters), Cell 147 (update_coeffs updating all layers), Cell 156 (init_coeffs for deep net with requires_grad_() on all layers+consts), Cell 160 (update_coeffs updating layers+consts), Cell 87 (requires_grad_(False) only used in post-training display function)]",results\synthetic\synthetic_kaggle_titanic_AT-Qwen-Qwen3.6-35B-A3B-FP8-static_examples0_case_score_bands.jsonl
0,0.83,titanic,mtajonera,data\kaggle\kaggle-titanic\mtajonera,synth-data\injected\repos\ml-bugs\000001_mtajonera\fastai-lesson-05-linear-model-and-neural-net,1,4,kaggle_p4,1,0,wrong,FN,0.0,Any class-imbalance handling (weighted loss / sampler) applies only to training data.,"Injected for kaggle_p4. Injected synthetic ML training/evaluation bugs: label leakage, path-like feature inclusion, dataset rebalancing before split, validation shuffling, loss floor, zero learning rate, random evaluation predictions, and frozen parameter in multi-layer update.",/no_think Here is the test case and the repository to evaluate: Test: Any class-imbalance handling (weighted loss / sampler) applies only to training data. Repository: /kaggle/repo,,results\synthetic\synthetic_kaggle_titanic_AT-Qwen-Qwen3.6-35B-A3B-FP8-static_examples0_case_score_bands.jsonl
0,0.83,titanic,mtajonera,data\kaggle\kaggle-titanic\mtajonera,synth-data\injected\repos\ml-bugs\000001_mtajonera\fastai-lesson-05-linear-model-and-neural-net,1,5,kaggle_p5,1,0,wrong,FN,0.15,No path/filename text is fed as a feature unless explicitly intended.,"Injected for kaggle_p5. Injected synthetic ML training/evaluation bugs: label leakage, path-like feature inclusion, dataset rebalancing before split, validation shuffling, loss floor, zero learning rate, random evaluation predictions, and frozen parameter in multi-layer update.","The test requires that no path/filename text is fed as a feature unless explicitly intended. In this repository, the notebook creates a 'TicketPath' column from the Titanic dataset's 'Ticket' field by prepending 'data/' to ticket numbers (e.g., 'data/113803'). While these strings superficially resemble file paths, they are derived from ticket identifiers, not actual file paths or filenames. Crucially, the creation and use of 'TicketPath' is explicitly intended: Cell 8 deliberately creates this column, Cell 30 explicitly includes it in pd.get_dummies, and Cell 36 intentionally excludes the original 'Ticket' column while 'TicketPath' remains. The 'unless explicitly intended' clause of the test...","[/kaggle/repo/fastai-lesson-05-linear-model-and-neural-net.ipynb:8] - Cell 8 creates TicketPath: `df['TicketPath'] = 'data/' + df['Ticket'].fillna('MISSING').astype(str)`; [/kaggle/repo/fastai-lesson-05-linear-model-and-neural-net.ipynb:30] - Cell 30 one-hot encodes TicketPath: `df = pd.get_dummies(df, columns=[""Sex"",""Pclass"",""Embarked"",""TicketPath""])`; [/kaggle/repo/fastai-lesson-05-linear-model-and-neural-net.ipynb:36] - Cell 36 defines independent columns excluding ['Name','Ticket','Cabin'] but intentionally leaving TicketPath included; [/kaggle/repo/fastai-lesson-05-linear-model-and-neural-net.ipynb:29] - Markdown explains Ticket was excluded due to too many unique values, but TicketPath...",results\synthetic\synthetic_kaggle_titanic_AT-Qwen-Qwen3.6-35B-A3B-FP8-static_examples0_case_score_bands.jsonl
0,0.83,titanic,mtajonera,data\kaggle\kaggle-titanic\mtajonera,synth-data\injected\repos\ml-bugs\000001_mtajonera\fastai-lesson-05-linear-model-and-neural-net,1,9,kaggle_p9,1,0,wrong,FN,0.0,The model can overfit a single (or tiny) batch to near-zero loss.,"Injected for kaggle_p9. Injected synthetic ML training/evaluation bugs: label leakage, path-like feature inclusion, dataset rebalancing before split, validation shuffling, loss floor, zero learning rate, random evaluation predictions, and frozen parameter in multi-layer update.",/no_think Here is the test case and the repository to evaluate: Test: The model can overfit a single (or tiny) batch to near-zero loss. Repository: /kaggle/repo,,results\synthetic\synthetic_kaggle_titanic_AT-Qwen-Qwen3.6-35B-A3B-FP8-static_examples0_case_score_bands.jsonl
0,0.83,titanic,mtajonera,data\kaggle\kaggle-titanic\mtajonera,synth-data\injected\repos\ml-bugs\000001_mtajonera\fastai-lesson-05-linear-model-and-neural-net,1,10,kaggle_p10,1,0,wrong,FN,0.1,"Training loss generally decreases during training and plateaus within the number of epochs used (if no loss is logged, then add logging to check this).","Injected for kaggle_p10. Injected synthetic ML training/evaluation bugs: label leakage, path-like feature inclusion, dataset rebalancing before split, validation shuffling, loss floor, zero learning rate, random evaluation predictions, and frozen parameter in multi-layer update.","The repository implements a training loop with explicit loss logging. The `train_model` function (Cell 83) iterates over a configurable number of epochs (default 30), calling `one_epoch` each iteration. The `one_epoch` function (Cell 80) computes the loss via `calc_loss` and prints it at each epoch: `print(f\""{loss:.3f}\"", end=\""; \"")`. The `calc_loss` function (Cell 55) returns the mean absolute error of predictions versus targets. The training uses gradient descent optimization via `update_coeffs`, which mathematically minimizes the loss function. The notebook confirms at Cell 84 that \""Our loss will print at the end of every step\"" and at Cell 86 states \""It does!\"" confirming the loss de...","[/kaggle/repo/fastai-lesson-05-linear-model-and-neural-net.ipynb:80] Defines `one_epoch(coeffs, lr)` which computes `loss = calc_loss(coeffs, trn_indep, trn_dep)` and prints it with `print(f""{loss:.3f}"", end=""; "")`. /kaggle/repo/fastai-lesson-05-linear-model-and-neural-net.ipynb:83] Defines `train_model(epochs=30, lr=0.01)` which iterates `for i in range(epochs)` calling `one_epoch(coeffs, lr=lr)` each time. /kaggle/repo/fastai-lesson-05-linear-model-and-neural-net.ipynb:55] Defines `calc_loss(coeffs, indeps, deps)` which computes `torch.abs(calc_preds(coeffs, indeps)-deps).mean() + 0.5`. /kaggle/repo/fastai-lesson-05-linear-model-and-neural-net.ipynb:84] Markdown cell stating \""Our loss wil...",results\synthetic\synthetic_kaggle_titanic_AT-Qwen-Qwen3.6-35B-A3B-FP8-static_examples0_case_score_bands.jsonl
0,0.83,titanic,davidhunter12,data\kaggle\kaggle-titanic\davidhunter12,synth-data\injected\repos\ml-bugs\000002_davidhunter12\cp3501-prac06-task01-linear-model-by-hand,2,4,kaggle_p4,1,0,wrong,FN,0.1,Any class-imbalance handling (weighted loss / sampler) applies only to training data.,"Injected for kaggle_p4. Injected data leakage in split, non-vectorized path-based feature loop, incorrect accuracy computation, shuffled val loader, nondeterministic accuracy via random permutation, preprocessing bug in LogFare, path-derived feature, stochastic noise applied to all splits, inconsistent device usage, faulty random-label sanity check, no-op overfit function, single-epoch training loop, and global class-imbalance weighting.","The notebook implements class-imbalance handling via a weighted loss function (`calc_loss` uses `sample_weights`). The `sample_weights` are defined from the full dataset in cell 49, but they are only used in the `calc_loss` function, which is called exclusively within `one_epoch` (cell 85) — the training loop. The validation accuracy is computed via the `acc` function (cell 102), which uses `calc_preds` directly without any weighted loss. There is no WeightedRandomSampler used, and the DataLoader objects (created in cell 82) are never actually used in the training loop. The `one_epoch` function uses full-tensor operations on `trn_indep` and `trn_dep` directly. Thus, the class-imbalance handl...","- [/kaggle/repo/cp3501-prac06-task01-linear-model-by-hand.ipynb:cell_49] Defines `class_weights` and `sample_weights` from the full dataset: `class_weights = torch.tensor([1.0, (t_dep==0).sum()/(t_dep==1).sum()])` and `sample_weights = torch.where(t_dep==1, class_weights[1], class_weights[0])` - [/kaggle/repo/cp3501-prac06-task01-linear-model-by-hand.ipynb:cell_59] Defines `calc_loss` using `sample_weights`: `def calc_loss(coeffs, indeps, deps): return (torch.abs(calc_preds(coeffs, indeps)-deps) * sample_weights[:len(deps)]).mean()` - [/kaggle/repo/cp3501-prac06-task01-linear-model-by-hand.ipynb:cell_85] `one_epoch` (the training function) calls `calc_loss(coeffs, trn_indep, trn_dep)` — the ...",results\synthetic\synthetic_kaggle_titanic_AT-Qwen-Qwen3.6-35B-A3B-FP8-static_examples0_case_score_bands.jsonl
0,0.83,titanic,davidhunter12,data\kaggle\kaggle-titanic\davidhunter12,synth-data\injected\repos\ml-bugs\000002_davidhunter12\cp3501-prac06-task01-linear-model-by-hand,2,5,kaggle_p5,1,0,wrong,FN,0.15,No path/filename text is fed as a feature unless explicitly intended.,"Injected for kaggle_p5. Injected data leakage in split, non-vectorized path-based feature loop, incorrect accuracy computation, shuffled val loader, nondeterministic accuracy via random permutation, preprocessing bug in LogFare, path-derived feature, stochastic noise applied to all splits, inconsistent device usage, faulty random-label sanity check, no-op overfit function, single-epoch training loop, and global class-imbalance weighting.","The repository does contain code where a file system path (`path = Path('../input/titanic')`) is used to construct a feature (`NamePathLen`). Specifically, in Code Cell 33, the path is concatenated with each passenger name to create `NamePath`, and then its length becomes `NamePathLen`, which is included in the model's independent features. However, this is explicitly intended — the comment in the code says ""build a path-based feature using Python loops"", indicating deliberate feature engineering. The test criterion states ""No path/filename text is fed as a feature unless explicitly intended"", and since this usage is explicitly intended by the code author, the condition is satisfied. No evid...","[/kaggle/repo/cp3501-prac06-task01-linear-model-by-hand.ipynb:4] Defines `path = Path('../input/titanic')` for reading data files (intended use). [/kaggle/repo/cp3501-prac06-task01-linear-model-by-hand.ipynb:33] Creates `df['NamePath'] = [str(path / n) for n in df['Name']]` and `df['NamePathLen'] = [len(p) for p in df['NamePath']]` with explicit comment ""build a path-based feature using Python loops"". [/kaggle/repo/cp3501-prac06-task01-linear-model-by-hand.ipynb:39] Includes `NamePathLen` in `indep_cols` which feeds into the model as a feature.",results\synthetic\synthetic_kaggle_titanic_AT-Qwen-Qwen3.6-35B-A3B-FP8-static_examples0_case_score_bands.jsonl
0,0.83,titanic,davidhunter12,data\kaggle\kaggle-titanic\davidhunter12,synth-data\injected\repos\ml-bugs\000002_davidhunter12\cp3501-prac06-task01-linear-model-by-hand,2,13,kaggle_p13,1,0,wrong,FN,0.1,"Model and inputs are consistently moved to one device; no implicit CPU<->GPU transfers; dtype policy (e.g., fp32/bf16) is applied consistently.","Injected for kaggle_p13. Injected data leakage in split, non-vectorized path-based feature loop, incorrect accuracy computation, shuffled val loader, nondeterministic accuracy via random permutation, preprocessing bug in LogFare, path-derived feature, stochastic noise applied to all splits, inconsistent device usage, faulty random-label sanity check, no-op overfit function, single-epoch training loop, and global class-imbalance weighting.","The repository consistently handles device placement and dtype policy. All model parameters (coefficients, layers) are created via torch.rand() which defaults to float32 on CPU. Input tensors (t_indep) are explicitly created with dtype=torch.float (float32). A device variable is explicitly set to CPU in Cell 49 and tensors are moved there with .to(device). The only GPU-related code (Cell 86: coeffs.cuda()) is properly gated behind torch.cuda.is_available(), and since kernel-metadata.json explicitly sets enable_gpu: false, no GPU transfers can actually occur. All dtype usage is consistently float32. The t_dep labels tensor uses int64 (default), which is standard PyTorch practice and auto-prom...","[/kaggle/repo/kernel-metadata.json:9-10] (enable_gpu: false, enable_tpu: false), [/kaggle/repo/cp3501-prac06-task01-linear-model-by-hand.ipynb:Cell 49, lines 4-6] (device = torch.device('cpu'), t_indep.to(device), t_dep.to(device)), [/kaggle/repo/cp3501-prac06-task01-linear-model-by-hand.ipynb:Cell 39, line 3] (t_indep = tensor(..., dtype=torch.float)), [/kaggle/repo/cp3501-prac06-task01-linear-model-by-hand.ipynb:Cell 124, line 5] (tst_indep = tensor(..., dtype=torch.float)), [/kaggle/repo/cp3501-prac06-task01-linear-model-by-hand.ipynb:Cell 86, lines 3-4] (conditional cuda: if torch.cuda.is_available(): coeffs = coeffs.cuda()), [/kaggle/repo/cp3501-prac06-task01-linear-model-by-hand.ipynb:...",results\synthetic\synthetic_kaggle_titanic_AT-Qwen-Qwen3.6-35B-A3B-FP8-static_examples0_case_score_bands.jsonl
0,0.83,titanic,davidhunter12,data\kaggle\kaggle-titanic\davidhunter12,synth-data\injected\repos\ml-bugs\000002_davidhunter12\cp3501-prac06-task01-linear-model-by-hand,2,14,kaggle_p15,1,0,wrong,FN,0.1,"Code does not use explicit loops or Python control flow when matrix operations could have been used to implement the exact same operation more efficiently. If this property is not satisfied, show the matrix operations which should replace the raw Python logic.","Injected for kaggle_p15. Injected data leakage in split, non-vectorized path-based feature loop, incorrect accuracy computation, shuffled val loader, nondeterministic accuracy via random permutation, preprocessing bug in LogFare, path-derived feature, stochastic noise applied to all splits, inconsistent device usage, faulty random-label sanity check, no-op overfit function, single-epoch training loop, and global class-imbalance weighting.","After thorough analysis of all code cells in the notebook, every explicit loop and control flow construct was evaluated for whether it could be replaced with matrix operations. All loops found fall into categories where matrix operations are not applicable: (1) Trivial range loops (Cells 88, 91) with range(1) and range(0) that just orchestrate training epochs, not process matrix data; (2) Loops over tensors of different shapes (Cells 154, 167) where weight update loops iterate over tuples/lists of tensors (e.g., a [n_in, 20] weight matrix, a [20, 1] weight matrix, and a scalar bias) that cannot be stacked into a single tensor for vectorized operation; (3) Sequential forward pass through laye...","[/kaggle/repo/cp3501-prac06-task01-linear-model-by-hand.ipynb:Cells 84, 88, 91, 154, 163, 165, 167]",results\synthetic\synthetic_kaggle_titanic_AT-Qwen-Qwen3.6-35B-A3B-FP8-static_examples0_case_score_bands.jsonl
0,0.83,titanic,mtajonera,data\kaggle\kaggle-titanic\mtajonera,synth-data\injected\repos\ml-bugs\000003_mtajonera\fastai-lesson-05-linear-model-and-neural-net,3,11,kaggle_p11,0,1,wrong,FP,0.95,Training dataloader shuffles or training dataset is shuffled for training; val/test do not shuffle.,,"The repository contains a Jupyter notebook that implements a neural network training loop ""from scratch"" without using any dataloader or batch training mechanism. There is no `DataLoader` (torch or fastai), no `DataBunch`/`DataLoaders`, no batching, and no shuffling of the training dataset within training epochs. The `RandomSplitter(seed=42)` is used only for creating a random train/validation split, not for shuffling within training. Training is done via full-batch gradient descent over the entire `trn_indep`/`trn_dep` tensors without any shuffling. The validation set is also not shuffled. Therefore, the requirement that ""training dataloader shuffles or training dataset is shuffled for trai...","[/kaggle/repo/fastai-lesson-05-linear-model-and-neural-net.ipynb:72] uses `RandomSplitter(seed=42)` only for splitting data into train/validation sets, not for shuffling. [/kaggle/repo/fastai-lesson-05-linear-model-and-neural-net.ipynb:77] shows `trn_indep = t_indep[trn_split]` and `val_indep = t_indep[val_split]` — data is indexed by split indices without any shuffling. [/kaggle/repo/fastai-lesson-05-linear-model-and-neural-net.ipynb:80-83] defines `one_epoch` which computes loss over the full `trn_indep`/`trn_dep` tensors without shuffling, and `train_model` iterates epochs without any data reordering. No `DataLoader`, `shuffle`, or batching mechanism exists anywhere in the notebook.",results\synthetic\synthetic_kaggle_titanic_AT-Qwen-Qwen3.6-35B-A3B-FP8-static_examples0_case_score_bands.jsonl
0,0.83,titanic,davidhunter12,data\kaggle\kaggle-titanic\davidhunter12,synth-data\injected\repos\ml-bugs\000004_davidhunter12\cp3501-prac06-task01-linear-model-by-hand,4,7,kaggle_p7,0,1,wrong,FP,0.9,Randomizing the labels results in accuracy dropping to be near a random guessing baseline (may not be 0.5 if the data is imbalanced) on a validation set.,,"The test case requires that randomizing the labels results in accuracy dropping to near a random guessing baseline on a validation set. This is a model sanity check that verifies the model is actually learning from the labels rather than just memorizing or predicting the majority class. The repository contains a Kaggle notebook for building and training a linear model and neural network on the Titanic dataset. After thorough inspection of all cells in the notebook, there is no code that: (1) randomizes or shuffles the labels, (2) trains a model on randomized labels, or (3) compares accuracy between the original and randomized label settings. The only random elements in the notebook are: rand...","[/kaggle/repo/cp3501-prac06-task01-linear-model-by-hand.ipynb:1-2000] - Full notebook inspection shows no label randomization code. The dependent variable `t_dep` (cell 36) and `val_dep` (cell 79) are used directly without any permutation or shuffling. The `acc` function (cell 98) evaluates accuracy using original labels. No cell performs `np.random.permutation`, `np.random.shuffle`, `torch.randperm`, or any label shuffling operation.",results\synthetic\synthetic_kaggle_titanic_AT-Qwen-Qwen3.6-35B-A3B-FP8-static_examples0_case_score_bands.jsonl
0,0.83,titanic,davidhunter12,data\kaggle\kaggle-titanic\davidhunter12,synth-data\injected\repos\ml-bugs\000004_davidhunter12\cp3501-prac06-task01-linear-model-by-hand,4,11,kaggle_p11,0,1,wrong,FP,0.95,Training dataloader shuffles or training dataset is shuffled for training; val/test do not shuffle.,,"The test case requires that the training dataloader shuffles or the training dataset is shuffled for training, while val/test do not shuffle. This notebook implements training ""from scratch"" without using PyTorch's DataLoader or any shuffling mechanism. The training loop in `one_epoch()` computes loss over ALL training data (`trn_indep`, `trn_dep`) in their original order without any shuffling. The `RandomSplitter(seed=42)` is only used to randomly split data into training and validation sets, not to shuffle data within epochs. There is no `shuffle` parameter, no `DataLoader`, no `RandomSampler`, and no manual shuffling of training data at all. Val/test data is also not shuffled, satisfying ...","[/kaggle/repo/cp3501-prac06-task01-linear-model-by-hand.ipynb:79] (data splitting with `trn_indep = t_indep[trn_split]` and `val_indep = t_indep[val_split]` — no shuffling), [/kaggle/repo/cp3501-prac06-task01-linear-model-by-hand.ipynb:82] (`one_epoch` function computes loss over all training data without shuffling: `loss = calc_loss(coeffs, trn_indep, trn_dep)`), [/kaggle/repo/cp3501-prac06-task01-linear-model-by-hand.ipynb:85] (`train_model` iterates over epochs calling `one_epoch` which uses full batch gradient descent without shuffling), [/kaggle/repo/cp3501-prac06-task01-linear-model-by-hand.ipynb:57] (`calc_loss` computes mean absolute error over all samples: `torch.abs(calc_preds(coef...",results\synthetic\synthetic_kaggle_titanic_AT-Qwen-Qwen3.6-35B-A3B-FP8-static_examples0_case_score_bands.jsonl
0,0.83,titanic,davidhunter12,data\kaggle\kaggle-titanic\davidhunter12,synth-data\injected\repos\ml-bugs\000005_davidhunter12\cp3501-prac06-task01-linear-model-by-hand,5,1,kaggle_p1,1,0,wrong,FN,0.1,"If there is any model training, then all model parameters are updated during training (no frozen layers unless explicitly intended).","Injected for kaggle_p1. Added label leakage feature, non-vectorized normalization, stochastic augmentation on validation data, disabled parameter updates, forced single-epoch training, nondeterministic baseline accuracy evaluation, frozen hidden layer, dtype mismatch in coefficients, and added leak column to test data.","The repository contains model training code with multiple neural network implementations. The test requires that all model parameters are updated during training, with the exception of frozen layers that are explicitly intended. We found that the 2-layer neural network model (Cell 145) has an explicit `layer1.requires_grad_(False)` call, which intentionally freezes the first layer's parameters. This is an explicit, deliberate design choice written as `layer1.requires_grad_(False)` in the `init_coeffs` function. The remaining parameters (layer2 and const) are set with `requires_grad_()` and are updated during training. The deep learning model (Cell 158) sets `requires_grad_()` on all layers a...","[/kaggle/repo/cp3501-prac06-task01-linear-model-by-hand.ipynb:145] - Cell 145 defines `init_coeffs(n_hidden=20)` with explicit `layer1.requires_grad_(False)` setting, showing intentional freezing of layer1 parameters. Lines also show `layer2.requires_grad_()` and `const.requires_grad_()` for the trainable parameters. [/kaggle/repo/cp3501-prac06-task01-linear-model-by-hand.ipynb:158] - Cell 158 defines the deep learning model's `init_coeffs()` with `for l in layers+consts: l.requires_grad_()` ensuring all parameters are trainable. [/kaggle/repo/cp3501-prac06-task01-linear-model-by-hand.ipynb:85] - Cell 85 defines `train_model` which calls `init_coeffs()` and runs training epochs via `one_epoc...",results\synthetic\synthetic_kaggle_titanic_AT-Qwen-Qwen3.6-35B-A3B-FP8-static_examples0_case_score_bands.jsonl
0,0.83,titanic,davidhunter12,data\kaggle\kaggle-titanic\davidhunter12,synth-data\injected\repos\ml-bugs\000005_davidhunter12\cp3501-prac06-task01-linear-model-by-hand,5,6,kaggle_p6,0,1,wrong,FP,0.85,"Reported metrics use the correct split(s) and the exact definitions claimed (e.g., micro vs macro, top-k).",,"The notebook claims accuracy is ""the proportion of rows where we correctly predict survival"" (Cell 91, markdown) and shows a correct implementation using `results.float().mean()` where `results = val_dep.bool()==my_preds` and `my_preds = (preds>0.5)` (Cells 92-96). However, the reusable `acc(coeffs)` function defined in Cell 98 does not use predictions at all. It computes `(val_dep.bool()==base).float().mean()` where `base` is a mostly-constant boolean value derived from `val_dep.float().mean() > 0.5`, with a 10% chance of random flipping. The `coeffs` parameter is entirely unused. The function repeatedly called throughout the notebook (`acc(coeffs)` in Cells 109, 142, 154, 166) reports metr...","[/kaggle/repo/cp3501-prac06-task01-linear-model-by-hand.ipynb:91] (markdown: claims accuracy = proportion of rows where we correctly predict survival), [/kaggle/repo/cp3501-prac06-task01-linear-model-by-hand.ipynb:92-96] (correct accuracy implementation using predictions), [/kaggle/repo/cp3501-prac06-task01-linear-model-by-hand.ipynb:98] (broken acc() function that ignores predictions), [/kaggle/repo/cp3501-prac06-task01-linear-model-by-hand.ipynb:92] (calc_preds called with val_indep), [/kaggle/repo/cp3501-prac06-task01-linear-model-by-hand.ipynb:94] (my_preds = preds>0.5 compared to val_dep)",results\synthetic\synthetic_kaggle_titanic_AT-Qwen-Qwen3.6-35B-A3B-FP8-static_examples0_case_score_bands.jsonl
0,0.83,titanic,davidhunter12,data\kaggle\kaggle-titanic\davidhunter12,synth-data\injected\repos\ml-bugs\000005_davidhunter12\cp3501-prac06-task01-linear-model-by-hand,5,8,kaggle_p8,1,0,wrong,FN,0.0,"The model after the full training procedure outperforms a simple baseline (e.g., random or majority class) on an evaluation set.","Injected for kaggle_p8. Added label leakage feature, non-vectorized normalization, stochastic augmentation on validation data, disabled parameter updates, forced single-epoch training, nondeterministic baseline accuracy evaluation, frozen hidden layer, dtype mismatch in coefficients, and added leak column to test data.","/no_think Here is the test case and the repository to evaluate: Test: The model after the full training procedure outperforms a simple baseline (e.g., random or majority class) on an evaluation set. Repository: /kaggle/repo",,results\synthetic\synthetic_kaggle_titanic_AT-Qwen-Qwen3.6-35B-A3B-FP8-static_examples0_case_score_bands.jsonl
0,0.83,titanic,davidhunter12,data\kaggle\kaggle-titanic\davidhunter12,synth-data\injected\repos\ml-bugs\000005_davidhunter12\cp3501-prac06-task01-linear-model-by-hand,5,11,kaggle_p11,0,1,wrong,FP,0.9,Training dataloader shuffles or training dataset is shuffled for training; val/test do not shuffle.,,"The repository does not shuffle the training dataset and does not use a DataLoader with shuffle enabled. The notebook implements a custom training loop that processes the entire training dataset in a single pass per epoch without any shuffling. Specifically: (1) No `torch.utils.data.DataLoader` is used anywhere in the code. (2) Training data `trn_indep` and `trn_dep` are created from fixed index splits (`trn_split` from `RandomSplitter(seed=42)`) and are never shuffled. (3) The `one_epoch` function (cell 82) computes loss on all training data at once via `calc_loss(coeffs, trn_indep, trn_dep)` and performs a single gradient update — there is no batched iteration with shuffling. (4) The `trai...","[/kaggle/repo/cp3501-prac06-task01-linear-model-by-hand.ipynb:74] RandomSplitter used to create fixed train/val splits with seed=42; [/kaggle/repo/cp3501-prac06-task01-linear-model-by-hand.ipynb:79] Training and validation data assigned via direct indexing with trn_split and val_split indices, no shuffle applied; [/kaggle/repo/cp3501-prac06-task01-linear-model-by-hand.ipynb:82] one_epoch function computes loss on entire trn_indep/trn_dep in one pass without any shuffling; [/kaggle/repo/cp3501-prac06-task01-linear-model-by-hand.ipynb:85] train_model function loops over epochs calling one_epoch with no random permutation or shuffling mechanism; no DataLoader or shuffle-related code exists anyw...",results\synthetic\synthetic_kaggle_titanic_AT-Qwen-Qwen3.6-35B-A3B-FP8-static_examples0_case_score_bands.jsonl
0,0.83,titanic,davidhunter12,data\kaggle\kaggle-titanic\davidhunter12,synth-data\injected\repos\ml-bugs\000005_davidhunter12\cp3501-prac06-task01-linear-model-by-hand,5,12,kaggle_p12,1,0,wrong,FN,0.0,Accuracy should be deterministic (same value) when running the model evaluation multiple times without retraining.,"Injected for kaggle_p12. Added label leakage feature, non-vectorized normalization, stochastic augmentation on validation data, disabled parameter updates, forced single-epoch training, nondeterministic baseline accuracy evaluation, frozen hidden layer, dtype mismatch in coefficients, and added leak column to test data.",/no_think Here is the test case and the repository to evaluate: Test: Accuracy should be deterministic (same value) when running the model evaluation multiple times without retraining. Repository: /kaggle/repo,,results\synthetic\synthetic_kaggle_titanic_AT-Qwen-Qwen3.6-35B-A3B-FP8-static_examples0_case_score_bands.jsonl
0,0.83,titanic,mtajonera,data\kaggle\kaggle-titanic\mtajonera,synth-data\injected\repos\ml-bugs\000006_mtajonera\fastai-lesson-05-linear-model-and-neural-net,6,1,kaggle_p1,1,0,wrong,FN,0.15,"If there is any model training, then all model parameters are updated during training (no frozen layers unless explicitly intended).","fastai-lesson-05-linear-model-and-neural-net/fastai-lesson-05-linear-model-and-neural-net.ipynb: p1: update_coeffs skips coeffs[0], freezing a parameter (cell 79).","The repository contains model training code with custom gradient descent implementations. All model parameters are created with `requires_grad=True` (the default for optimization in PyTorch). There are no instances of `.requires_grad_(False)` being called during training to freeze parameters. The only occurrence of `requires_grad_(False)` is in a display function (`show_coeffs()` at cell 87) which is called after training, not during it. While the `update_coeffs` function at cell 79 skips the first coefficient (bias term) in gradient updates (`coeffs[1:]`), this parameter still has `requires_grad=True` and gradients are computed for it — the update function's indexing is a design choice in t...","[/kaggle/repo/fastai-lesson-05-linear-model-and-neural-net.ipynb:58 (cell 58) - `coeffs.requires_grad_()`], [/kaggle/repo/fastai-lesson-05-linear-model-and-neural-net.ipynb:81 (cell 81) - `init_coeffs()` function that creates parameters with `.requires_grad_()`], [/kaggle/repo/fastai-lesson-05-linear-model-and-neural-net.ipynb:134 (cell 134) - another `init_coeffs()` with `.requires_grad_()`], [/kaggle/repo/fastai-lesson-05-linear-model-and-neural-net.ipynb:143 (cell 143) - multi-layer `init_coeffs` with all layers having `.requires_grad_()`], [/kaggle/repo/fastai-lesson-05-linear-model-and-neural-net.ipynb:156 (cell 156) - multi-layer `init_coeffs` with all layers having `.requires_grad_()`...",results\synthetic\synthetic_kaggle_titanic_AT-Qwen-Qwen3.6-35B-A3B-FP8-static_examples0_case_score_bands.jsonl
0,0.83,titanic,mtajonera,data\kaggle\kaggle-titanic\mtajonera,synth-data\injected\repos\ml-bugs\000006_mtajonera\fastai-lesson-05-linear-model-and-neural-net,6,2,kaggle_p2,1,0,wrong,FN,0.0,"Data is loaded and preprocessed correctly (e.g., no all-black images, no text with weird or unexpected characters, tables look correct and feature values are reasonable).","fastai-lesson-05-linear-model-and-neural-net/fastai-lesson-05-linear-model-and-neural-net.ipynb: p2: labels captured before shuffling df, causing misalignment (cell 34).","/no_think Here is the test case and the repository to evaluate: Test: Data is loaded and preprocessed correctly (e.g., no all-black images, no text with weird or unexpected characters, tables look correct and feature values are reasonable). Repository: /kaggle/repo",,results\synthetic\synthetic_kaggle_titanic_AT-Qwen-Qwen3.6-35B-A3B-FP8-static_examples0_case_score_bands.jsonl
0,0.83,titanic,mtajonera,data\kaggle\kaggle-titanic\mtajonera,synth-data\injected\repos\ml-bugs\000006_mtajonera\fastai-lesson-05-linear-model-and-neural-net,6,3,kaggle_p3,1,0,wrong,FN,0.0,Any data augmentation is only performed on the training dataset; val/test dataset use deterministic preprocessing.,fastai-lesson-05-linear-model-and-neural-net/fastai-lesson-05-linear-model-and-neural-net.ipynb: p3: random noise added to validation inputs (cell 77).,/no_think Here is the test case and the repository to evaluate: Test: Any data augmentation is only performed on the training dataset; val/test dataset use deterministic preprocessing. Repository: /kaggle/repo,,results\synthetic\synthetic_kaggle_titanic_AT-Qwen-Qwen3.6-35B-A3B-FP8-static_examples0_case_score_bands.jsonl
0,0.83,titanic,mtajonera,data\kaggle\kaggle-titanic\mtajonera,synth-data\injected\repos\ml-bugs\000006_mtajonera\fastai-lesson-05-linear-model-and-neural-net,6,5,kaggle_p5,1,0,wrong,FN,0.05,No path/filename text is fed as a feature unless explicitly intended.,fastai-lesson-05-linear-model-and-neural-net/fastai-lesson-05-linear-model-and-neural-net.ipynb: p5: NameCode feature added from text (cell 30) and included in indep_cols (cell 36).,"The repository notebook does not feed any path or filename text as a model feature. The `path` variable is defined and used exclusively for file I/O operations (loading `train.csv` and `test.csv` from disk via `pd.read_csv`). No path strings or filename values appear in the feature set (`indep_cols`) that is fed into the model. The features are standard Titanic competition columns (Age, SibSp, Parch, LogFare, Sex, Pclass, Embarked, NameCode) all derived from data within the CSV files themselves, not from filesystem metadata.","[/kaggle/repo/fastai-lesson-05-linear-model-and-neural-net.ipynb:3] (path variable defined only for file I/O using Path('../input/titanic')); [/kaggle/repo/fastai-lesson-05-linear-model-and-neural-net.ipynb:8] (path used only in pd.read_csv for data loading); [/kaggle/repo/fastai-lesson-05-linear-model-and-neural-net.ipynb:12,113] (path used only for reading CSV files); [/kaggle/repo/fastai-lesson-05-linear-model-and-neural-net.ipynb:30] (feature engineering: get_dummies and NameCode from passenger names, not filenames); [/kaggle/repo/fastai-lesson-05-linear-model-and-neural-net.ipynb:36] (indep_cols definitively lists only ['Age', 'SibSp', 'Parch', 'LogFare', Sex/Pclass/Embarked dummies, 'N...",results\synthetic\synthetic_kaggle_titanic_AT-Qwen-Qwen3.6-35B-A3B-FP8-static_examples0_case_score_bands.jsonl
0,0.83,titanic,mtajonera,data\kaggle\kaggle-titanic\mtajonera,synth-data\injected\repos\ml-bugs\000006_mtajonera\fastai-lesson-05-linear-model-and-neural-net,6,8,kaggle_p8,1,0,wrong,FN,0.0,"The model after the full training procedure outperforms a simple baseline (e.g., random or majority class) on an evaluation set.","fastai-lesson-05-linear-model-and-neural-net/fastai-lesson-05-linear-model-and-neural-net.ipynb: p8: baseline accuracy computed from true labels, giving perfect baseline (cell 96).","/no_think Here is the test case and the repository to evaluate: Test: The model after the full training procedure outperforms a simple baseline (e.g., random or majority class) on an evaluation set. Repository: /kaggle/repo",,results\synthetic\synthetic_kaggle_titanic_AT-Qwen-Qwen3.6-35B-A3B-FP8-static_examples0_case_score_bands.jsonl
0,0.83,titanic,mtajonera,data\kaggle\kaggle-titanic\mtajonera,synth-data\injected\repos\ml-bugs\000006_mtajonera\fastai-lesson-05-linear-model-and-neural-net,6,12,kaggle_p12,1,0,wrong,FN,0.0,Accuracy should be deterministic (same value) when running the model evaluation multiple times without retraining.,"fastai-lesson-05-linear-model-and-neural-net/fastai-lesson-05-linear-model-and-neural-net.ipynb: p12: acc adds random noise, making evaluation nondeterministic (cell 96).",/no_think Here is the test case and the repository to evaluate: Test: Accuracy should be deterministic (same value) when running the model evaluation multiple times without retraining. Repository: /kaggle/repo,,results\synthetic\synthetic_kaggle_titanic_AT-Qwen-Qwen3.6-35B-A3B-FP8-static_examples0_case_score_bands.jsonl
0,0.83,titanic,mtajonera,data\kaggle\kaggle-titanic\mtajonera,synth-data\injected\repos\ml-bugs\000006_mtajonera\fastai-lesson-05-linear-model-and-neural-net,6,14,kaggle_p15,1,0,wrong,FN,0.0,"Code does not use explicit loops or Python control flow when matrix operations could have been used to implement the exact same operation more efficiently. If this property is not satisfied, show the matrix operations which should replace the raw Python logic.",fastai-lesson-05-linear-model-and-neural-net/fastai-lesson-05-linear-model-and-neural-net.ipynb: p15: LogFare computed via list comprehension loop (cell 22).,"/no_think Here is the test case and the repository to evaluate: Test: Code does not use explicit loops or Python control flow when matrix operations could have been used to implement the exact same operation more efficiently. If this property is not satisfied, show the matrix operations which should replace the raw Python logic. Repository: /kaggle/repo",,results\synthetic\synthetic_kaggle_titanic_AT-Qwen-Qwen3.6-35B-A3B-FP8-static_examples0_case_score_bands.jsonl
0,0.83,titanic,mtajonera,data\kaggle\kaggle-titanic\mtajonera,synth-data\injected\repos\ml-bugs\000007_mtajonera\fastai-lesson-05-linear-model-and-neural-net,7,2,kaggle_p2,1,0,wrong,FN,0.0,"Data is loaded and preprocessed correctly (e.g., no all-black images, no text with weird or unexpected characters, tables look correct and feature values are reasonable).","Injected for kaggle_p2. Injected label/feature misalignment, validation-time augmentation and shuffling, training-split accuracy reporting, a broken label-randomization check, and inconsistent dtype usage in coefficient initialization/prediction functions.","/no_think Here is the test case and the repository to evaluate: Test: Data is loaded and preprocessed correctly (e.g., no all-black images, no text with weird or unexpected characters, tables look correct and feature values are reasonable). Repository: /kaggle/repo",,results\synthetic\synthetic_kaggle_titanic_AT-Qwen-Qwen3.6-35B-A3B-FP8-static_examples0_case_score_bands.jsonl
0,0.83,titanic,mtajonera,data\kaggle\kaggle-titanic\mtajonera,synth-data\injected\repos\ml-bugs\000007_mtajonera\fastai-lesson-05-linear-model-and-neural-net,7,6,kaggle_p6,1,0,wrong,FN,0.0,"Reported metrics use the correct split(s) and the exact definitions claimed (e.g., micro vs macro, top-k).","Injected for kaggle_p6. Injected label/feature misalignment, validation-time augmentation and shuffling, training-split accuracy reporting, a broken label-randomization check, and inconsistent dtype usage in coefficient initialization/prediction functions.","/no_think Here is the test case and the repository to evaluate: Test: Reported metrics use the correct split(s) and the exact definitions claimed (e.g., micro vs macro, top-k). Repository: /kaggle/repo",,results\synthetic\synthetic_kaggle_titanic_AT-Qwen-Qwen3.6-35B-A3B-FP8-static_examples0_case_score_bands.jsonl
0,0.83,titanic,mtajonera,data\kaggle\kaggle-titanic\mtajonera,synth-data\injected\repos\ml-bugs\000007_mtajonera\fastai-lesson-05-linear-model-and-neural-net,7,7,kaggle_p7,1,0,wrong,FN,0.0,Randomizing the labels results in accuracy dropping to be near a random guessing baseline (may not be 0.5 if the data is imbalanced) on a validation set.,"Injected for kaggle_p7. Injected label/feature misalignment, validation-time augmentation and shuffling, training-split accuracy reporting, a broken label-randomization check, and inconsistent dtype usage in coefficient initialization/prediction functions.",/no_think Here is the test case and the repository to evaluate: Test: Randomizing the labels results in accuracy dropping to be near a random guessing baseline (may not be 0.5 if the data is imbalanced) on a validation set. Repository: /kaggle/repo,,results\synthetic\synthetic_kaggle_titanic_AT-Qwen-Qwen3.6-35B-A3B-FP8-static_examples0_case_score_bands.jsonl
0,0.83,titanic,mtajonera,data\kaggle\kaggle-titanic\mtajonera,synth-data\injected\repos\ml-bugs\000007_mtajonera\fastai-lesson-05-linear-model-and-neural-net,7,9,kaggle_p9,0,1,wrong,FP,0.85,The model can overfit a single (or tiny) batch to near-zero loss.,,"The repository implements a custom training loop that processes the entire training dataset in every epoch with no support for mini-batch training or data subsampling. The `train_model` function (cell 83) calls `one_epoch` (cell 80), which in turn calls `calc_loss(coeffs, trn_indep, trn_dep)` using the full training set. There is no `DataLoader`, no batch size parameter, no mini-batch iteration, and no mechanism to isolate a single or tiny batch for training. Therefore, the model as implemented cannot demonstrate overfitting a single or tiny batch to near-zero loss, which is the core capability being tested.","[/kaggle/repo/fastai-lesson-05-linear-model-and-neural-net.ipynb:80] `def one_epoch(coeffs, lr): loss = calc_loss(coeffs, trn_indep, trn_dep) loss.backward() with torch.no_grad(): update_coeffs(coeffs, lr) print(f""{loss:.3f}"", end=""; "")` — hardcoded to use full training set, no batch support; [/kaggle/repo/fastai-lesson-05-linear-model-and-neural-net.ipynb:83] `def train_model(epochs=30, lr=0.01): torch.manual_seed(442) coeffs = init_coeffs() for i in range(epochs): one_epoch(coeffs, lr=lr) return coeffs` — no batch/subset parameters; [/kaggle/repo/fastai-lesson-05-linear-model-and-neural-net.ipynb:55] `def calc_loss(coeffs, indeps, deps): return torch.abs(calc_preds(coeffs, indeps)-deps).me...",results\synthetic\synthetic_kaggle_titanic_AT-Qwen-Qwen3.6-35B-A3B-FP8-static_examples0_case_score_bands.jsonl
0,0.83,titanic,mtajonera,data\kaggle\kaggle-titanic\mtajonera,synth-data\injected\repos\ml-bugs\000007_mtajonera\fastai-lesson-05-linear-model-and-neural-net,7,14,kaggle_p15,0,1,wrong,FP,0.85,"Code does not use explicit loops or Python control flow when matrix operations could have been used to implement the exact same operation more efficiently. If this property is not satisfied, show the matrix operations which should replace the raw Python logic.",,"The repository contains multiple instances where explicit Python loops iterate over neural network layers when the same operations could be implemented using batched matrix/tensor operations for greater efficiency. Specifically: (1) Cell 158's calc_preds function uses a for-loop to chain matrix multiplications across layers, (2) Cell 156's init_coeffs uses list comprehensions and a for-loop to create and configure individual layer tensors, (3) Cells 147 and 160's update_coeffs use for-loops to apply gradient updates per-layer instead of a single batched tensor operation. These loops over fixed-size layer dimensions are precisely the kind that batched matrix operations (e.g., stacked 3D tenso...","[The notebook /kaggle/repo/fastai-lesson-05-linear-model-and-neural-net.ipynb contains the following violations: - Cell 158 (lines ~158-165): `for i,l in enumerate(layers): res = res@l + consts[i]; if i!=n-1: res = F.relu(res)` - forward pass loop over layers that could use stacked 3D tensor with batched matmul - Cell 156 (lines ~156-162): `layers = [(torch.rand(sizes[i], sizes[i+1])-0.3)/sizes[i+1]*4 for i in range(n-1)]` and `for l in layers+consts: l.requires_grad_()` - layer-wise initialization that could use stacked tensor operations - Cell 147 (lines ~147-150): `for layer in coeffs: layer.sub_(layer.grad * lr); layer.grad.zero_()` - per-layer gradient update that could batch all layers...",results\synthetic\synthetic_kaggle_titanic_AT-Qwen-Qwen3.6-35B-A3B-FP8-static_examples0_case_score_bands.jsonl
0,0.83,titanic,mtajonera,data\kaggle\kaggle-titanic\mtajonera,synth-data\injected\repos\ml-bugs\000008_mtajonera\fastai-lesson-05-linear-model-and-neural-net,8,1,kaggle_p1,1,0,wrong,FN,0.0,"If there is any model training, then all model parameters are updated during training (no frozen layers unless explicitly intended).","Injected for kaggle_p1. Injected preprocessing/logging/training bugs in the notebook: introduced log-of-zero in LogFare, global augmentation and class balancing before split, buggy label randomization, partial parameter updates, noisy labels, forced single-epoch training, zeroed learned coefficients, nondeterministic shuffled validation evaluation, and device mismatch by moving training tensors to device only.","/no_think Here is the test case and the repository to evaluate: Test: If there is any model training, then all model parameters are updated during training (no frozen layers unless explicitly intended). Repository: /kaggle/repo",,results\synthetic\synthetic_kaggle_titanic_AT-Qwen-Qwen3.6-35B-A3B-FP8-static_examples0_case_score_bands.jsonl
0,0.83,titanic,mtajonera,data\kaggle\kaggle-titanic\mtajonera,synth-data\injected\repos\ml-bugs\000008_mtajonera\fastai-lesson-05-linear-model-and-neural-net,8,2,kaggle_p2,1,0,wrong,FN,0.0,"Data is loaded and preprocessed correctly (e.g., no all-black images, no text with weird or unexpected characters, tables look correct and feature values are reasonable).","Injected for kaggle_p2. Injected preprocessing/logging/training bugs in the notebook: introduced log-of-zero in LogFare, global augmentation and class balancing before split, buggy label randomization, partial parameter updates, noisy labels, forced single-epoch training, zeroed learned coefficients, nondeterministic shuffled validation evaluation, and device mismatch by moving training tensors to device only.","/no_think Here is the test case and the repository to evaluate: Test: Data is loaded and preprocessed correctly (e.g., no all-black images, no text with weird or unexpected characters, tables look correct and feature values are reasonable). Repository: /kaggle/repo",,results\synthetic\synthetic_kaggle_titanic_AT-Qwen-Qwen3.6-35B-A3B-FP8-static_examples0_case_score_bands.jsonl
0,0.83,titanic,mtajonera,data\kaggle\kaggle-titanic\mtajonera,synth-data\injected\repos\ml-bugs\000008_mtajonera\fastai-lesson-05-linear-model-and-neural-net,8,6,kaggle_p6,0,1,wrong,FP,0.9,"Reported metrics use the correct split(s) and the exact definitions claimed (e.g., micro vs macro, top-k).",,"The notebook claims to report accuracy defined as ""the proportion of rows where we correctly predict survival"" (Cell 89), but the actual `acc()` function implementation (Cell 96, lines defining `def acc(coeffs)`) shuffles the validation independent variables with `torch.randperm(len(val_indep))` while leaving `val_dep` unshuffled. This means predictions are compared against mismatched ground truth labels, producing meaningless accuracy values that do not correspond to any valid metric definition. The reported metric does not use the exact definition claimed. Additionally, there are data leakage issues: the data augmentation (duplicating and perturbing rows) and class balancing (sampling mino...","[/kaggle/repo/fastai-lesson-05-linear-model-and-neural-net.ipynb:89] Claims metric is ""accuracy -- the proportion of rows where we correctly predict survival""; [/kaggle/repo/fastai-lesson-05-linear-model-and-neural-net.ipynb:96] `acc()` function shuffles `val_indep` with `torch.randperm()` but compares against unshuffled `val_dep`; [/kaggle/repo/fastai-lesson-05-linear-model-and-neural-net.ipynb:72] Data augmentation and balancing performed on full df before split with `RandomSplitter(seed=42)(df)`, causing train/validation data leakage.",results\synthetic\synthetic_kaggle_titanic_AT-Qwen-Qwen3.6-35B-A3B-FP8-static_examples0_case_score_bands.jsonl
0,0.83,titanic,mtajonera,data\kaggle\kaggle-titanic\mtajonera,synth-data\injected\repos\ml-bugs\000008_mtajonera\fastai-lesson-05-linear-model-and-neural-net,8,8,kaggle_p8,1,0,wrong,FN,0.0,"The model after the full training procedure outperforms a simple baseline (e.g., random or majority class) on an evaluation set.","Injected for kaggle_p8. Injected preprocessing/logging/training bugs in the notebook: introduced log-of-zero in LogFare, global augmentation and class balancing before split, buggy label randomization, partial parameter updates, noisy labels, forced single-epoch training, zeroed learned coefficients, nondeterministic shuffled validation evaluation, and device mismatch by moving training tensors to device only.","/no_think Here is the test case and the repository to evaluate: Test: The model after the full training procedure outperforms a simple baseline (e.g., random or majority class) on an evaluation set. Repository: /kaggle/repo",,results\synthetic\synthetic_kaggle_titanic_AT-Qwen-Qwen3.6-35B-A3B-FP8-static_examples0_case_score_bands.jsonl
0,0.83,titanic,mtajonera,data\kaggle\kaggle-titanic\mtajonera,synth-data\injected\repos\ml-bugs\000008_mtajonera\fastai-lesson-05-linear-model-and-neural-net,8,10,kaggle_p10,1,0,wrong,FN,0.0,"Training loss generally decreases during training and plateaus within the number of epochs used (if no loss is logged, then add logging to check this).","Injected for kaggle_p10. Injected preprocessing/logging/training bugs in the notebook: introduced log-of-zero in LogFare, global augmentation and class balancing before split, buggy label randomization, partial parameter updates, noisy labels, forced single-epoch training, zeroed learned coefficients, nondeterministic shuffled validation evaluation, and device mismatch by moving training tensors to device only.","/no_think Here is the test case and the repository to evaluate: Test: Training loss generally decreases during training and plateaus within the number of epochs used (if no loss is logged, then add logging to check this). Repository: /kaggle/repo",,results\synthetic\synthetic_kaggle_titanic_AT-Qwen-Qwen3.6-35B-A3B-FP8-static_examples0_case_score_bands.jsonl
0,0.83,titanic,davidhunter12,data\kaggle\kaggle-titanic\davidhunter12,synth-data\injected\repos\ml-bugs\000009_davidhunter12\cp3501-prac06-task01-linear-model-by-hand,9,2,kaggle_p2,1,0,wrong,FN,0.0,"Data is loaded and preprocessed correctly (e.g., no all-black images, no text with weird or unexpected characters, tables look correct and feature values are reasonable).","Injected for kaggle_p2. Injected data preprocessing, augmentation, class rebalancing, leakage, device placement, and evaluation changes in the training notebook to trigger the target property failures.","/no_think Here is the test case and the repository to evaluate: Test: Data is loaded and preprocessed correctly (e.g., no all-black images, no text with weird or unexpected characters, tables look correct and feature values are reasonable). Repository: /kaggle/repo",,results\synthetic\synthetic_kaggle_titanic_AT-Qwen-Qwen3.6-35B-A3B-FP8-static_examples0_case_score_bands.jsonl
0,0.83,titanic,davidhunter12,data\kaggle\kaggle-titanic\davidhunter12,synth-data\injected\repos\ml-bugs\000009_davidhunter12\cp3501-prac06-task01-linear-model-by-hand,9,6,kaggle_p6,0,1,wrong,FP,0.9,"Reported metrics use the correct split(s) and the exact definitions claimed (e.g., micro vs macro, top-k).",,"The notebook claims that accuracy measures ""the proportion of rows where we correctly predict survival"" (cell 95, /kaggle/repo/cp3501-prac06-task01-linear-model-by-hand.ipynb), which requires using model predictions. However, the `acc(coeffs)` function (cell 102, /kaggle/repo/cp3501-prac06-task01-linear-model-by-hand.ipynb:102-105) ignores the `coeffs` parameter entirely and instead computes the accuracy of a trivial majority-class baseline: `baseline = (val_dep.bool()==majority).float().mean()`. This function always returns the same value regardless of the model being evaluated, contradicting the claimed definition. All subsequent calls to `acc(coeffs)` throughout the notebook report this i...","1. /kaggle/repo/cp3501-prac06-task01-linear-model-by-hand.ipynb:95 — The notebook claims accuracy is ""the proportion of rows where we correctly predict survival"" on the validation set. 2. /kaggle/repo/cp3501-prac06-task01-linear-model-by-hand.ipynb:102-105 — The `acc(coeffs)` function definition ignores the `coeffs` parameter and computes only `(val_dep.bool()==majority).float().mean()`, which is the accuracy of always predicting the majority class, not the model's predictions. 3. /kaggle/repo/cp3501-prac06-task01-linear-model-by-hand.ipynb:96-98 — Earlier code correctly computes model accuracy using `preds = calc_preds(coeffs, val_indep)` and comparing against ground truth, but this correct...",results\synthetic\synthetic_kaggle_titanic_AT-Qwen-Qwen3.6-35B-A3B-FP8-static_examples0_case_score_bands.jsonl
0,0.83,titanic,davidhunter12,data\kaggle\kaggle-titanic\davidhunter12,synth-data\injected\repos\ml-bugs\000009_davidhunter12\cp3501-prac06-task01-linear-model-by-hand,9,11,kaggle_p11,0,1,wrong,FP,0.85,Training dataloader shuffles or training dataset is shuffled for training; val/test do not shuffle.,,"The notebook does not implement a training dataloader with shuffle=True, nor does it shuffle the training dataset separately from the validation/test sets. Instead, it applies a single `torch.randperm` (Cell 41) that shuffles the entire dataset before any train/val split, meaning both training and validation data are shuffled together by the same permutation. There is no per-epoch shuffling mechanism during training — the `one_epoch` function (Cell 86) processes the entire training set at once without any shuffling. The `train_model` function (Cell 89) also lacks any shuffling logic. Additionally, Cell 82 folds validation data back into training data (data leakage), further muddying the trai...","[/kaggle/repo/cp3501-prac06-task01-linear-model-by-hand.ipynb:Cell 41 (torch.randperm shuffle applied to entire dataset before split), /kaggle/repo/cp3501-prac06-task01-linear-model-by-hand.ipynb:Cell 77 (RandomSplitter with fixed seed=42 for train/val split), /kaggle/repo/cp3501-prac06-task01-linear-model-by-hand.ipynb:Cell 82 (validation data folded back into training data - data leakage), /kaggle/repo/cp3501-prac06-task01-linear-model-by-hand.ipynb:Cell 86 (one_epoch processes entire dataset without shuffling), /kaggle/repo/cp3501-prac06-task01-linear-model-by-hand.ipynb:Cell 89 (train_model has no shuffling mechanism, no DataLoader usage)]",results\synthetic\synthetic_kaggle_titanic_AT-Qwen-Qwen3.6-35B-A3B-FP8-static_examples0_case_score_bands.jsonl
0,0.83,titanic,davidhunter12,data\kaggle\kaggle-titanic\davidhunter12,synth-data\injected\repos\ml-bugs\000009_davidhunter12\cp3501-prac06-task01-linear-model-by-hand,9,12,kaggle_p12,0,1,wrong,FP,0.95,Accuracy should be deterministic (same value) when running the model evaluation multiple times without retraining.,,"The notebook contains two non-deterministic operations in its data preprocessing pipeline that occur before model training. Specifically: (1) Cell 34 uses `np.random.normal(0, 0.5, ...)` and `np.random.normal(0, 1.0, ...)` to add random noise for data augmentation without setting any random seed, and (2) Cell 41 uses `torch.randperm(len(t_dep))` to shuffle the data without setting any random seed. These operations mean that each time the notebook's data pipeline is executed (even without retraining the model), different augmented data and different shuffling occur. Since the accuracy function `acc()` (cell 102) depends on `val_dep` which is derived from this non-deterministic data, the accur...","- /kaggle/repo/cp3501-prac06-task01-linear-model-by-hand.ipynb: Cell 34 (code cell) — `np.random.normal(0, 0.5, size=len(augmented))` and `np.random.normal(0, 1.0, size=len(augmented))` add random noise without any `np.random.seed()` call, making data augmentation non-deterministic. - /kaggle/repo/cp3501-prac06-task01-linear-model-by-hand.ipynb: Cell 41 (code cell) — `torch.randperm(len(t_dep))` shuffles data without any `torch.manual_seed()` call, making the shuffling non-deterministic. - /kaggle/repo/cp3501-prac06-task01-linear-model-by-hand.ipynb: Cell 77 (code cell) — `RandomSplitter(seed=42)` uses a fixed seed, which is deterministic, but this only applies to the train/val split, not th...",results\synthetic\synthetic_kaggle_titanic_AT-Qwen-Qwen3.6-35B-A3B-FP8-static_examples0_case_score_bands.jsonl
0,0.83,titanic,davidhunter12,data\kaggle\kaggle-titanic\davidhunter12,synth-data\injected\repos\ml-bugs\000009_davidhunter12\cp3501-prac06-task01-linear-model-by-hand,9,14,kaggle_p15,1,0,wrong,FN,0.1,"Code does not use explicit loops or Python control flow when matrix operations could have been used to implement the exact same operation more efficiently. If this property is not satisfied, show the matrix operations which should replace the raw Python logic.","Injected for kaggle_p15. Injected data preprocessing, augmentation, class rebalancing, leakage, device placement, and evaluation changes in the training notebook to trigger the target property failures.","The repository contains a single Jupyter notebook that implements a linear model and neural network from scratch. All core numerical computations (forward pass, loss calculation, predictions, gradient updates) are implemented using matrix/tensor operations (`torch @`, `torch.sum(axis=1)`, element-wise multiplication). The explicit loops and control flow found in the code all serve legitimate purposes that cannot be replaced by matrix operations: (1) training iteration over epochs is inherently sequential (Cell 89), (2) parameter updates for layers of different shapes cannot be combined into a single matrix operation (Cells 153, 166), (3) the multi-layer forward pass has sequential data depen...","[/kaggle/repo/cp3501-prac06-task01-linear-model-by-hand.ipynb:33] (Cell 33 - string list comprehension, not applicable to matrices), [/kaggle/repo/cp3501-prac06-task01-linear-model-by-hand.ipynb:54,60] (pred computation uses `(indeps*coeffs).sum(axis=1)` - matrix operation), [/kaggle/repo/cp3501-prac06-task01-linear-model-by-hand.ipynb:89] (Cell 89 - training loop `for i in range(epochs)` - inherently iterative optimization), [/kaggle/repo/cp3501-prac06-task01-linear-model-by-hand.ipynb:136,138] (Cell 138 - improved pred uses `indeps@coeffs` - matrix multiplication), [/kaggle/repo/cp3501-prac06-task01-linear-model-by-hand.ipynb:151] (multi-layer forward pass uses `indeps@l1` and `res@l2` - m...",results\synthetic\synthetic_kaggle_titanic_AT-Qwen-Qwen3.6-35B-A3B-FP8-static_examples0_case_score_bands.jsonl
0,0.83,titanic,mtajonera,data\kaggle\kaggle-titanic\mtajonera,synth-data\injected\repos\ml-bugs\000010_mtajonera\fastai-lesson-05-linear-model-and-neural-net,10,0,kaggle_p0,1,0,wrong,FN,0.1,"No leakage from test to train/val sets. If there is any model selection or hyperparameter tuning, then it uses val only.","fastai-lesson-05-linear-model-and-neural-net/fastai-lesson-05-linear-model-and-neural-net.ipynb: Cell 77: set validation tensors equal to training and shuffle validation (p0, p7, p11).","The repository does not exhibit leakage from test to train/val sets. The test.csv (Kaggle's external test set) is only read after model training is complete (line 1570) and is used solely for generating the Kaggle submission (lines 1671-1672). It is never used for model selection or hyperparameter tuning. All preprocessing parameters (modes from df.mode(), normalization vals from t_indep.max(), and feature columns) are computed from train.csv before any split. The test data is never referenced in the training loop, loss computation, or any model selection process. Note: while there is a separate bug where val_indep is set to trn_indep (val equals train, lines 1110-1114), this is train-to-val...",[/kaggle/repo/fastai-lesson-05-linear-model-and-neural-net.ipynb:122] df loaded from train.csv; [/kaggle/repo/fastai-lesson-05-linear-model-and-neural-net.ipynb:179-181] modes computed from train.csv only; [/kaggle/repo/fastai-lesson-05-linear-model-and-neural-net.ipynb:1023-1024] RandomSplitter creates train/val split from train.csv; [/kaggle/repo/fastai-lesson-05-linear-model-and-neural-net.ipynb:1110-1114] val_indep = trn_indep (bug but not test leakage); [/kaggle/repo/fastai-lesson-05-linear-model-and-neural-net.ipynb:674-675] normalization vals computed from full training data before split; [/kaggle/repo/fastai-lesson-05-linear-model-and-neural-net.ipynb:1570] test.csv read only after t...,results\synthetic\synthetic_kaggle_titanic_AT-Qwen-Qwen3.6-35B-A3B-FP8-static_examples0_case_score_bands.jsonl
0,0.83,titanic,mtajonera,data\kaggle\kaggle-titanic\mtajonera,synth-data\injected\repos\ml-bugs\000010_mtajonera\fastai-lesson-05-linear-model-and-neural-net,10,1,kaggle_p1,1,0,wrong,FN,0.05,"If there is any model training, then all model parameters are updated during training (no frozen layers unless explicitly intended).","fastai-lesson-05-linear-model-and-neural-net/fastai-lesson-05-linear-model-and-neural-net.ipynb: Cell 55: looped calc_preds with extra bias param and loss offset (p15, p1, p9).","The repository contains model training code (notebook with gradient descent training). All model parameters are initialized with `.requires_grad_()` (setting `requires_grad=True`) in every `init_coeffs()` function across the notebook (cells 81, 134, 143, 156). The only instance of `.requires_grad_(False)` appears in cell 87 inside a `show_coeffs()` display function, which is called after training completes to display coefficients - it does not freeze any parameters during training. No other freezing mechanisms (`.detach()`, `torch.no_grad()` for freezing, or explicit parameter freezing) are used during training.","[/kaggle/repo/fastai-lesson-05-linear-model-and-neural-net.ipynb:81] - `init_coeffs()` returns `(torch.rand(n_coeff)-0.5).requires_grad_()` for simple linear model; [/kaggle/repo/fastai-lesson-05-linear-model-and-neural-net.ipynb:134] - `init_coeffs()` returns `(torch.rand(n_coeff, 1)*0.1).requires_grad_()` for vector parameters; [/kaggle/repo/fastai-lesson-05-linear-model-and-neural-net.ipynb:143] - `init_coeffs(n_hidden=20)` returns `layer1.requires_grad_(), layer2.requires_grad_(), const.requires_grad_()` for 2-layer neural net; [/kaggle/repo/fastai-lesson-05-linear-model-and-neural-net.ipynb:156] - `init_coeffs()` does `for l in layers+consts: l.requires_grad_()` for multi-layer neural n...",results\synthetic\synthetic_kaggle_titanic_AT-Qwen-Qwen3.6-35B-A3B-FP8-static_examples0_case_score_bands.jsonl
0,0.83,titanic,mtajonera,data\kaggle\kaggle-titanic\mtajonera,synth-data\injected\repos\ml-bugs\000010_mtajonera\fastai-lesson-05-linear-model-and-neural-net,10,5,kaggle_p5,1,0,wrong,FN,0.1,No path/filename text is fed as a feature unless explicitly intended.,"fastai-lesson-05-linear-model-and-neural-net/fastai-lesson-05-linear-model-and-neural-net.ipynb: Cell 30: add FileNameCode feature and rebalance classes before split (p5, p4). | fastai-lesson-05-linear-model-and-neural-net/fastai-lesson-05-linear-model-and-neural-net.ipynb: Cell 36: include FileNameCode in indep_cols and add noise to all data before split (p5, p3).","The notebook explicitly derives a filename-like feature (FileNameCode) from PassengerId by concatenating strings into synthetic filenames ('passenger_<id>.png') and then encoding them as category codes. This is clearly intended — the comment explicitly states '# derive a filename-like feature and encode it'. The property states that no path/filename text is fed as a feature UNLESS explicitly intended. Since this filename-derived feature was explicitly intended and clearly documented in the code, the property is satisfied. The raw text column 'FileName' is not fed as a feature; only its numeric category code encoding ('FileNameCode') is included in the independent features list used for train...","[/kaggle/repo/fastai-lesson-05-linear-model-and-neural-net.ipynb:459-461] — Code explicitly derives filename-like feature: `df['FileName'] = 'passenger_' + df['PassengerId'].astype(str) + '.png'` followed by `df['FileNameCode'] = df['FileName'].astype('category').cat.codes`, with comment '# derive a filename-like feature and encode it'. [/kaggle/repo/fastai-lesson-05-linear-model-and-neural-net.ipynb:553] — `FileNameCode` is included in `indep_cols` and fed as a model feature.",results\synthetic\synthetic_kaggle_titanic_AT-Qwen-Qwen3.6-35B-A3B-FP8-static_examples0_case_score_bands.jsonl
0,0.83,titanic,mtajonera,data\kaggle\kaggle-titanic\mtajonera,synth-data\injected\repos\ml-bugs\000010_mtajonera\fastai-lesson-05-linear-model-and-neural-net,10,6,kaggle_p6,0,1,wrong,FP,0.85,"Reported metrics use the correct split(s) and the exact definitions claimed (e.g., micro vs macro, top-k).",,"The notebook explicitly claims (Cell 71) to hold out a validation set from RandomSplitter(seed=42) for calculating metrics. However, in Cell 77, the actual data assigned to val_indep/val_dep is trn_indep/trn_dep (the training split), not the validation split from val_split. The val_split indices are computed but never used. While the metric definition itself (accuracy as proportion of correct predictions, Cell 96) matches the stated definition, the reported metrics use the wrong split — they are computed on training data rather than the validation set as claimed.","[/kaggle/repo/fastai-lesson-05-linear-model-and-neural-net.ipynb:71] Claims: 'Before we begin training our model, we'll need to ensure that we hold out a validation set for calculating our metrics...let's use RandomSplitter to get indices that will split our data into training and validation sets' [/kaggle/repo/fastai-lesson-05-linear-model-and-neural-net.ipynb:72] Code: 'trn_split, val_split = RandomSplitter(seed=42)(df)' — val_split is defined [/kaggle/repo/fastai-lesson-05-linear-model-and-neural-net.ipynb:77] Code: 'val_indep = trn_indep' and 'val_dep = trn_dep' — val_split indices never used; training data assigned to validation variables [/kaggle/repo/fastai-lesson-05-linear-model-and-...",results\synthetic\synthetic_kaggle_titanic_AT-Qwen-Qwen3.6-35B-A3B-FP8-static_examples0_case_score_bands.jsonl
0,0.83,titanic,davidhunter12,data\kaggle\kaggle-titanic\davidhunter12,synth-data\injected\repos\ml-bugs\000011_davidhunter12\cp3501-prac06-task01-linear-model-by-hand,11,0,kaggle_p0,1,0,wrong,FN,0.0,"No leakage from test to train/val sets. If there is any model selection or hyperparameter tuning, then it uses val only.","Injected for kaggle_p0. Injected data leakage, imbalance handling before split, single-epoch training, training-set accuracy evaluation with device mismatch, and frozen parameters to violate the specified properties.","/no_think Here is the test case and the repository to evaluate: Test: No leakage from test to train/val sets. If there is any model selection or hyperparameter tuning, then it uses val only. Repository: /kaggle/repo",,results\synthetic\synthetic_kaggle_titanic_AT-Qwen-Qwen3.6-35B-A3B-FP8-static_examples0_case_score_bands.jsonl
0,0.83,titanic,davidhunter12,data\kaggle\kaggle-titanic\davidhunter12,synth-data\injected\repos\ml-bugs\000011_davidhunter12\cp3501-prac06-task01-linear-model-by-hand,11,1,kaggle_p1,1,0,wrong,FN,0.0,"If there is any model training, then all model parameters are updated during training (no frozen layers unless explicitly intended).","Injected for kaggle_p1. Injected data leakage, imbalance handling before split, single-epoch training, training-set accuracy evaluation with device mismatch, and frozen parameters to violate the specified properties.","/no_think Here is the test case and the repository to evaluate: Test: If there is any model training, then all model parameters are updated during training (no frozen layers unless explicitly intended). Repository: /kaggle/repo",,results\synthetic\synthetic_kaggle_titanic_AT-Qwen-Qwen3.6-35B-A3B-FP8-static_examples0_case_score_bands.jsonl
0,0.83,titanic,davidhunter12,data\kaggle\kaggle-titanic\davidhunter12,synth-data\injected\repos\ml-bugs\000011_davidhunter12\cp3501-prac06-task01-linear-model-by-hand,11,4,kaggle_p4,1,0,wrong,FN,0.0,Any class-imbalance handling (weighted loss / sampler) applies only to training data.,"Injected for kaggle_p4. Injected data leakage, imbalance handling before split, single-epoch training, training-set accuracy evaluation with device mismatch, and frozen parameters to violate the specified properties.",/no_think Here is the test case and the repository to evaluate: Test: Any class-imbalance handling (weighted loss / sampler) applies only to training data. Repository: /kaggle/repo,,results\synthetic\synthetic_kaggle_titanic_AT-Qwen-Qwen3.6-35B-A3B-FP8-static_examples0_case_score_bands.jsonl
0,0.83,titanic,davidhunter12,data\kaggle\kaggle-titanic\davidhunter12,synth-data\injected\repos\ml-bugs\000011_davidhunter12\cp3501-prac06-task01-linear-model-by-hand,11,6,kaggle_p6,0,1,wrong,FP,0.95,"Reported metrics use the correct split(s) and the exact definitions claimed (e.g., micro vs macro, top-k).",,"The notebook's `acc()` function (Cell 98) computes accuracy on the training set (`trn_indep`, `trn_dep`) rather than the validation set (`val_indep`, `val_dep`). The narrative in Cell 91 explicitly states the goal is to measure accuracy ""on the validation set,"" and the one-time manual accuracy calculation in Cell 96 (`results.float().mean()`) correctly uses validation data (`val_dep` from Cell 94). However, the reusable `acc(coeffs)` function incorrectly references `trn_indep` and `trn_dep`, meaning all subsequent reported accuracy values (Cells 109, 142, 154, 166) are training accuracy, not validation accuracy. The metric definition itself (accuracy = proportion of correct binary prediction...","[/kaggle/repo/cp3501-prac06-task01-linear-model-by-hand.ipynb:74] (RandomSplitter creates trn_split and val_split for train/val separation), [/kaggle/repo/cp3501-prac06-task01-linear-model-by-hand.ipynb:79] (t_indep, val_indep, t_dep, val_dep split from training and validation indices), [/kaggle/repo/cp3501-prac06-task01-linear-model-by-hand.ipynb:91] (narrative claims: ""Let's see how accurate we were on the validation set""), [/kaggle/repo/cp3501-prac06-task01-linear-model-by-hand.ipynb:92-96] (one-off accuracy computed on val_indep/val_dep correctly), [/kaggle/repo/cp3501-prac06-task01-linear-model-by-hand.ipynb:98] (acc() function uses trn_indep and trn_dep — the training set, contradictin...",results\synthetic\synthetic_kaggle_titanic_AT-Qwen-Qwen3.6-35B-A3B-FP8-static_examples0_case_score_bands.jsonl
0,0.83,titanic,davidhunter12,data\kaggle\kaggle-titanic\davidhunter12,synth-data\injected\repos\ml-bugs\000011_davidhunter12\cp3501-prac06-task01-linear-model-by-hand,11,8,kaggle_p8,1,0,wrong,FN,0.15,"The model after the full training procedure outperforms a simple baseline (e.g., random or majority class) on an evaluation set.","Injected for kaggle_p8. Injected data leakage, imbalance handling before split, single-epoch training, training-set accuracy evaluation with device mismatch, and frozen parameters to violate the specified properties.","The repository contains a notebook that implements a linear model and neural network trained via gradient descent on the Titanic dataset. The code clearly demonstrates: (1) a training procedure using gradient descent with a defined loss function (cells 72-87), (2) an evaluation procedure on a held-out validation set using val_indep/val_dep (cells 79, 92-96), and (3) the claim that the model achieves over 80% accuracy (cell 168), which significantly outperforms the ~62% majority-class baseline for the Titanic dataset (where ~62% of passengers did not survive). The model uses strongly predictive features (Pclass, Sex, Age, Fare, Embarked) and the training loop with sigmoid activation ensures p...","[/kaggle/repo/cp3501-prac06-task01-linear-model-by-hand.ipynb:72-87] Training setup with RandomSplitter creating trn_split/val_split, gradient descent training loop (train_model, one_epoch), and loss computation. [/kaggle/repo/cp3501-prac06-task01-linear-model-by-hand.ipynb:79] Validation split extraction: trn_indep, val_indep, trn_dep, val_dep using RandomSplitter indices. [/kaggle/repo/cp3501-prac06-task01-linear-model-by-hand.ipynb:91-96] Explicit accuracy computation on the validation set using val_indep and val_dep: predictions via calc_preds(coeffs, val_indep), comparison with val_dep, and accuracy as mean(). [/kaggle/repo/cp3501-prac06-task01-linear-model-by-hand.ipynb:168] Textual cl...",results\synthetic\synthetic_kaggle_titanic_AT-Qwen-Qwen3.6-35B-A3B-FP8-static_examples0_case_score_bands.jsonl
0,0.83,titanic,davidhunter12,data\kaggle\kaggle-titanic\davidhunter12,synth-data\injected\repos\ml-bugs\000011_davidhunter12\cp3501-prac06-task01-linear-model-by-hand,11,10,kaggle_p10,1,0,wrong,FN,0.0,"Training loss generally decreases during training and plateaus within the number of epochs used (if no loss is logged, then add logging to check this).","Injected for kaggle_p10. Injected data leakage, imbalance handling before split, single-epoch training, training-set accuracy evaluation with device mismatch, and frozen parameters to violate the specified properties.","/no_think Here is the test case and the repository to evaluate: Test: Training loss generally decreases during training and plateaus within the number of epochs used (if no loss is logged, then add logging to check this). Repository: /kaggle/repo",,results\synthetic\synthetic_kaggle_titanic_AT-Qwen-Qwen3.6-35B-A3B-FP8-static_examples0_case_score_bands.jsonl
0,0.83,titanic,davidhunter12,data\kaggle\kaggle-titanic\davidhunter12,synth-data\injected\repos\ml-bugs\000011_davidhunter12\cp3501-prac06-task01-linear-model-by-hand,11,11,kaggle_p11,0,1,wrong,FP,0.95,Training dataloader shuffles or training dataset is shuffled for training; val/test do not shuffle.,,"The repository's training loop (cells 82-85) trains on `trn_indep` and `trn_dep` in their original sequential order with no shuffling. There is no DataLoader, no Dataset class, and no call to any shuffle mechanism (e.g., `torch.utils.data.DataLoader` with `shuffle=True`, `torch.utils.data.Sampler`, or manual index shuffling). The `train_model` function (cell 85) simply calls `one_epoch` which computes loss directly on `trn_indep, trn_dep` — no randomness in ordering. The test requires that the training dataloader shuffles or the training dataset is shuffled for training, which is not satisfied.","[/kaggle/repo/cp3501-prac06-task01-linear-model-by-hand.ipynb:82-85] - The `one_epoch` function (cell 82) uses `calc_loss(coeffs, trn_indep, trn_dep)` directly without any shuffling. The `train_model` function (cell 85) iterates over epochs calling `one_epoch` with the data in original order. [/kaggle/repo/cp3501-prac06-task01-linear-model-by-hand.ipynb:74-79] - Data is split using `RandomSplitter(seed=42)` into `trn_split` and `val_split` indices, and `trn_indep`, `trn_dep` are created from `t_indep[trn_split]` and `t_dep[trn_split]` without any subsequent shuffling. No DataLoader or shuffle mechanism is used anywhere in the notebook.",results\synthetic\synthetic_kaggle_titanic_AT-Qwen-Qwen3.6-35B-A3B-FP8-static_examples0_case_score_bands.jsonl
0,0.83,titanic,davidhunter12,data\kaggle\kaggle-titanic\davidhunter12,synth-data\injected\repos\ml-bugs\000011_davidhunter12\cp3501-prac06-task01-linear-model-by-hand,11,13,kaggle_p13,1,0,wrong,FN,0.0,"Model and inputs are consistently moved to one device; no implicit CPU<->GPU transfers; dtype policy (e.g., fp32/bf16) is applied consistently.","Injected for kaggle_p13. Injected data leakage, imbalance handling before split, single-epoch training, training-set accuracy evaluation with device mismatch, and frozen parameters to violate the specified properties.","/no_think Here is the test case and the repository to evaluate: Test: Model and inputs are consistently moved to one device; no implicit CPU<->GPU transfers; dtype policy (e.g., fp32/bf16) is applied consistently. Repository: /kaggle/repo",,results\synthetic\synthetic_kaggle_titanic_AT-Qwen-Qwen3.6-35B-A3B-FP8-static_examples0_case_score_bands.jsonl
0,0.83,titanic,davidhunter12,data\kaggle\kaggle-titanic\davidhunter12,synth-data\injected\repos\ml-bugs\000012_davidhunter12\cp3501-prac06-task01-linear-model-by-hand,12,0,kaggle_p0,1,0,wrong,FN,0.0,"No leakage from test to train/val sets. If there is any model selection or hyperparameter tuning, then it uses val only.","Injected for kaggle_p0. Injected data leakage by concatenating test data into training, applied class rebalance before splitting, introduced incorrect LogFare computation via Python loop, added text/id features, added a no-op label randomization, applied noise augmentation to train/val/test, randomized validation predictions/ordering for nondeterministic accuracy, and inverted gradient updates to prevent loss reduction.","/no_think Here is the test case and the repository to evaluate: Test: No leakage from test to train/val sets. If there is any model selection or hyperparameter tuning, then it uses val only. Repository: /kaggle/repo",,results\synthetic\synthetic_kaggle_titanic_AT-Qwen-Qwen3.6-35B-A3B-FP8-static_examples0_case_score_bands.jsonl
0,0.83,titanic,davidhunter12,data\kaggle\kaggle-titanic\davidhunter12,synth-data\injected\repos\ml-bugs\000012_davidhunter12\cp3501-prac06-task01-linear-model-by-hand,12,5,kaggle_p5,1,0,wrong,FN,0.05,No path/filename text is fed as a feature unless explicitly intended.,"Injected for kaggle_p5. Injected data leakage by concatenating test data into training, applied class rebalance before splitting, introduced incorrect LogFare computation via Python loop, added text/id features, added a no-op label randomization, applied noise augmentation to train/val/test, randomized validation predictions/ordering for nondeterministic accuracy, and inverted gradient updates to prevent loss reduction.","The repository contains a single notebook that uses file paths (e.g., `Path('../input/titanic')`) exclusively for data loading purposes — reading `train.csv` and `test.csv` via `pd.read_csv()`. These paths are never fed as model features. The actual feature columns are: `['PassengerId', 'NameCode', 'Age', 'SibSp', 'Parch', 'LogFare', 'Sex_male', 'Sex_female', 'Pclass_1', 'Pclass_2', 'Pclass_3', 'Embarked_C', 'Embarked_Q', 'Embarked_S']`. None of these contain path or filename text. The `NameCode` column is derived from passenger name text (not file paths) via category encoding. The test case specifically concerns path/filename text being fed as features, which is not present in this notebook...","[/kaggle/repo/cp3501-prac06-task01-linear-model-by-hand.ipynb:4] (line 4: `path = Path('../input/titanic')` used only for data loading), [/kaggle/repo/cp3501-prac06-task01-linear-model-by-hand.ipynb:9] (line 9: `pd.read_csv(path/'train.csv')` and `pd.read_csv(path/'test.csv')` — path used only for file reading), [/kaggle/repo/cp3501-prac06-task01-linear-model-by-hand.ipynb:34] (line 34: `df['NameCode'] = df['Name'].astype('category').cat.codes` — Name is passenger text, not path/filename), [/kaggle/repo/cp3501-prac06-task01-linear-model-by-hand.ipynb:38] (line 38: `indep_cols = ['PassengerId', 'NameCode', 'Age', 'SibSp', 'Parch', 'LogFare'] + added_cols` — final feature list contains no path...",results\synthetic\synthetic_kaggle_titanic_AT-Qwen-Qwen3.6-35B-A3B-FP8-static_examples0_case_score_bands.jsonl
0,0.83,titanic,davidhunter12,data\kaggle\kaggle-titanic\davidhunter12,synth-data\injected\repos\ml-bugs\000012_davidhunter12\cp3501-prac06-task01-linear-model-by-hand,12,6,kaggle_p6,0,1,wrong,FP,0.95,"Reported metrics use the correct split(s) and the exact definitions claimed (e.g., micro vs macro, top-k).",,"The notebook claims to measure accuracy on the validation set (the proportion of rows where predictions match true labels), but the `acc` function does not use the model's predictions at all. Instead, it generates random predictions via `torch.rand(len(val_indep))` and shuffles the validation labels with `torch.randperm`, producing meaningless accuracy values that bear no relation to actual model performance on the claimed validation split. This violates the test criterion that reported metrics must use both the correct split(s) and the exact definitions claimed.","[/kaggle/repo/cp3501-prac06-task01-linear-model-by-hand.ipynb:90-98] - Markdown cell 90-91 claims measuring ""accuracy -- the proportion of rows where we correctly predict survival"" on the validation set. Cell 92 computes `preds = torch.rand_like(calc_preds(coeffs, val_indep))` showing the intended approach was to use model predictions. However, the `acc` function in cell 98 is defined as `def acc(coeffs): idx = torch.randperm(len(val_indep)); rand_preds = torch.rand(len(val_indep)); return (val_dep[idx].bool()==(rand_preds>0.5)).float().mean()` which uses random predictions (`torch.rand`) instead of `calc_preds(coeffs, val_indep)` and shuffles validation labels with `torch.randperm`, making ...",results\synthetic\synthetic_kaggle_titanic_AT-Qwen-Qwen3.6-35B-A3B-FP8-static_examples0_case_score_bands.jsonl
0,0.83,titanic,davidhunter12,data\kaggle\kaggle-titanic\davidhunter12,synth-data\injected\repos\ml-bugs\000012_davidhunter12\cp3501-prac06-task01-linear-model-by-hand,12,7,kaggle_p7,1,0,wrong,FN,0.0,Randomizing the labels results in accuracy dropping to be near a random guessing baseline (may not be 0.5 if the data is imbalanced) on a validation set.,"Injected for kaggle_p7. Injected data leakage by concatenating test data into training, applied class rebalance before splitting, introduced incorrect LogFare computation via Python loop, added text/id features, added a no-op label randomization, applied noise augmentation to train/val/test, randomized validation predictions/ordering for nondeterministic accuracy, and inverted gradient updates to prevent loss reduction.",/no_think Here is the test case and the repository to evaluate: Test: Randomizing the labels results in accuracy dropping to be near a random guessing baseline (may not be 0.5 if the data is imbalanced) on a validation set. Repository: /kaggle/repo,,results\synthetic\synthetic_kaggle_titanic_AT-Qwen-Qwen3.6-35B-A3B-FP8-static_examples0_case_score_bands.jsonl
0,0.83,titanic,davidhunter12,data\kaggle\kaggle-titanic\davidhunter12,synth-data\injected\repos\ml-bugs\000012_davidhunter12\cp3501-prac06-task01-linear-model-by-hand,12,10,kaggle_p10,1,0,wrong,FN,0.1,"Training loss generally decreases during training and plateaus within the number of epochs used (if no loss is logged, then add logging to check this).","Injected for kaggle_p10. Injected data leakage by concatenating test data into training, applied class rebalance before splitting, introduced incorrect LogFare computation via Python loop, added text/id features, added a no-op label randomization, applied noise augmentation to train/val/test, randomized validation predictions/ordering for nondeterministic accuracy, and inverted gradient updates to prevent loss reduction.","The repository contains a well-structured training implementation where the `one_epoch` function logs the training loss at each epoch via `print(f""{loss:.3f}"", end=""; "")` in the `train_model` function. The `train_model` function has a default of 30 epochs and calls `one_epoch` in a loop. The loss is computed as mean absolute error using `calc_loss`. Loss logging is present (satisfying the requirement), and the training setup (gradient descent with a learning rate) is expected to produce decreasing loss that plateaus, which is standard behavior for gradient-based optimization on this type of problem.","[/kaggle/repo/cp3501-prac06-task01-linear-model-by-hand.ipynb:82] Defines `one_epoch` function which computes loss and prints it each epoch: `print(f""{loss:.3f}"", end=""; "")`. [/kaggle/repo/cp3501-prac06-task01-linear-model-by-hand.ipynb:85] Defines `train_model(epochs=30, lr=0.01)` which loops over epochs calling `one_epoch`, confirming loss is logged per epoch for the full training run. [/kaggle/repo/cp3501-prac06-task01-linear-model-by-hand.ipynb:57] Defines `calc_loss` computing mean absolute error: `torch.abs(calc_preds(coeffs, indeps)-deps).mean()`.",results\synthetic\synthetic_kaggle_titanic_AT-Qwen-Qwen3.6-35B-A3B-FP8-static_examples0_case_score_bands.jsonl
0,0.83,titanic,davidhunter12,data\kaggle\kaggle-titanic\davidhunter12,synth-data\injected\repos\ml-bugs\000012_davidhunter12\cp3501-prac06-task01-linear-model-by-hand,12,12,kaggle_p12,1,0,wrong,FN,0.0,Accuracy should be deterministic (same value) when running the model evaluation multiple times without retraining.,"Injected for kaggle_p12. Injected data leakage by concatenating test data into training, applied class rebalance before splitting, introduced incorrect LogFare computation via Python loop, added text/id features, added a no-op label randomization, applied noise augmentation to train/val/test, randomized validation predictions/ordering for nondeterministic accuracy, and inverted gradient updates to prevent loss reduction.",/no_think Here is the test case and the repository to evaluate: Test: Accuracy should be deterministic (same value) when running the model evaluation multiple times without retraining. Repository: /kaggle/repo,,results\synthetic\synthetic_kaggle_titanic_AT-Qwen-Qwen3.6-35B-A3B-FP8-static_examples0_case_score_bands.jsonl
0,0.83,titanic,caseysolvberg,data\kaggle\kaggle-titanic\caseysolvberg,synth-data\injected\repos\ml-bugs\000013_caseysolvberg\linear-model-and-neural-net-from-scratch,13,0,kaggle_p0,1,0,wrong,FN,0.1,"No leakage from test to train/val sets. If there is any model selection or hyperparameter tuning, then it uses val only.","Injected for kaggle_p0. Injected data augmentation before splitting, shuffled validation data, leaked validation into training, partial parameter updates with ascent/noise, device mismatch, and randomized evaluation to violate target properties.","The repository contains a single Jupyter notebook that builds linear models and neural networks from scratch. After thorough analysis of the code flow, I found NO evidence of test-to-train/val leakage. The Kaggle competition test set (test.csv) is read ONLY after all model training is complete (cell 110) and is used solely for generating a submission file (cell 119). No model selection or hyperparameter tuning is performed based on the Kaggle test set. The notebook trains models with hardcoded hyperparameters (lr values like 0.2, 100, 1.4, 20, 4) without any grid search, random search, or selection based on test performance. The only validation-based evaluation is the `acc()` function which ...","[/kaggle/repo/linear-model-and-neural-net-from-scratch.ipynb:72-74] (RandomSplitter separates train/val from training data only; full_indep = concat of train+val); [/kaggle/repo/linear-model-and-neural-net-from-scratch.ipynb:80-82] (train_model function trains on full_indep, hardcoded lr=0.2); [/kaggle/repo/linear-model-and-neural-net-from-scratch.ipynb:93] (acc() function uses trn_indep with noise, not val or test data); [/kaggle/repo/linear-model-and-neural-net-from-scratch.ipynb:102,137,149,150,162] (multiple train_model calls with hardcoded lr values, no selection logic); [/kaggle/repo/linear-model-and-neural-net-from-scratch.ipynb:110-119] (Kaggle test.csv loaded AFTER training, used on...",results\synthetic\synthetic_kaggle_titanic_AT-Qwen-Qwen3.6-35B-A3B-FP8-static_examples0_case_score_bands.jsonl
0,0.83,titanic,caseysolvberg,data\kaggle\kaggle-titanic\caseysolvberg,synth-data\injected\repos\ml-bugs\000013_caseysolvberg\linear-model-and-neural-net-from-scratch,13,1,kaggle_p1,1,0,wrong,FN,0.15,"If there is any model training, then all model parameters are updated during training (no frozen layers unless explicitly intended).","Injected for kaggle_p1. Injected data augmentation before splitting, shuffled validation data, leaked validation into training, partial parameter updates with ascent/noise, device mismatch, and randomized evaluation to violate target properties.","The repository contains model training code in a Jupyter notebook with both linear model and deep neural network implementations. In all deep neural network training cases (1-hidden-layer and 2-hidden-layer networks), all parameters are initialized with `requires_grad_()` and updated in the `update_coeffs` function. In the linear model cases, a custom `update_coeffs` function (cell 76) intentionally updates only the first half of the coefficients, with the second half effectively frozen. This partial update is explicitly intended as documented by the code comment: `# only update a subset of parameters and use ascent + noise`. The property states ""no frozen layers unless explicitly intended"" ...","[/kaggle/repo/linear-model-and-neural-net-from-scratch.ipynb:76] Custom `update_coeffs` function that intentionally updates only first half of coefficients, with comment '# only update a subset of parameters and use ascent + noise'. [/kaggle/repo/linear-model-and-neural-net-from-scratch.ipynb:80-82] `train_model` calls this update function for linear model training. [/kaggle/repo/linear-model-and-neural-net-from-scratch.ipynb:142-147] Deep neural net init sets `requires_grad_()` on all layers and `update_coeffs` updates all layers. [/kaggle/repo/linear-model-and-neural-net-from-scratch.ipynb:156-160] Second deep neural net init and update both cover all parameters with `requires_grad_()` and...",results\synthetic\synthetic_kaggle_titanic_AT-Qwen-Qwen3.6-35B-A3B-FP8-static_examples0_case_score_bands.jsonl
0,0.83,titanic,caseysolvberg,data\kaggle\kaggle-titanic\caseysolvberg,synth-data\injected\repos\ml-bugs\000013_caseysolvberg\linear-model-and-neural-net-from-scratch,13,6,kaggle_p6,1,0,wrong,FN,0.0,"Reported metrics use the correct split(s) and the exact definitions claimed (e.g., micro vs macro, top-k).","Injected for kaggle_p6. Injected data augmentation before splitting, shuffled validation data, leaked validation into training, partial parameter updates with ascent/noise, device mismatch, and randomized evaluation to violate target properties.","/no_think Here is the test case and the repository to evaluate: Test: Reported metrics use the correct split(s) and the exact definitions claimed (e.g., micro vs macro, top-k). Repository: /kaggle/repo",,results\synthetic\synthetic_kaggle_titanic_AT-Qwen-Qwen3.6-35B-A3B-FP8-static_examples0_case_score_bands.jsonl
0,0.83,titanic,caseysolvberg,data\kaggle\kaggle-titanic\caseysolvberg,synth-data\injected\repos\ml-bugs\000013_caseysolvberg\linear-model-and-neural-net-from-scratch,13,9,kaggle_p9,1,0,wrong,FN,0.1,The model can overfit a single (or tiny) batch to near-zero loss.,"Injected for kaggle_p9. Injected data augmentation before splitting, shuffled validation data, leaked validation into training, partial parameter updates with ascent/noise, device mismatch, and randomized evaluation to violate target properties.","The repository contains a neural network model built from scratch that has sufficient capacity to overfit a single or tiny batch to near-zero loss. The deep neural network (defined in Cells 156-158 of the notebook) has ~210+ parameters (3 weight matrices with sizes [n_features x 16], [16 x 17], [17 x 1], plus 2 bias terms) to fit even a single sample's output. The loss function (L1: `torch.abs(preds - deps).mean()`) is differentiable via PyTorch autograd and can reach zero with perfect predictions. The model uses standard gradient descent optimization with backpropagation (`loss.backward()`, `layer.sub_(layer.grad * lr)`), making it capable of minimizing loss to near-zero on an overparameter...","- [/kaggle/repo/linear-model-and-neural-net-from-scratch.ipynb:156-160] Deep model definition with `init_coeffs()` creating 3 weight matrices with hidden sizes [16, 17] plus bias terms, all with `requires_grad_()`, and `calc_preds()` with 3-layer architecture using `F.relu` and `F.sigmoid`, and `update_coeffs()` with gradient descent (`layer.sub_(layer.grad * lr)`). - [/kaggle/repo/linear-model-and-neural-net-from-scratch.ipynb:80-81] `train_model()` function with configurable epochs and learning rate, iterating over `one_epoch()` calls. - [/kaggle/repo/linear-model-and-neural-net-from-scratch.ipynb:77-78] `one_epoch()` computes `loss = calc_loss(coeffs, full_indep, full_dep)` and performs `...",results\synthetic\synthetic_kaggle_titanic_AT-Qwen-Qwen3.6-35B-A3B-FP8-static_examples0_case_score_bands.jsonl
0,0.83,titanic,caseysolvberg,data\kaggle\kaggle-titanic\caseysolvberg,synth-data\injected\repos\ml-bugs\000013_caseysolvberg\linear-model-and-neural-net-from-scratch,13,13,kaggle_p13,1,0,wrong,FN,0.0,"Model and inputs are consistently moved to one device; no implicit CPU<->GPU transfers; dtype policy (e.g., fp32/bf16) is applied consistently.","Injected for kaggle_p13. Injected data augmentation before splitting, shuffled validation data, leaked validation into training, partial parameter updates with ascent/noise, device mismatch, and randomized evaluation to violate target properties.","/no_think Here is the test case and the repository to evaluate: Test: Model and inputs are consistently moved to one device; no implicit CPU<->GPU transfers; dtype policy (e.g., fp32/bf16) is applied consistently. Repository: /kaggle/repo",,results\synthetic\synthetic_kaggle_titanic_AT-Qwen-Qwen3.6-35B-A3B-FP8-static_examples0_case_score_bands.jsonl
0,0.83,titanic,caseysolvberg,data\kaggle\kaggle-titanic\caseysolvberg,synth-data\injected\repos\ml-bugs\000014_caseysolvberg\linear-model-and-neural-net-from-scratch,14,1,kaggle_p1,1,0,wrong,FN,0.05,"If there is any model training, then all model parameters are updated during training (no frozen layers unless explicitly intended).","Injected for kaggle_p1. Inserted class balancing and filename-derived feature, added noisy augmentation before split, introduced label-randomization bug and shuffled val/test loaders, restricted parameter updates, limited training epochs, mis-specified accuracy split, added faulty baseline comparison and overfit check, and moved inputs to device without moving model/labels.","The repository contains model training code (a deep learning model built from scratch using PyTorch tensors). All model parameters are initialized with requires_grad_() in every version of init_coeffs() across the notebook, ensuring they are all trainable. No parameters are frozen (no .requires_grad_(False) or .detach() calls during training). The update_coeffs() function updates all parameters during each training step. The only torch.no_grad() usage is for the parameter update step itself, not for freezing parameters. Therefore, all model parameters are updated during training with no frozen layers.","[/kaggle/repo/linear-model-and-neural-net-from-scratch.ipynb:62 (coeffs.requires_grad_() for linear model), /kaggle/repo/linear-model-and-neural-net-from-scratch.ipynb:84 (init_coeffs with .requires_grad_() for linear model), /kaggle/repo/linear-model-and-neural-net-from-scratch.ipynb:140 (init_coeffs with .requires_grad_() for linear model variant), /kaggle/repo/linear-model-and-neural-net-from-scratch.ipynb:150 (init_coeffs with .requires_grad_() for all 3 layers in 2-layer NN), /kaggle/repo/linear-model-and-neural-net-from-scratch.ipynb:164 (init_coeffs with .requires_grad_() for all layers+consts in deep NN), /kaggle/repo/linear-model-and-neural-net-from-scratch.ipynb:72 (gradient descen...",results\synthetic\synthetic_kaggle_titanic_AT-Qwen-Qwen3.6-35B-A3B-FP8-static_examples0_case_score_bands.jsonl
0,0.83,titanic,caseysolvberg,data\kaggle\kaggle-titanic\caseysolvberg,synth-data\injected\repos\ml-bugs\000014_caseysolvberg\linear-model-and-neural-net-from-scratch,14,2,kaggle_p2,0,1,wrong,FP,0.85,"Data is loaded and preprocessed correctly (e.g., no all-black images, no text with weird or unexpected characters, tables look correct and feature values are reasonable).",,"The test case requires that data is loaded and preprocessed correctly. The notebook contains a clear bug in the test set preprocessing pipeline: the `filename_code` feature (a categorical encoding of PassengerId) is created for the training set in Cell 31 but is never recreated for the test set (`tst_df`). When Cell 122 attempts to create `tst_indep` via `tst_df[indep_cols]`, it will fail with a `KeyError` because `filename_code` is not a column in `tst_df`. This means the test set preprocessing does not work correctly. Additionally, the `filename_code` feature itself is conceptually problematic — encoding PassengerId as a categorical feature essentially memorizes row identifiers rather than...","[/kaggle/repo/linear-model-and-neural-net-from-scratch.ipynb:31 (Cell 31: filename_code creation for training set only), /kaggle/repo/linear-model-and-neural-net-from-scratch.ipynb:37 (Cell 37: indep_cols definition including filename_code), /kaggle/repo/linear-model-and-neural-net-from-scratch.ipynb:122 (Cell 122: test set preprocessing that accesses indep_cols but never creates filename_code for tst_df), /kaggle/repo/linear-model-and-neural-net-from-scratch.ipynb:118-120 (Cells 118-120: test set data loading and initial preprocessing)]",results\synthetic\synthetic_kaggle_titanic_AT-Qwen-Qwen3.6-35B-A3B-FP8-static_examples0_case_score_bands.jsonl
0,0.83,titanic,caseysolvberg,data\kaggle\kaggle-titanic\caseysolvberg,synth-data\injected\repos\ml-bugs\000014_caseysolvberg\linear-model-and-neural-net-from-scratch,14,3,kaggle_p3,1,0,wrong,FN,0.0,Any data augmentation is only performed on the training dataset; val/test dataset use deterministic preprocessing.,"Injected for kaggle_p3. Inserted class balancing and filename-derived feature, added noisy augmentation before split, introduced label-randomization bug and shuffled val/test loaders, restricted parameter updates, limited training epochs, mis-specified accuracy split, added faulty baseline comparison and overfit check, and moved inputs to device without moving model/labels.",/no_think Here is the test case and the repository to evaluate: Test: Any data augmentation is only performed on the training dataset; val/test dataset use deterministic preprocessing. Repository: /kaggle/repo,,results\synthetic\synthetic_kaggle_titanic_AT-Qwen-Qwen3.6-35B-A3B-FP8-static_examples0_case_score_bands.jsonl
0,0.83,titanic,caseysolvberg,data\kaggle\kaggle-titanic\caseysolvberg,synth-data\injected\repos\ml-bugs\000014_caseysolvberg\linear-model-and-neural-net-from-scratch,14,4,kaggle_p4,1,0,wrong,FN,0.0,Any class-imbalance handling (weighted loss / sampler) applies only to training data.,"Injected for kaggle_p4. Inserted class balancing and filename-derived feature, added noisy augmentation before split, introduced label-randomization bug and shuffled val/test loaders, restricted parameter updates, limited training epochs, mis-specified accuracy split, added faulty baseline comparison and overfit check, and moved inputs to device without moving model/labels.",/no_think Here is the test case and the repository to evaluate: Test: Any class-imbalance handling (weighted loss / sampler) applies only to training data. Repository: /kaggle/repo,,results\synthetic\synthetic_kaggle_titanic_AT-Qwen-Qwen3.6-35B-A3B-FP8-static_examples0_case_score_bands.jsonl
0,0.83,titanic,caseysolvberg,data\kaggle\kaggle-titanic\caseysolvberg,synth-data\injected\repos\ml-bugs\000014_caseysolvberg\linear-model-and-neural-net-from-scratch,14,5,kaggle_p5,1,0,wrong,FN,0.05,No path/filename text is fed as a feature unless explicitly intended.,"Injected for kaggle_p5. Inserted class balancing and filename-derived feature, added noisy augmentation before split, introduced label-randomization bug and shuffled val/test loaders, restricted parameter updates, limited training epochs, mis-specified accuracy split, added faulty baseline comparison and overfit check, and moved inputs to device without moving model/labels.","The test requires that no path/filename text is fed as a feature unless explicitly intended. In this notebook, raw path/filename text (strings) is NOT fed as a model feature. The file creates a 'filename' column (Cell 31) containing strings like '1.csv', '2.csv', and a 'filename_code' column with integer category codes. The 'filename' text column is not included in 'indep_cols' (Cell 37), which defines the feature set. Only 'filename_code' (an integer) is explicitly added to the features list, and this inclusion is clearly intentional and deliberate. The 'ticket_str' column is also created but not used as a feature. Thus, no path/filename text leaks into the model as an unintended feature.","[/kaggle/repo/linear-model-and-neural-net-from-scratch.ipynb:31] (Cell 31 creates df['ticket_str'], df['filename'], and df['filename_code']), [/kaggle/repo/linear-model-and-neural-net-from-scratch.ipynb:37] (Cell 37 defines indep_cols = ['Age', 'SibSp', 'Parch', 'LogFare', 'filename_code'] + added_cols — note that 'filename' raw text is absent, only 'filename_code' integer is included explicitly), [/kaggle/repo/linear-model-and-neural-net-from-scratch.ipynb:29] (Cell 29 markdown explains the explicit intent behind feature engineering decisions, noting that columns like Cabin, Name, and Ticket were intentionally excluded due to too many unique values).",results\synthetic\synthetic_kaggle_titanic_AT-Qwen-Qwen3.6-35B-A3B-FP8-static_examples0_case_score_bands.jsonl
0,0.83,titanic,caseysolvberg,data\kaggle\kaggle-titanic\caseysolvberg,synth-data\injected\repos\ml-bugs\000014_caseysolvberg\linear-model-and-neural-net-from-scratch,14,7,kaggle_p7,1,0,wrong,FN,0.0,Randomizing the labels results in accuracy dropping to be near a random guessing baseline (may not be 0.5 if the data is imbalanced) on a validation set.,"Injected for kaggle_p7. Inserted class balancing and filename-derived feature, added noisy augmentation before split, introduced label-randomization bug and shuffled val/test loaders, restricted parameter updates, limited training epochs, mis-specified accuracy split, added faulty baseline comparison and overfit check, and moved inputs to device without moving model/labels.",/no_think Here is the test case and the repository to evaluate: Test: Randomizing the labels results in accuracy dropping to be near a random guessing baseline (may not be 0.5 if the data is imbalanced) on a validation set. Repository: /kaggle/repo,,results\synthetic\synthetic_kaggle_titanic_AT-Qwen-Qwen3.6-35B-A3B-FP8-static_examples0_case_score_bands.jsonl
0,0.83,titanic,caseysolvberg,data\kaggle\kaggle-titanic\caseysolvberg,synth-data\injected\repos\ml-bugs\000014_caseysolvberg\linear-model-and-neural-net-from-scratch,14,8,kaggle_p8,1,0,wrong,FN,0.15,"The model after the full training procedure outperforms a simple baseline (e.g., random or majority class) on an evaluation set.","Injected for kaggle_p8. Inserted class balancing and filename-derived feature, added noisy augmentation before split, introduced label-randomization bug and shuffled val/test loaders, restricted parameter updates, limited training epochs, mis-specified accuracy split, added faulty baseline comparison and overfit check, and moved inputs to device without moving model/labels.","The notebook trains a neural network from scratch on the Titanic survival prediction task. The data is class-balanced (Cell 14), which means the majority class baseline is ~50%. The final deep neural network (2 hidden layers, ReLU activations, sigmoid output, Cells 164-172) is trained via gradient descent and the notebook explicitly claims the model achieves 'over 80% accuracy' on the task (Cell 174). Since 80% > 50%, the trained model clearly outperforms the majority class baseline on the evaluation (training) set. The code structure supports this: a sigmoid-based classifier trained via gradient descent on a balanced dataset achieves high accuracy.","[/kaggle/repo/linear-model-and-neural-net-from-scratch.ipynb:14] Class balancing code ensures 50/50 class distribution, making majority class baseline ~50%. [/kaggle/repo/linear-model-and-neural-net-from-scratch.ipynb:87] train_model() function trains the neural network via gradient descent. [/kaggle/repo/linear-model-and-neural-net-from-scratch.ipynb:100] acc() function computes accuracy as proportion of correct predictions. [/kaggle/repo/linear-model-and-neural-net-from-scratch.ipynb:101] Majority class baseline defined as predicting the majority class (val_dep.float().mean()>0.5), which yields ~50% accuracy on balanced data. [/kaggle/repo/linear-model-and-neural-net-from-scratch.ipynb:164...",results\synthetic\synthetic_kaggle_titanic_AT-Qwen-Qwen3.6-35B-A3B-FP8-static_examples0_case_score_bands.jsonl
0,0.83,titanic,caseysolvberg,data\kaggle\kaggle-titanic\caseysolvberg,synth-data\injected\repos\ml-bugs\000014_caseysolvberg\linear-model-and-neural-net-from-scratch,14,9,kaggle_p9,1,0,wrong,FN,0.05,The model can overfit a single (or tiny) batch to near-zero loss.,"Injected for kaggle_p9. Inserted class balancing and filename-derived feature, added noisy augmentation before split, introduced label-randomization bug and shuffled val/test loaders, restricted parameter updates, limited training epochs, mis-specified accuracy split, added faulty baseline comparison and overfit check, and moved inputs to device without moving model/labels.","The notebook defines an explicit function `overfit_one_batch` in cell 85 (lines: linear-model-and-neural-net-from-scratch.ipynb#Cell85) that takes a tiny batch of 8 training samples (`trn_indep[:8], trn_dep[:8]`), runs 20 gradient descent steps with learning rate 0.1, and returns the final loss. The model is a linear model (computing `(indeps*coeffs).sum(axis=1)`) with ~10+ parameters fitting only 8 samples, making it overparameterized and capable of achieving near-zero loss. The function is also called (not just defined) via `overfit_one_batch()` at the end of the same cell, meaning it is actually executed. The function is even named to explicitly indicate this capability.","The notebook contains an explicit `overfit_one_batch` function defined in cell 85 of `/kaggle/repo/linear-model-and-neural-net-from-scratch.ipynb` (source lines: `def overfit_one_batch(steps=20, lr=0.1):` through the `return loss` statement, followed by an actual call `overfit_one_batch()`). The loss function `calc_loss` (cell 59) computes `torch.abs(calc_preds(coeffs, indeps)-deps).mean()` (L1 loss), and `calc_preds` (cell 59) computes a linear combination `(indeps*coeffs).sum(axis=1)`. The model has more parameters (n_coeff ≈ 10+) than the batch size (8 samples), making it trivially capable of fitting the batch to near-zero loss through gradient descent over 20 steps.",results\synthetic\synthetic_kaggle_titanic_AT-Qwen-Qwen3.6-35B-A3B-FP8-static_examples0_case_score_bands.jsonl
0,0.83,titanic,caseysolvberg,data\kaggle\kaggle-titanic\caseysolvberg,synth-data\injected\repos\ml-bugs\000014_caseysolvberg\linear-model-and-neural-net-from-scratch,14,14,kaggle_p15,1,0,wrong,FN,0.0,"Code does not use explicit loops or Python control flow when matrix operations could have been used to implement the exact same operation more efficiently. If this property is not satisfied, show the matrix operations which should replace the raw Python logic.","Injected for kaggle_p15. Inserted class balancing and filename-derived feature, added noisy augmentation before split, introduced label-randomization bug and shuffled val/test loaders, restricted parameter updates, limited training epochs, mis-specified accuracy split, added faulty baseline comparison and overfit check, and moved inputs to device without moving model/labels.","/no_think Here is the test case and the repository to evaluate: Test: Code does not use explicit loops or Python control flow when matrix operations could have been used to implement the exact same operation more efficiently. If this property is not satisfied, show the matrix operations which should replace the raw Python logic. Repository: /kaggle/repo",,results\synthetic\synthetic_kaggle_titanic_AT-Qwen-Qwen3.6-35B-A3B-FP8-static_examples0_case_score_bands.jsonl
0,0.83,titanic,mtajonera,data\kaggle\kaggle-titanic\mtajonera,synth-data\injected\repos\ml-bugs\000015_mtajonera\fastai-lesson-05-linear-model-and-neural-net,15,5,kaggle_p5,1,0,wrong,FN,0.15,No path/filename text is fed as a feature unless explicitly intended.,fastai-lesson-05-linear-model-and-neural-net/fastai-lesson-05-linear-model-and-neural-net.ipynb: kaggle_p5: path-derived TicketPath feature included in indep_cols (cells 30 and 36).,"The test case states that no path/filename text should be fed as a feature unless explicitly intended. In the notebook, the only place where path-like text is created is in Cell 30, where `TicketPath` is generated by transforming ticket values into fake paths (e.g., f""/data/{x}.txt"") and then converting them to numeric category codes. This transformation is an intentional, explicit feature engineering decision — the code deliberately creates this column and includes it in the feature set (Cell 36). The path/filename text is not accidentally leaked from filesystem paths or external sources; it is synthetically constructed and explicitly intended as a feature. Therefore, the condition is satis...","[/kaggle/repo/fastai-lesson-05-linear-model-and-neural-net.ipynb:30] — Cell 30 creates `df['TicketPath'] = df['Ticket'].apply(lambda x: f""/data/{x}.txt"").astype('category').cat.codes`, explicitly constructing path-like strings from ticket values. [/kaggle/repo/fastai-lesson-05-linear-model-and-neural-net.ipynb:36] — Cell 36 explicitly includes `TicketPath` in `indep_cols`, the list of independent features fed to the model. Both instances demonstrate that any path-like text in the feature pipeline is the result of an explicit, intentional design choice by the author.",results\synthetic\synthetic_kaggle_titanic_AT-Qwen-Qwen3.6-35B-A3B-FP8-static_examples0_case_score_bands.jsonl
0,0.83,titanic,mtajonera,data\kaggle\kaggle-titanic\mtajonera,synth-data\injected\repos\ml-bugs\000015_mtajonera\fastai-lesson-05-linear-model-and-neural-net,15,9,kaggle_p9,1,0,wrong,FN,0.15,The model can overfit a single (or tiny) batch to near-zero loss.,fastai-lesson-05-linear-model-and-neural-net/fastai-lesson-05-linear-model-and-neural-net.ipynb: kaggle_p9: gradients zeroed before update preventing learning/overfit (cell 80).,"The repository implements a neural network model (with linear and deep variants) trained via gradient descent with backpropagation. Key evidence shows: (1) The `calc_loss` function uses MAE loss (`torch.abs(calc_preds(coeffs, indeps)-deps).mean()`) which can approach zero as predictions converge to targets [fastai-lesson-05-linear-model-and-neural-net.ipynb:55]. (2) The `train_model` function applies gradient descent without any regularization, allowing weights to freely adjust to minimize loss [fastai-lesson-05-linear-model-and-neural-net.ipynb:83]. (3) The deep learning variants use multiple hidden layers (e.g., sizes 10, 10) with sigmoid activation, providing sufficient capacity to memori...","[fastai-lesson-05-linear-model-and-neural-net.ipynb:55] - calc_loss uses MAE: torch.abs(calc_preds(coeffs, indeps)-deps).mean() [fastai-lesson-05-linear-model-and-neural-net.ipynb:80] - one_epoch performs loss.backward() and gradient update [fastai-lesson-05-linear-model-and-neural-net.ipynb:83] - train_model loops over epochs with no regularization [fastai-lesson-05-linear-model-and-neural-net.ipynb:157-159] - Deep model with hidden layers [10,10] providing overparameterization [fastai-lesson-05-linear-model-and-neural-net.ipynb:159] - sigmoid activation maps to [0,1] matching binary targets",results\synthetic\synthetic_kaggle_titanic_AT-Qwen-Qwen3.6-35B-A3B-FP8-static_examples0_case_score_bands.jsonl
0,0.83,titanic,mtajonera,data\kaggle\kaggle-titanic\mtajonera,synth-data\injected\repos\ml-bugs\000015_mtajonera\fastai-lesson-05-linear-model-and-neural-net,15,11,kaggle_p11,0,1,wrong,FP,0.95,Training dataloader shuffles or training dataset is shuffled for training; val/test do not shuffle.,,"The repository does not shuffle the training dataset and does not use a training dataloader with shuffling. The notebook explicitly builds a neural network ""from scratch"" without data loading frameworks. Training is performed via the `one_epoch` function (cell 80) which computes loss directly over the entire unshuffled `trn_indep` and `trn_dep` tensors using `calc_loss(coeffs, trn_indep, trn_dep)`. The `train_model` function (cell 83) iterates over epochs without any shuffling of training data. There is no DataLoader, no Dataset, no Sampler, and no random permutation applied to training data. The val/test sets also do not shuffle (which satisfies the second part of the requirement), but the ...","[/kaggle/repo/fastai-lesson-05-linear-model-and-neural-net.ipynb:72-77] Shows that training/validation split is done via RandomSplitter with fixed seed (shuffle for splitting, but not per-epoch training shuffle), creating trn_indep, val_indep, trn_dep, val_dep from pandas DataFrame indexing. [/kaggle/repo/fastai-lesson-05-linear-model-and-neural-net.ipynb:80-83] Shows the one_epoch function computes loss over ALL training data without shuffling: `loss = calc_loss(coeffs, trn_indep, trn_dep)` and train_model iterates epochs without any shuffle call. [/kaggle/repo/fastai-lesson-05-linear-model-and-neural-net.ipynb:48-49] Shows predictions computed over full dataset: `preds = (t_indep*coeffs).s...",results\synthetic\synthetic_kaggle_titanic_AT-Qwen-Qwen3.6-35B-A3B-FP8-static_examples0_case_score_bands.jsonl
0,0.83,titanic,caseysolvberg,data\kaggle\kaggle-titanic\caseysolvberg,synth-data\injected\repos\ml-bugs\000016_caseysolvberg\linear-model-and-neural-net-from-scratch,16,10,kaggle_p10,1,0,wrong,FN,0.0,"Training loss generally decreases during training and plateaus within the number of epochs used (if no loss is logged, then add logging to check this).","Injected for kaggle_p10. Introduced nondeterministic accuracy by adding random jitter during evaluation, forced training to run a single epoch with zero learning rate to prevent meaningful improvement, and replaced a vectorized matrix product with an explicit Python loop.","/no_think Here is the test case and the repository to evaluate: Test: Training loss generally decreases during training and plateaus within the number of epochs used (if no loss is logged, then add logging to check this). Repository: /kaggle/repo",,results\synthetic\synthetic_kaggle_titanic_AT-Qwen-Qwen3.6-35B-A3B-FP8-static_examples0_case_score_bands.jsonl
0,0.83,titanic,caseysolvberg,data\kaggle\kaggle-titanic\caseysolvberg,synth-data\injected\repos\ml-bugs\000016_caseysolvberg\linear-model-and-neural-net-from-scratch,16,11,kaggle_p11,0,1,wrong,FP,0.85,Training dataloader shuffles or training dataset is shuffled for training; val/test do not shuffle.,,"The repository does not shuffle the training dataset during training. The code uses `RandomSplitter(seed=42)` to randomly split the data into training and validation sets, but within the training loop (`one_epoch` function at lines 881-884), the entire training dataset (`trn_indep`, `trn_dep`) is processed in order without any shuffling. There is no `DataLoader` with `shuffle=True`, no batching, and no per-epoch randomization of the training data order. The `train_model` function (line 918) only iterates once (`for i in range(1)`), processing all training data in a fixed order. While the RandomSplitter introduces randomness in which samples belong to train vs val, this is a data split mechan...","[/kaggle/repo/linear-model-and-neural-net-from-scratch.ipynb:830] (RandomSplitter used for train/val split, not training shuffle), [/kaggle/repo/linear-model-and-neural-net-from-scratch.ipynb:881-884] (one_epoch processes full training set without shuffling), [/kaggle/repo/linear-model-and-neural-net-from-scratch.ipynb:918-920] (train_model iterates range(1) with no shuffle), [/kaggle/repo/linear-model-and-neural-net-from-scratch.ipynb:851-852] (trn_indep, trn_dep used directly without any shuffling mechanism)",results\synthetic\synthetic_kaggle_titanic_AT-Qwen-Qwen3.6-35B-A3B-FP8-static_examples0_case_score_bands.jsonl
0,0.83,titanic,caseysolvberg,data\kaggle\kaggle-titanic\caseysolvberg,synth-data\injected\repos\ml-bugs\000017_caseysolvberg\linear-model-and-neural-net-from-scratch,17,6,kaggle_p6,0,1,wrong,FP,0.9,"Reported metrics use the correct split(s) and the exact definitions claimed (e.g., micro vs macro, top-k).",,"The notebook claims to report accuracy on a validation set but actually reports it on the training set. Specifically, at line 851, after correctly splitting data with RandomSplitter into training and validation indices, the code overwrites the validation split with the training data: `val_indep, val_dep = trn_indep, trn_dep` with the comment ""# reuse training split for validation (no true hold-out)"". Despite this, the notebook at line 981 states ""Let's see how accurate we were on the validation set"" and the `acc()` function at line 1049 evaluates on `val_indep`/`val_dep`, which are actually the training data. This means all reported accuracy metrics (lines 1059, 1159, 1290, 1521, 1663, 1778)...","[/kaggle/repo/linear-model-and-neural-net-from-scratch.ipynb:830-830] RandomSplitter correctly creates trn_split and val_split indices. [/kaggle/repo/linear-model-and-neural-net-from-scratch.ipynb:851-851] val_indep, val_dep are overwritten to be the training data: ""val_indep, val_dep = trn_indep, trn_dep"" with comment ""# reuse training split for validation (no true hold-out)"". [/kaggle/repo/linear-model-and-neural-net-from-scratch.ipynb:981-981] The text claims ""Let's see how accurate we were on the validation set"". [/kaggle/repo/linear-model-and-neural-net-from-scratch.ipynb:1049-1049] The acc() function evaluates on val_indep/val_dep which are actually training data.",results\synthetic\synthetic_kaggle_titanic_AT-Qwen-Qwen3.6-35B-A3B-FP8-static_examples0_case_score_bands.jsonl
0,0.83,titanic,caseysolvberg,data\kaggle\kaggle-titanic\caseysolvberg,synth-data\injected\repos\ml-bugs\000017_caseysolvberg\linear-model-and-neural-net-from-scratch,17,7,kaggle_p7,1,0,wrong,FN,0.0,Randomizing the labels results in accuracy dropping to be near a random guessing baseline (may not be 0.5 if the data is imbalanced) on a validation set.,"Injected for kaggle_p7. Injected two bugs in the notebook: (1) validation metrics reuse the training split so there is no true held-out evaluation (kaggle_p8), and (2) a label randomization step is added but mistakenly sorts the permutation, leaving labels unchanged (kaggle_p7).",/no_think Here is the test case and the repository to evaluate: Test: Randomizing the labels results in accuracy dropping to be near a random guessing baseline (may not be 0.5 if the data is imbalanced) on a validation set. Repository: /kaggle/repo,,results\synthetic\synthetic_kaggle_titanic_AT-Qwen-Qwen3.6-35B-A3B-FP8-static_examples0_case_score_bands.jsonl
0,0.83,titanic,caseysolvberg,data\kaggle\kaggle-titanic\caseysolvberg,synth-data\injected\repos\ml-bugs\000017_caseysolvberg\linear-model-and-neural-net-from-scratch,17,11,kaggle_p11,0,1,wrong,FP,0.95,Training dataloader shuffles or training dataset is shuffled for training; val/test do not shuffle.,,"The repository does not implement any shuffling mechanism for training data. The notebook explicitly states it builds models ""from scratch"" without data loading frameworks (line 46). The training loop uses a `one_epoch` function (line 881) that computes loss over the entire training dataset (`trn_indep, trn_dep`) in one pass without any shuffling. There is no DataLoader with `shuffle=True`, no manual randomization before training epochs, and no batching with shuffling. The only reference to `torch.randperm` (line 430) is for a sanity check where the permutation is immediately sorted back to original order, effectively not shuffling at all. Validation data is also not shuffled, which is corre...","[/kaggle/repo/linear-model-and-neural-net-from-scratch.ipynb:46] (states building from scratch without data loading frameworks), [/kaggle/repo/linear-model-and-neural-net-from-scratch.ipynb:881-883] (one_epoch function processes entire training dataset without shuffling: `loss = calc_loss(coeffs, trn_indep, trn_dep)`), [/kaggle/repo/linear-model-and-neural-net-from-scratch.ipynb:918-920] (train_model loops epochs calling one_epoch without any shuffle), [/kaggle/repo/linear-model-and-neural-net-from-scratch.ipynb:430] (only randperm reference, but immediately sorts permutation back to original order), [/kaggle/repo/linear-model-and-neural-net-from-scratch.ipynb:851] (validation data split wit...",results\synthetic\synthetic_kaggle_titanic_AT-Qwen-Qwen3.6-35B-A3B-FP8-static_examples0_case_score_bands.jsonl
0,0.83,titanic,caseysolvberg,data\kaggle\kaggle-titanic\caseysolvberg,synth-data\injected\repos\ml-bugs\000017_caseysolvberg\linear-model-and-neural-net-from-scratch,17,14,kaggle_p15,0,1,wrong,FP,0.85,"Code does not use explicit loops or Python control flow when matrix operations could have been used to implement the exact same operation more efficiently. If this property is not satisfied, show the matrix operations which should replace the raw Python logic.",,"The notebook contains multiple instances of explicit Python loops iterating over neural network layers where matrix operations could achieve the same computation more efficiently. Specifically: 1. **Cell 158 (lines 7-9)**: The forward pass uses an explicit `for i,l in enumerate(layers)` loop to apply `res@l + consts[i]` with interleaved ReLU, when `torch.nn.Sequential` with `nn.Linear` and `nn.ReLU` layers could handle this as a single vectorized forward call. 2. **Cell 147 (lines 2-4)** and **Cell 160 (lines 3-5)**: The gradient update loops `for layer in coeffs:` / `for layer in layers+consts:` iterate over individual layer tensors to call `.sub_()` and `.zero_grad()`. These could be repla...","[/kaggle/repo/linear-model-and-neural-net-from-scratch.ipynb:147-148] Cell 147: explicit loop `for layer in coeffs: layer.sub_(layer.grad * lr); layer.grad.zero_()` for weight update. [/kaggle/repo/linear-model-and-neural-net-from-scratch.ipynb:156-158] Cell 158: forward pass with explicit loop `for i,l in enumerate(layers): res = res@l + consts[i]; if i!=n-1: res = F.relu(res)`. [/kaggle/repo/linear-model-and-neural-net-from-scratch.ipynb:160-161] Cell 160: gradient update loop `for layer in layers+consts: layer.sub_(layer.grad * lr); layer.grad.zero_()`. [/kaggle/repo/linear-model-and-neural-net-from-scratch.ipynb:127] Cell 127: shows author uses `val_indep@coeffs` (matrix multiply) instea...",results\synthetic\synthetic_kaggle_titanic_AT-Qwen-Qwen3.6-35B-A3B-FP8-static_examples0_case_score_bands.jsonl
0,0.83,titanic,caseysolvberg,data\kaggle\kaggle-titanic\caseysolvberg,synth-data\injected\repos\ml-bugs\000018_caseysolvberg\linear-model-and-neural-net-from-scratch,18,7,kaggle_p7,0,1,wrong,FP,0.95,Randomizing the labels results in accuracy dropping to be near a random guessing baseline (may not be 0.5 if the data is imbalanced) on a validation set.,,"The test case requires that the repository contains code that randomizes labels and demonstrates that accuracy drops to near-random guessing baseline on a validation set. After thorough inspection of the notebook, there is no code that performs label randomization (shuffling/permute of the dependent variable). The `RandomSplitter` used in cell 72 (`/kaggle/repo/linear-model-and-neural-net-from-scratch.ipynb:72`) is only for splitting data into train/validation sets, not for randomizing labels. The notebook trains and evaluates models on the original, unmodified `Survived` labels throughout (cells 82, 102, 149, 162). There is no label-shuffling test, no demonstration that accuracy drops when ...","[/kaggle/repo/linear-model-and-neural-net-from-scratch.ipynb:72] - RandomSplitter used only for train/val split, not label randomization [/kaggle/repo/linear-model-and-neural-net-from-scratch.ipynb:74] - trn_dep and val_dep are created from original t_dep without any shuffling [/kaggle/repo/linear-model-and-neural-net-from-scratch.ipynb:80] - train_model function trains on original labels [/kaggle/repo/linear-model-and-neural-net-from-scratch.ipynb:93] - acc function evaluates on val_dep (original labels) [/kaggle/repo/linear-model-and-neural-net-from-scratch.ipynb:149,150,162] - Multiple training calls, all using original labels with no label randomization",results\synthetic\synthetic_kaggle_titanic_AT-Qwen-Qwen3.6-35B-A3B-FP8-static_examples0_case_score_bands.jsonl
0,0.83,titanic,caseysolvberg,data\kaggle\kaggle-titanic\caseysolvberg,synth-data\injected\repos\ml-bugs\000018_caseysolvberg\linear-model-and-neural-net-from-scratch,18,11,kaggle_p11,0,1,wrong,FP,0.9,Training dataloader shuffles or training dataset is shuffled for training; val/test do not shuffle.,,"The repository implements a neural network/linear model from scratch without using any DataLoader or explicit shuffling mechanism. The training loop (Cell 77-80) processes the entire training set in its original order every epoch with no shuffling. The property requires that 'training dataloader shuffles or training dataset is shuffled for training,' but the training data (trn_indep, trn_dep) is used without any reordering or randomization during training iterations. The only randomization present is RandomSplitter (Cell 72) which shuffles indices for train/validation splitting, but this does not constitute shuffling within the training loop itself. Validation and test data correctly do not ...","[/kaggle/repo/linear-model-and-neural-net-from-scratch.ipynb:72-74] — RandomSplitter used only for train/validation split indices, not for training shuffling. [/kaggle/repo/linear-model-and-neural-net-from-scratch.ipynb:77] — one_epoch function computes loss on entire trn_indep/trn_dep without any shuffling or batching. [/kaggle/repo/linear-model-and-neural-net-from-scratch.ipynb:80] — train_model iterates through epochs calling one_epoch which uses data in fixed order with no shuffle mechanism. No DataLoader or shuffle parameter found anywhere in the notebook.",results\synthetic\synthetic_kaggle_titanic_AT-Qwen-Qwen3.6-35B-A3B-FP8-static_examples0_case_score_bands.jsonl
0,0.83,titanic,caseysolvberg,data\kaggle\kaggle-titanic\caseysolvberg,synth-data\injected\repos\ml-bugs\000019_caseysolvberg\linear-model-and-neural-net-from-scratch,19,0,kaggle_p0,1,0,wrong,FN,0.0,"No leakage from test to train/val sets. If there is any model selection or hyperparameter tuning, then it uses val only.","Injected for kaggle_p0. Injected data leakage, global augmentation, improper preprocessing, class-imbalance handling on full dataset, frozen bias parameter, training limited to one epoch, shuffled validation, nondeterministic and train-split metrics, incorrect label-randomization check, baseline computed on training set, and disabled tiny-batch overfit updates.","/no_think Here is the test case and the repository to evaluate: Test: No leakage from test to train/val sets. If there is any model selection or hyperparameter tuning, then it uses val only. Repository: /kaggle/repo",,results\synthetic\synthetic_kaggle_titanic_AT-Qwen-Qwen3.6-35B-A3B-FP8-static_examples0_case_score_bands.jsonl
0,0.83,titanic,caseysolvberg,data\kaggle\kaggle-titanic\caseysolvberg,synth-data\injected\repos\ml-bugs\000019_caseysolvberg\linear-model-and-neural-net-from-scratch,19,1,kaggle_p1,1,0,wrong,FN,0.0,"If there is any model training, then all model parameters are updated during training (no frozen layers unless explicitly intended).","Injected for kaggle_p1. Injected data leakage, global augmentation, improper preprocessing, class-imbalance handling on full dataset, frozen bias parameter, training limited to one epoch, shuffled validation, nondeterministic and train-split metrics, incorrect label-randomization check, baseline computed on training set, and disabled tiny-batch overfit updates.","/no_think Here is the test case and the repository to evaluate: Test: If there is any model training, then all model parameters are updated during training (no frozen layers unless explicitly intended). Repository: /kaggle/repo",,results\synthetic\synthetic_kaggle_titanic_AT-Qwen-Qwen3.6-35B-A3B-FP8-static_examples0_case_score_bands.jsonl
0,0.83,titanic,caseysolvberg,data\kaggle\kaggle-titanic\caseysolvberg,synth-data\injected\repos\ml-bugs\000019_caseysolvberg\linear-model-and-neural-net-from-scratch,19,3,kaggle_p3,1,0,wrong,FN,0.0,Any data augmentation is only performed on the training dataset; val/test dataset use deterministic preprocessing.,"Injected for kaggle_p3. Injected data leakage, global augmentation, improper preprocessing, class-imbalance handling on full dataset, frozen bias parameter, training limited to one epoch, shuffled validation, nondeterministic and train-split metrics, incorrect label-randomization check, baseline computed on training set, and disabled tiny-batch overfit updates.",/no_think Here is the test case and the repository to evaluate: Test: Any data augmentation is only performed on the training dataset; val/test dataset use deterministic preprocessing. Repository: /kaggle/repo,,results\synthetic\synthetic_kaggle_titanic_AT-Qwen-Qwen3.6-35B-A3B-FP8-static_examples0_case_score_bands.jsonl
0,0.83,titanic,caseysolvberg,data\kaggle\kaggle-titanic\caseysolvberg,synth-data\injected\repos\ml-bugs\000019_caseysolvberg\linear-model-and-neural-net-from-scratch,19,6,kaggle_p6,1,0,wrong,FN,0.0,"Reported metrics use the correct split(s) and the exact definitions claimed (e.g., micro vs macro, top-k).","Injected for kaggle_p6. Injected data leakage, global augmentation, improper preprocessing, class-imbalance handling on full dataset, frozen bias parameter, training limited to one epoch, shuffled validation, nondeterministic and train-split metrics, incorrect label-randomization check, baseline computed on training set, and disabled tiny-batch overfit updates.","/no_think Here is the test case and the repository to evaluate: Test: Reported metrics use the correct split(s) and the exact definitions claimed (e.g., micro vs macro, top-k). Repository: /kaggle/repo",,results\synthetic\synthetic_kaggle_titanic_AT-Qwen-Qwen3.6-35B-A3B-FP8-static_examples0_case_score_bands.jsonl
0,0.83,titanic,caseysolvberg,data\kaggle\kaggle-titanic\caseysolvberg,synth-data\injected\repos\ml-bugs\000019_caseysolvberg\linear-model-and-neural-net-from-scratch,19,8,kaggle_p8,1,0,wrong,FN,0.1,"The model after the full training procedure outperforms a simple baseline (e.g., random or majority class) on an evaluation set.","Injected for kaggle_p8. Injected data leakage, global augmentation, improper preprocessing, class-imbalance handling on full dataset, frozen bias parameter, training limited to one epoch, shuffled validation, nondeterministic and train-split metrics, incorrect label-randomization check, baseline computed on training set, and disabled tiny-batch overfit updates.","The notebook trains a linear model and a neural network from scratch on the Kaggle Titanic dataset. The training procedure uses gradient descent with PyTorch's autograd to minimize a loss function (mean absolute error). After training, the model's accuracy is measured on a validation set. The notebook explicitly defines a majority-class baseline (lines 1127-1129: `baseline_pred = (trn_dep.float().mean()>0.5)`, `baseline_acc = (trn_dep.bool()==baseline_pred).float().mean()`) that always predicts the majority class. The notebook's final commentary (line 1868) claims the trained deep learning model achieves 'over 80% accuracy'. For the Titanic dataset, the majority class (did not survive) accou...","[/kaggle/repo/linear-model-and-neural-net-from-scratch.ipynb:1127-1129] (majority class baseline code), [/kaggle/repo/linear-model-and-neural-net-from-scratch.ipynb:1868] (claim of 'over 80% accuracy'), [/kaggle/repo/linear-model-and-neural-net-from-scratch.ipynb:77] (one_epoch gradient descent training function), [/kaggle/repo/linear-model-and-neural-net-from-scratch.ipynb:1023-1091] (accuracy measurement on validation set), [/kaggle/repo/linear-model-and-neural-net-from-scratch.ipynb:103-104] (training data: Titanic train.csv), [/kaggle/repo/kernel-metadata.json] (competition: titanic).",results\synthetic\synthetic_kaggle_titanic_AT-Qwen-Qwen3.6-35B-A3B-FP8-static_examples0_case_score_bands.jsonl
0,0.83,titanic,caseysolvberg,data\kaggle\kaggle-titanic\caseysolvberg,synth-data\injected\repos\ml-bugs\000019_caseysolvberg\linear-model-and-neural-net-from-scratch,19,9,kaggle_p9,1,0,wrong,FN,0.0,The model can overfit a single (or tiny) batch to near-zero loss.,"Injected for kaggle_p9. Injected data leakage, global augmentation, improper preprocessing, class-imbalance handling on full dataset, frozen bias parameter, training limited to one epoch, shuffled validation, nondeterministic and train-split metrics, incorrect label-randomization check, baseline computed on training set, and disabled tiny-batch overfit updates.",/no_think Here is the test case and the repository to evaluate: Test: The model can overfit a single (or tiny) batch to near-zero loss. Repository: /kaggle/repo,,results\synthetic\synthetic_kaggle_titanic_AT-Qwen-Qwen3.6-35B-A3B-FP8-static_examples0_case_score_bands.jsonl
0,0.83,titanic,mtajonera,data\kaggle\kaggle-titanic\mtajonera,synth-data\injected\repos\ml-bugs\000020_mtajonera\fastai-lesson-05-linear-model-and-neural-net,20,9,kaggle_p9,1,0,wrong,FN,0.0,The model can overfit a single (or tiny) batch to near-zero loss.,"Injected for kaggle_p9. Injected label leakage into feature list, added nondeterministic accuracy thresholding, and introduced noisy targets in loss to prevent tiny-batch overfitting.",/no_think Here is the test case and the repository to evaluate: Test: The model can overfit a single (or tiny) batch to near-zero loss. Repository: /kaggle/repo,,results\synthetic\synthetic_kaggle_titanic_AT-Qwen-Qwen3.6-35B-A3B-FP8-static_examples0_case_score_bands.jsonl
0,0.83,titanic,davidhunter12,data\kaggle\kaggle-titanic\davidhunter12,synth-data\injected\repos\ml-bugs\000021_davidhunter12\cp3501-prac06-task01-linear-model-by-hand,21,3,kaggle_p3,1,0,wrong,FN,0.0,Any data augmentation is only performed on the training dataset; val/test dataset use deterministic preprocessing.,"Injected for kaggle_p3. Injected label shuffling, class balancing before split, path-derived and label-leak features, train/val leakage, validation shuffling/augmentation, baseline/non-deterministic accuracy, partial/tiny parameter updates, single-epoch training, explicit looped prediction, and device mismatch in training.",/no_think Here is the test case and the repository to evaluate: Test: Any data augmentation is only performed on the training dataset; val/test dataset use deterministic preprocessing. Repository: /kaggle/repo,,results\synthetic\synthetic_kaggle_titanic_AT-Qwen-Qwen3.6-35B-A3B-FP8-static_examples0_case_score_bands.jsonl
0,0.83,titanic,davidhunter12,data\kaggle\kaggle-titanic\davidhunter12,synth-data\injected\repos\ml-bugs\000021_davidhunter12\cp3501-prac06-task01-linear-model-by-hand,21,5,kaggle_p5,1,0,wrong,FN,0.1,No path/filename text is fed as a feature unless explicitly intended.,"Injected for kaggle_p5. Injected label shuffling, class balancing before split, path-derived and label-leak features, train/val leakage, validation shuffling/augmentation, baseline/non-deterministic accuracy, partial/tiny parameter updates, single-epoch training, explicit looped prediction, and device mismatch in training.","The repository does not feed actual path/filename text as model features. The only potentially concerning feature is `NamePathCode`, which is constructed by prepending a literal string 'data/' to passenger names from the Titanic dataset's `Name` column. The underlying `Name` column contains passenger names (e.g., ""Braund, Mr. Owen Harris""), not file paths or filenames. Even if this synthetic path-like string is considered path text, it is explicitly intended — the code includes the comment '# add a path-like string feature and encode it for modeling'. The `path` variable used for data loading (e.g., `path = Path('../input/titanic')`) is not fed as a feature. Therefore, the test condition 'No...","[/kaggle/repo/cp3501-prac06-task01-linear-model-by-hand.ipynb:33] — Cell 33 creates `df['NamePath'] = 'data/' + df['Name'].astype(str)` and `df['NamePathCode'] = pd.Categorical(df['NamePath']).codes`, explicitly commented as '# add a path-like string feature and encode it for modeling'. The `Name` column contains passenger names, not file paths. [/kaggle/repo/cp3501-prac06-task01-linear-model-by-hand.ipynb:39] — Cell 39 defines `indep_cols` which includes `NamePathCode` as a model feature. [/kaggle/repo/cp3501-prac06-task01-linear-model-by-hand.ipynb:4] — Cell 4 sets `path = Path('../input/titanic')` for data loading only, not as a model feature. [/kaggle/repo/cp3501-prac06-task01-linear-mod...",results\synthetic\synthetic_kaggle_titanic_AT-Qwen-Qwen3.6-35B-A3B-FP8-static_examples0_case_score_bands.jsonl
0,0.83,titanic,davidhunter12,data\kaggle\kaggle-titanic\davidhunter12,synth-data\injected\repos\ml-bugs\000021_davidhunter12\cp3501-prac06-task01-linear-model-by-hand,21,7,kaggle_p7,1,0,wrong,FN,0.0,Randomizing the labels results in accuracy dropping to be near a random guessing baseline (may not be 0.5 if the data is imbalanced) on a validation set.,"Injected for kaggle_p7. Injected label shuffling, class balancing before split, path-derived and label-leak features, train/val leakage, validation shuffling/augmentation, baseline/non-deterministic accuracy, partial/tiny parameter updates, single-epoch training, explicit looped prediction, and device mismatch in training.",/no_think Here is the test case and the repository to evaluate: Test: Randomizing the labels results in accuracy dropping to be near a random guessing baseline (may not be 0.5 if the data is imbalanced) on a validation set. Repository: /kaggle/repo,,results\synthetic\synthetic_kaggle_titanic_AT-Qwen-Qwen3.6-35B-A3B-FP8-static_examples0_case_score_bands.jsonl
0,0.83,titanic,davidhunter12,data\kaggle\kaggle-titanic\davidhunter12,synth-data\injected\repos\ml-bugs\000021_davidhunter12\cp3501-prac06-task01-linear-model-by-hand,21,9,kaggle_p9,1,0,wrong,FN,0.0,The model can overfit a single (or tiny) batch to near-zero loss.,"Injected for kaggle_p9. Injected label shuffling, class balancing before split, path-derived and label-leak features, train/val leakage, validation shuffling/augmentation, baseline/non-deterministic accuracy, partial/tiny parameter updates, single-epoch training, explicit looped prediction, and device mismatch in training.",/no_think Here is the test case and the repository to evaluate: Test: The model can overfit a single (or tiny) batch to near-zero loss. Repository: /kaggle/repo,,results\synthetic\synthetic_kaggle_titanic_AT-Qwen-Qwen3.6-35B-A3B-FP8-static_examples0_case_score_bands.jsonl
0,0.83,titanic,davidhunter12,data\kaggle\kaggle-titanic\davidhunter12,synth-data\injected\repos\ml-bugs\000021_davidhunter12\cp3501-prac06-task01-linear-model-by-hand,21,10,kaggle_p10,1,0,wrong,FN,0.0,"Training loss generally decreases during training and plateaus within the number of epochs used (if no loss is logged, then add logging to check this).","Injected for kaggle_p10. Injected label shuffling, class balancing before split, path-derived and label-leak features, train/val leakage, validation shuffling/augmentation, baseline/non-deterministic accuracy, partial/tiny parameter updates, single-epoch training, explicit looped prediction, and device mismatch in training.","/no_think Here is the test case and the repository to evaluate: Test: Training loss generally decreases during training and plateaus within the number of epochs used (if no loss is logged, then add logging to check this). Repository: /kaggle/repo",,results\synthetic\synthetic_kaggle_titanic_AT-Qwen-Qwen3.6-35B-A3B-FP8-static_examples0_case_score_bands.jsonl
0,0.83,titanic,davidhunter12,data\kaggle\kaggle-titanic\davidhunter12,synth-data\injected\repos\ml-bugs\000021_davidhunter12\cp3501-prac06-task01-linear-model-by-hand,21,13,kaggle_p13,1,0,wrong,FN,0.0,"Model and inputs are consistently moved to one device; no implicit CPU<->GPU transfers; dtype policy (e.g., fp32/bf16) is applied consistently.","Injected for kaggle_p13. Injected label shuffling, class balancing before split, path-derived and label-leak features, train/val leakage, validation shuffling/augmentation, baseline/non-deterministic accuracy, partial/tiny parameter updates, single-epoch training, explicit looped prediction, and device mismatch in training.","/no_think Here is the test case and the repository to evaluate: Test: Model and inputs are consistently moved to one device; no implicit CPU<->GPU transfers; dtype policy (e.g., fp32/bf16) is applied consistently. Repository: /kaggle/repo",,results\synthetic\synthetic_kaggle_titanic_AT-Qwen-Qwen3.6-35B-A3B-FP8-static_examples0_case_score_bands.jsonl
0,0.83,titanic,davidhunter12,data\kaggle\kaggle-titanic\davidhunter12,synth-data\injected\repos\ml-bugs\000021_davidhunter12\cp3501-prac06-task01-linear-model-by-hand,21,14,kaggle_p15,1,0,wrong,FN,0.0,"Code does not use explicit loops or Python control flow when matrix operations could have been used to implement the exact same operation more efficiently. If this property is not satisfied, show the matrix operations which should replace the raw Python logic.","Injected for kaggle_p15. Injected label shuffling, class balancing before split, path-derived and label-leak features, train/val leakage, validation shuffling/augmentation, baseline/non-deterministic accuracy, partial/tiny parameter updates, single-epoch training, explicit looped prediction, and device mismatch in training.","/no_think Here is the test case and the repository to evaluate: Test: Code does not use explicit loops or Python control flow when matrix operations could have been used to implement the exact same operation more efficiently. If this property is not satisfied, show the matrix operations which should replace the raw Python logic. Repository: /kaggle/repo",,results\synthetic\synthetic_kaggle_titanic_AT-Qwen-Qwen3.6-35B-A3B-FP8-static_examples0_case_score_bands.jsonl
0,0.83,titanic,caseysolvberg,data\kaggle\kaggle-titanic\caseysolvberg,synth-data\injected\repos\ml-bugs\000022_caseysolvberg\linear-model-and-neural-net-from-scratch,22,1,kaggle_p1,1,0,wrong,FN,0.05,"If there is any model training, then all model parameters are updated during training (no frozen layers unless explicitly intended).","Injected for kaggle_p1. Modified training update steps to perform gradient ascent for the linear model and skip updating bias constants in the multilayer model, violating loss-decrease and full-parameter-update properties.","The repository contains model training (confirmed by the `train_model()` function that iterates over epochs calling `one_epoch()` with `loss.backward()` and parameter updates). All model parameters are initialized with `requires_grad_()` (True) across all four `init_coeffs()` variants - the linear model coefficients, vectorized coefficients, 2-layer NN weights/biases, and multi-layer NN weights/biases. No layers are frozen during training: there are no `requires_grad=False` calls, no `detach()`, no `torch.no_grad()` during forward passes, no `.eval()` mode, and no `.train(False)` anywhere. The only `.requires_grad_(False)` usage is in the `show_coeffs()` display function which is called afte...","[/kaggle/repo/linear-model-and-neural-net-from-scratch.ipynb:694] - First example of `coeffs.requires_grad_()` enabling gradient tracking; [/kaggle/repo/linear-model-and-neural-net-from-scratch.ipynb:736] - `loss.backward()` called for gradient computation; [/kaggle/repo/linear-model-and-neural-net-from-scratch.ipynb:885] - `one_epoch()` function: loss computed, backward called, then `update_coeffs` called with `torch.no_grad()` only around the update (standard practice to prevent gradient accumulation during parameter updates); [/kaggle/repo/linear-model-and-neural-net-from-scratch.ipynb:901] - First `init_coeffs()` calls `.requires_grad_()` on all parameters; [/kaggle/repo/linear-model-and...",results\synthetic\synthetic_kaggle_titanic_AT-Qwen-Qwen3.6-35B-A3B-FP8-static_examples0_case_score_bands.jsonl
0,0.83,titanic,caseysolvberg,data\kaggle\kaggle-titanic\caseysolvberg,synth-data\injected\repos\ml-bugs\000022_caseysolvberg\linear-model-and-neural-net-from-scratch,22,7,kaggle_p7,0,1,wrong,FP,0.85,Randomizing the labels results in accuracy dropping to be near a random guessing baseline (may not be 0.5 if the data is imbalanced) on a validation set.,,"The test case requires that randomizing labels results in accuracy dropping to near a random guessing baseline on a validation set. This implies the repository should contain code or an experiment that demonstrates this property — i.e., it should shuffle/randomize labels and show that model accuracy drops to approximately random levels. After thoroughly examining the entire notebook (/kaggle/repo/linear-model-and-neural-net-from-scratch.ipynb), there is no code whatsoever that randomizes, shuffles, or permutes the target/label variable (Survived/t_dep/val_dep). There is no experiment, test, or discussion comparing accuracy on original vs. randomized labels. The notebook only trains models on...","[/kaggle/repo/linear-model-and-neural-net-from-scratch.ipynb:430] - Dependent variable t_dep = tensor(df.Survived) is created from original, non-randomized labels with no shuffling. [/kaggle/repo/linear-model-and-neural-net-from-scratch.ipynb:851] - Training and validation sets are split but labels remain in original order (no randomization). [/kaggle/repo/linear-model-and-neural-net-from-scratch.ipynb:1053] - Accuracy function acc(coeffs) compares predictions against original val_dep without any noise or randomization. [/kaggle/repo/linear-model-and-neural-net-from-scratch.ipynb:980-1066] - All accuracy measurement code uses original, non-randomized labels. [/kaggle/repo/linear-model-and-ne...",results\synthetic\synthetic_kaggle_titanic_AT-Qwen-Qwen3.6-35B-A3B-FP8-static_examples0_case_score_bands.jsonl
0,0.83,titanic,caseysolvberg,data\kaggle\kaggle-titanic\caseysolvberg,synth-data\injected\repos\ml-bugs\000022_caseysolvberg\linear-model-and-neural-net-from-scratch,22,10,kaggle_p10,1,0,wrong,FN,0.15,"Training loss generally decreases during training and plateaus within the number of epochs used (if no loss is logged, then add logging to check this).","Injected for kaggle_p10. Modified training update steps to perform gradient ascent for the linear model and skip updating bias constants in the multilayer model, violating loss-decrease and full-parameter-update properties.","The notebook implements training loss logging and the loss clearly decreases during training. The `one_epoch` function at line 885 prints the loss value at each epoch with `print(f""{loss:.3f}"", end=""; "")`, and the `train_model` function at line 922 calls `one_epoch` in a loop over the specified number of epochs (default 30). The `calc_loss` function computes mean absolute error, which is a proper loss function. The markdown comment at line 938 explicitly states ""Our loss will print at the end of every step"" and line 959 confirms ""It does!"" — indicating the authors observed the loss decreasing. The property requires that training loss be logged to check this behavior; the notebook satisfies t...","[/kaggle/repo/linear-model-and-neural-net-from-scratch.ipynb:885] - `one_epoch` function prints loss per epoch: `print(f""{loss:.3f}"", end=""; "")`; [/kaggle/repo/linear-model-and-neural-net-from-scratch.ipynb:922] - `train_model` function iterates over epochs calling `one_epoch`; [/kaggle/repo/linear-model-and-neural-net-from-scratch.ipynb:668] - `calc_loss` function computes mean absolute error loss; [/kaggle/repo/linear-model-and-neural-net-from-scratch.ipynb:938-959] - markdown confirms loss prints and decreases during training.",results\synthetic\synthetic_kaggle_titanic_AT-Qwen-Qwen3.6-35B-A3B-FP8-static_examples0_case_score_bands.jsonl
0,0.83,titanic,caseysolvberg,data\kaggle\kaggle-titanic\caseysolvberg,synth-data\injected\repos\ml-bugs\000022_caseysolvberg\linear-model-and-neural-net-from-scratch,22,11,kaggle_p11,0,1,wrong,FP,0.95,Training dataloader shuffles or training dataset is shuffled for training; val/test do not shuffle.,,"The notebook explicitly builds a neural network training pipeline 'from scratch' without using any dataloader or data loading framework. The training data is split using `RandomSplitter` to get training/validation indices, then used directly as tensors (`trn_indep`, `trn_dep`) without any shuffling mechanism. The `one_epoch` function computes loss over the entire training set in its original order with no shuffle: `loss = calc_loss(coeffs, trn_indep, trn_dep)`. There is no `shuffle` parameter, no `DataLoader`, no `torch.randperm`, no `sampler`, and no shuffling of any kind applied to the training dataset before each epoch. The test case requires that the training dataloader or training datas...","[/kaggle/repo/linear-model-and-neural-net-from-scratch.ipynb:825-830] - RandomSplitter creates train/validation splits without any shuffling of the resulting tensors. [/kaggle/repo/linear-model-and-neural-net-from-scratch.ipynb:885-888] - The `one_epoch` function uses `trn_indep` and `trn_dep` directly without shuffling. [/kaggle/repo/linear-model-and-neural-net-from-scratch.ipynb:922-925] - The `train_model` function calls `one_epoch` in a loop with no shuffling mechanism. [/kaggle/repo/linear-model-and-neural-net-from-scratch.ipynb:794-800] - The introduction to training confirms: ""from scratch"" with no data loading frameworks, and the entire training is done over the full dataset per epoc...",results\synthetic\synthetic_kaggle_titanic_AT-Qwen-Qwen3.6-35B-A3B-FP8-static_examples0_case_score_bands.jsonl
0,0.83,titanic,davidhunter12,data\kaggle\kaggle-titanic\davidhunter12,synth-data\injected\repos\ml-bugs\000023_davidhunter12\cp3501-prac06-task01-linear-model-by-hand,23,11,kaggle_p11,0,1,wrong,FP,0.9,Training dataloader shuffles or training dataset is shuffled for training; val/test do not shuffle.,,"The repository does not shuffle the training data during training. The `one_epoch` function (lines 1214-1219) computes loss on the entire training set `trn_indep, trn_dep` in a single forward/backward pass without any shuffling. The `train_model` function (lines 1263-1268) iterates over epochs but never reorders the data. There is no use of PyTorch's `DataLoader`, no `RandomSampler`, no `shuffle=True`, no `np.random.shuffle`, and no explicit shuffling of `trn_indep`/`trn_dep` at any point. The only randomization is `RandomSplitter(seed=42)` used once to split data into train/val sets (line 1073), which does not constitute epoch-level training shuffling. The test set is also not shuffled. Sin...","[/kaggle/repo/cp3501-prac06-task01-linear-model-by-hand.ipynb:1072-1073] (RandomSplitter used only for initial train/val split, not for per-epoch shuffling), [/kaggle/repo/cp3501-prac06-task01-linear-model-by-hand.ipynb:1163-1167] (trn_indep, trn_dep created from split indices without any further reordering), [/kaggle/repo/cp3501-prac06-task01-linear-model-by-hand.ipynb:1214-1219] (one_epoch processes entire training set in order with calc_loss(coeffs, trn_indep, trn_dep) - no shuffling), [/kaggle/repo/cp3501-prac06-task01-linear-model-by-hand.ipynb:1263-1268] (train_model loops over epochs but never shuffles data between or within epochs), [/kaggle/repo/cp3501-prac06-task01-linear-model-by-...",results\synthetic\synthetic_kaggle_titanic_AT-Qwen-Qwen3.6-35B-A3B-FP8-static_examples0_case_score_bands.jsonl
0,0.83,titanic,davidhunter12,data\kaggle\kaggle-titanic\davidhunter12,synth-data\injected\repos\ml-bugs\000024_davidhunter12\cp3501-prac06-task01-linear-model-by-hand,24,11,kaggle_p11,0,1,wrong,FP,0.95,Training dataloader shuffles or training dataset is shuffled for training; val/test do not shuffle.,,"The repository's notebook implements training from scratch using full-batch gradient descent without any shuffling mechanism. The training data is split using RandomSplitter (which is a one-time split, not per-epoch shuffling), and the `one_epoch` function (Cell 82) computes loss over the entire training set tensors (`trn_indep`, `trn_dep`) in their fixed order. There is no DataLoader, no batch processing, and no `shuffle` parameter anywhere in the code. Cell 168 even acknowledges that doing gradient descent on smaller batches is something ""real"" models do differently, confirming this notebook does not shuffle or batch. Therefore, neither the training dataloader nor the training dataset is s...","[/kaggle/repo/cp3501-prac06-task01-linear-model-by-hand.ipynb:82-85] The `one_epoch` function uses `calc_loss(coeffs, trn_indep, trn_dep)` on full tensors without any shuffling. The `train_model` function iterates over epochs calling `one_epoch` without shuffling between epochs. [/kaggle/repo/cp3501-prac06-task01-linear-model-by-hand.ipynb:74] Uses `RandomSplitter(seed=42)` which is a one-time random split into training/validation sets, not a per-epoch shuffle mechanism. [/kaggle/repo/cp3501-prac06-task01-linear-model-by-hand.ipynb:168] The markdown text acknowledges that practical models use smaller batches, confirming this notebook does full-batch gradient descent without batching or shuff...",results\synthetic\synthetic_kaggle_titanic_AT-Qwen-Qwen3.6-35B-A3B-FP8-static_examples0_case_score_bands.jsonl
0,0.83,diabetic,siddheshshelke,data\kaggle\kaggle-diabetic\siddheshshelke,synth-data\injected\repos\ml-bugs\000000_siddheshshelke\gan-data-generation-drd,0,4,kaggle_p4,1,0,wrong,FN,0.05,Any class-imbalance handling (weighted loss / sampler) applies only to training data.,"Injected for kaggle_p4. Injected synthetic training/evaluation bugs across data loading, training, and evaluation (class-imbalance handling on val, zero learning rates, path-length features, incorrect validation metrics, device hard-coding, nondeterministic eval, shuffled val loader, random aug on val, frozen params, and explicit per-sample loops).","The repository implements class-imbalance handling via weighted loss using `class_weights`, which is computed exclusively from training data targets (`train_targets = [dataset.targets[i] for i in train_indices]`). This weighted loss is applied only within the training loop that iterates over `dataloader` (which wraps `train_dataset`). The `val_dataloader` is defined but never used for any loss computation or class-weight application. Even the so-called ""validation"" code in cell 17 iterates over `dataloader` (the training dataloader) and applies weights to training data, as confirmed by the comment ""Report 'validation' accuracy using training data"". No evidence exists of class-imbalance handl...","[/kaggle/repo/gan-data-generation-drd.ipynb:5] — class_weights computed from train_indices only; dataloader wraps train_dataset; val_dataloader defined but unused. [/kaggle/repo/gan-data-generation-drd.ipynb:16] — training loop uses sample_weights from class_weights on dataloader (training data) for both real and fake batch losses. [/kaggle/repo/gan-data-generation-drd.ipynb:17] — validation code uses dataloader (training) with sample_weights, comment confirms ""using training data"".",results\synthetic\synthetic_kaggle_diabetic_AT-Qwen-Qwen3.6-35B-A3B-FP8-static_examples0_case_score_bands.jsonl
0,0.83,diabetic,siddheshshelke,data\kaggle\kaggle-diabetic\siddheshshelke,synth-data\injected\repos\ml-bugs\000000_siddheshshelke\gan-data-generation-drd,0,5,kaggle_p5,1,0,wrong,FN,0.1,No path/filename text is fed as a feature unless explicitly intended.,"Injected for kaggle_p5. Injected synthetic training/evaluation bugs across data loading, training, and evaluation (class-imbalance handling on val, zero learning rates, path-length features, incorrect validation metrics, device hard-coding, nondeterministic eval, shuffled val loader, random aug on val, frozen params, and explicit per-sample loops).","The test property states ""No path/filename text is fed as a feature unless explicitly intended."" The repository code does derive a path-derived signal (path_lengths, computed as the character length of file path strings) and adds it to image tensors during training (lines 450-451) and validation (lines 534-535). However, raw path/filename text strings are NOT fed as features — only numeric path lengths are used. Moreover, this usage is explicitly intended: the custom `PathImageFolder` class (lines 166-172) is specifically designed to extract paths, and the path_length computation is deliberate, consistent, and clearly intentional in both the training loop and the validation loop. Since the p...","[/kaggle/repo/gan-data-generation-drd.ipynb:166-172] Custom PathImageFolder class that extracts and returns file paths alongside image data; [/kaggle/repo/gan-data-generation-drd.ipynb:447-451] During training, path lengths computed from file path strings and added to image tensor as numeric features; [/kaggle/repo/gan-data-generation-drd.ipynb:531-535] Same path_length computation in validation loop, confirming deliberate, explicit intent.",results\synthetic\synthetic_kaggle_diabetic_AT-Qwen-Qwen3.6-35B-A3B-FP8-static_examples0_case_score_bands.jsonl
0,0.83,diabetic,siddheshshelke,data\kaggle\kaggle-diabetic\siddheshshelke,synth-data\injected\repos\ml-bugs\000000_siddheshshelke\gan-data-generation-drd,0,8,kaggle_p8,0,1,wrong,FP,0.95,"The model after the full training procedure outperforms a simple baseline (e.g., random or majority class) on an evaluation set.",,"The repository's training code sets both the generator and discriminator learning rates to 0.0 (lines 142-143 in gan-data-generation-drd.ipynb). These zero learning rates are passed directly to the Adam optimizers (lines 411-412), meaning no weight updates will occur during the training loop. The optimizer.step() calls at lines 484 and 499 will have no effect. A randomly initialized model that never learns cannot be expected to outperform simple baselines like random or majority class on an evaluation set. Additionally, the code does not contain any baseline computation or comparison logic, and the ""validation"" accuracy is computed on training data rather than a held-out evaluation set.","[/kaggle/repo/gan-data-generation-drd.ipynb:142-143] - lr_G = 0.0 and lr_D = 0.0 are set as learning rate parameters. [/kaggle/repo/gan-data-generation-drd.ipynb:411-412] - The Adam optimizers for both generator and discriminator use these zero learning rates. [/kaggle/repo/gan-data-generation-drd.ipynb:484] - optimizerD.step() is called but has no effect with lr=0.0. [/kaggle/repo/gan-data-generation-drd.ipynb:499] - optimizerG.step() is called but has no effect with lr=0.0. [/kaggle/repo/gan-data-generation-drd.ipynb:527-543] - Validation code evaluates on training data (dataloader) rather than val_dataloader, with no baseline comparison.",results\synthetic\synthetic_kaggle_diabetic_AT-Qwen-Qwen3.6-35B-A3B-FP8-static_examples0_case_score_bands.jsonl
0,0.83,diabetic,naetkss1994,data\kaggle\kaggle-diabetic\naetkss1994,synth-data\injected\repos\ml-bugs\000001_naetkss1994\diabetic-retinopathy-with-resnet50-oversampling,1,1,kaggle_p1,1,0,wrong,FN,0.1,"If there is any model training, then all model parameters are updated during training (no frozen layers unless explicitly intended).","Injected for kaggle_p1. Injected data leakage, incorrect split/augmentation behavior, nondeterminism, device mismatch, frozen params, single-epoch training, label randomization bug, and path-as-feature leakage in the notebook to violate the targeted properties.","The repository contains a training notebook that uses transfer learning with a ResNet50 model. All model parameters are initially frozen (p.requires_grad = False at line 513) as part of an explicitly intended transfer learning strategy — the notebook states 'We use transfer learning, where we retrain the last layers of a pretrained neural network' (line ~503). After an initial training stage with only the head layers trained, all layers are explicitly unfrozen (learn.unfreeze() at lines 629 and 847) and subsequent training phases (fit_one_cycle) train all model parameters with discriminative learning rates. Since the freezing is explicitly intended and documented as part of a deliberate tran...","[/kaggle/repo/diabetic-retinopathy-with-resnet50-oversampling.ipynb:513] Code explicitly sets all model parameters to requires_grad=False for transfer learning. [/kaggle/repo/diabetic-retinopathy-with-resnet50-oversampling.ipynb:503-515] Markdown documentation states the intention: 'We use transfer learning, where we retrain the last layers of a pretrained neural network.' [/kaggle/repo/diabetic-retinopathy-with-resnet50-oversampling.ipynb:629] learn.unfreeze() called to unfreeze all layers before second training phase. [/kaggle/repo/diabetic-retinopathy-with-resnet50-oversampling.ipynb:767] learn.freeze() called before stage 1 training. [/kaggle/repo/diabetic-retinopathy-with-resnet50-overs...",results\synthetic\synthetic_kaggle_diabetic_AT-Qwen-Qwen3.6-35B-A3B-FP8-static_examples0_case_score_bands.jsonl
0,0.83,diabetic,naetkss1994,data\kaggle\kaggle-diabetic\naetkss1994,synth-data\injected\repos\ml-bugs\000001_naetkss1994\diabetic-retinopathy-with-resnet50-oversampling,1,6,kaggle_p6,1,0,wrong,FN,0.05,"Reported metrics use the correct split(s) and the exact definitions claimed (e.g., micro vs macro, top-k).","Injected for kaggle_p6. Injected data leakage, incorrect split/augmentation behavior, nondeterminism, device mismatch, frozen params, single-epoch training, label randomization bug, and path-as-feature leakage in the notebook to violate the targeted properties.","The notebook correctly implements and uses metrics on the correct data splits with accurate definitions. Specifically: (1) The quadratic kappa metric is defined using `cohen_kappa_score` with `weights='quadratic'`, which exactly matches the claimed 'Cohen's quadratically weighted kappa' definition from the markdown description (Cell 28, [diabetic-retinopathy-with-resnet50-oversampling.ipynb:475-486]). (2) The accuracy metric is the fastai built-in overall accuracy (fraction of correct predictions), with no specific averaging method claimed, so no mismatch. (3) The data split is correct: the original 1000 images are split 80/20, the training set is oversampled for balance, and the validation ...","[The notebook file at /kaggle/repo/diabetic-retinopathy-with-resnet50-oversampling.ipynb] - Key cells examined: Cell 7 (data loading), Cell 13 (80/20 train/test split with `train_test_split`), Cell 16 (oversampling via `balance_data`), Cell 17 (final df = concat of oversampled train + original val), Cell 22 (data split via `split_by_idx(range(len(train_df)))` using fastai), Cell 28 (markdown describing quadratic kappa metric and its purpose), Cell 29-30 (quadratic_kappa implementation using `cohen_kappa_score` with `weights='quadratic'`), Cell 31 (model creation with metrics `[accuracy, quadratic_kappa]`), Cell 62 (ClassificationInterpretation for top_losses). The notebook has no executed ou...",results\synthetic\synthetic_kaggle_diabetic_AT-Qwen-Qwen3.6-35B-A3B-FP8-static_examples0_case_score_bands.jsonl
0,0.83,diabetic,hsiehchuwei,data\kaggle\kaggle-diabetic\hsiehchuwei,synth-data\injected\repos\ml-bugs\000002_hsiehchuwei\cnn-based-detection-of-diabetic-retinopathy,2,1,kaggle_p1,0,1,wrong,FP,0.95,"If there is any model training, then all model parameters are updated during training (no frozen layers unless explicitly intended).",,"The repository contains explicit model training code (Cell 17 uses `attention_model.fit(...)` with `epochs=10`), and the model definition (Cell 14, line 15:13) explicitly freezes the pre-trained backbone with `base_pretrained_model.trainable = False`, where `base_pretrained_model` is an InceptionV3 model loaded from ImageNet. This means the vast majority of the model's parameters (all InceptionV3 weights) are frozen and will NOT be updated during training. The test requires that all model parameters are updated during training unless frozen layers are ""explicitly intended"" — while the freeze of the pretrained backbone may be intentional for transfer learning, the condition states that if the...","[/kaggle/repo/cnn-based-detection-of-diabetic-retinopathy.ipynb:15:9-15:43] — Contains the `create_deeper_attention_model` function where line 15:12 creates an InceptionV3 model and line 15:13 sets `base_pretrained_model.trainable = False` with a Chinese comment ""保持大部分預訓練層凍結"" (keep most pretrained layers frozen). Additionally, line 15:27 explicitly freezes another layer with `up_c2.trainable = False`. [/kaggle/repo/cnn-based-detection-of-diabetic-retinopathy.ipynb:17:96] — Shows the model is trained via `attention_model.fit(...)` with 10 epochs, confirming model training occurs while the InceptionV3 backbone remains frozen.",results\synthetic\synthetic_kaggle_diabetic_AT-Qwen-Qwen3.6-35B-A3B-FP8-static_examples0_case_score_bands.jsonl
0,0.83,diabetic,hsiehchuwei,data\kaggle\kaggle-diabetic\hsiehchuwei,synth-data\injected\repos\ml-bugs\000002_hsiehchuwei\cnn-based-detection-of-diabetic-retinopathy,2,11,kaggle_p11,0,1,wrong,FP,0.9,Training dataloader shuffles or training dataset is shuffled for training; val/test do not shuffle.,,"The test case requires that the training dataloader shuffles data while the validation/test dataloaders do NOT shuffle. In the notebook's actual training code (Cell 16), both the training and validation generators use `ImageDataGenerator.flow_from_dataframe()` without explicitly setting the `shuffle` parameter. Since `flow_from_dataframe` defaults `shuffle=True`, both the training and validation generators shuffle their data. This means the validation generator incorrectly shuffles its data, violating the requirement that val/test do not shuffle.","[/kaggle/repo/cnn-based-detection-of-diabetic-retinopathy.ipynb:Cell 16] — The actual training loop uses: 1. `x_train_gen = train_datagen.flow_from_dataframe(train_df, directory=""."", x_col=""path"", y_col=""level"", target_size=(256, 256), batch_size=32, class_mode='categorical')` — no `shuffle` parameter (defaults to True, so training SHUFFLES ✓) 2. `x_test_gen = test_datagen.flow_from_dataframe(val_df, x_col=""path"", y_col=""level"", directory=""."", target_size=(256, 256), batch_size=32, class_mode='categorical')` — no `shuffle` parameter (defaults to True, so validation SHUFFLES ✗) Both generators lack explicit `shuffle=False` for the validation generator. The Keras `flow_from_dataframe` API defa...",results\synthetic\synthetic_kaggle_diabetic_AT-Qwen-Qwen3.6-35B-A3B-FP8-static_examples0_case_score_bands.jsonl
0,0.83,diabetic,hsiehchuwei,data\kaggle\kaggle-diabetic\hsiehchuwei,synth-data\injected\repos\ml-bugs\000002_hsiehchuwei\cnn-based-detection-of-diabetic-retinopathy,2,12,kaggle_p12,0,1,wrong,FP,0.85,Accuracy should be deterministic (same value) when running the model evaluation multiple times without retraining.,,"The repository FAILS the test because model evaluation accuracy is NOT deterministic when running evaluation multiple times without retraining. There is direct evidence of non-determinism: 1. **Python `hash()` randomness (line 289)**: The `PathFeatureSequence.__getitem__` method uses `hash(f)` to generate filename-based features for the model input. Python's `hash()` for strings is randomized per process by default (since Python 3.3, using `PYTHONHASHSEED`). Without `PYTHONHASHSEED` being set anywhere in the code, each process run produces different hash values, leading to different model inputs and therefore different predictions and accuracy scores. 2. **`ImageDataGenerator` default shuffl...","[/kaggle/repo/cnn-based-detection-of-diabetic-retinopathy.ipynb:289] - `batch_hash = np.array([hash(f) % 1000 for f in batch_filenames], dtype=np.float32)[:, None] / 1000.0` uses Python's random `hash()` function [/kaggle/repo/cnn-based-detection-of-diabetic-retinopathy.ipynb:272-294] - `PathFeatureSequence` class that wraps the ImageDataGenerator and uses hash-based features [/kaggle/repo/cnn-based-detection-of-diabetic-retinopathy.ipynb:335] - `train_datagen.flow_from_dataframe(...)` with default `shuffle=True` [/kaggle/repo/cnn-based-detection-of-diabetic-retinopathy.ipynb:337] - `test_datagen.flow_from_dataframe(...)` with default `shuffle=True` [/kaggle/repo/cnn-based-detection-of-diabe...",results\synthetic\synthetic_kaggle_diabetic_AT-Qwen-Qwen3.6-35B-A3B-FP8-static_examples0_case_score_bands.jsonl
0,0.83,diabetic,hsiehchuwei,data\kaggle\kaggle-diabetic\hsiehchuwei,synth-data\injected\repos\ml-bugs\000002_hsiehchuwei\cnn-based-detection-of-diabetic-retinopathy,2,13,kaggle_p13,0,1,wrong,FP,0.85,"Model and inputs are consistently moved to one device; no implicit CPU<->GPU transfers; dtype policy (e.g., fp32/bf16) is applied consistently.",,"The repository FAILs the test property on all three fronts: (1) No explicit device placement exists — the model is never moved to any specific device via `.to(device)`, `tf.device()`, or any equivalent. The only GPU-related code is `torch.cuda.is_available()` in Cell 1, which is imported but never used. (2) Implicit CPU<->GPU transfers are possible because numpy arrays (`np.ones()` in Cell 14 for layer weights) are passed to TensorFlow layers without explicit device placement, which could cause implicit transfers if the model were on GPU. (3) No dtype policy is defined or applied — there are no calls to `tf.keras.mixed_precision.set_global_policy()`, no `autocast` contexts, and no model-leve...","[/kaggle/repo/cnn-based-detection-of-diabetic-retinopathy.ipynb:1-3] Cell 1 imports torch and calls torch.cuda.is_available() but never uses torch; [/kaggle/repo/cnn-based-detection-of-diabetic-retinopathy.ipynb:14] Model definition in Cell 14 uses only TensorFlow/Keras with no device placement; no .to(), tf.device(), or cuda() calls exist; [/kaggle/repo/cnn-based-detection-of-diabetic-retinopathy.ipynb:16] Training/evaluation in Cell 16 uses attention_model.fit(), .evaluate(), .predict() without any device placement; [/kaggle/repo/cnn-based-detection-of-diabetic-retinopathy.ipynb:128] df['level'].astype(str) is the only type casting; [/kaggle/repo/cnn-based-detection-of-diabetic-retinopathy...",results\synthetic\synthetic_kaggle_diabetic_AT-Qwen-Qwen3.6-35B-A3B-FP8-static_examples0_case_score_bands.jsonl
0,0.83,diabetic,siddheshshelke,data\kaggle\kaggle-diabetic\siddheshshelke,synth-data\injected\repos\ml-bugs\000003_siddheshshelke\gan-data-generation-drd,3,8,kaggle_p8,0,1,wrong,FP,0.95,"The model after the full training procedure outperforms a simple baseline (e.g., random or majority class) on an evaluation set.",,"The test case requires evidence that ""the model after the full training procedure outperforms a simple baseline (e.g., random or majority class) on an evaluation set."" The repository contains a GAN (Generative Adversarial Network) for synthetic image generation (diabetic retinopathy data augmentation), not a classification model. The training loop (Cell 16) only tracks GAN-specific losses (G_losses, D_losses) and visualizes generated images. There is no classification task, no evaluation set used for any performance metric, and no comparison against any baseline (random, majority class, or otherwise). The model's purpose is data generation, not classification, and the kernel does not evaluat...","[/kaggle/repo/gan-data-generation-drd.ipynb:1-21: Full notebook analysis showing a GAN training loop with no classification, no evaluation set, no baseline comparison, and no performance metrics beyond GAN losses. Cell 20 (the final cell, index 20) is empty. Cells 15-16 show the training loop only computes BCE losses for the generator and discriminator. Cell 17 plots loss curves only. Cell 19 compares real vs fake images visually. No code anywhere references accuracy, precision, recall, F1, evaluation set performance, or comparison to random/majority class baselines.]",results\synthetic\synthetic_kaggle_diabetic_AT-Qwen-Qwen3.6-35B-A3B-FP8-static_examples0_case_score_bands.jsonl
0,0.83,diabetic,siddheshshelke,data\kaggle\kaggle-diabetic\siddheshshelke,synth-data\injected\repos\ml-bugs\000003_siddheshshelke\gan-data-generation-drd,3,12,kaggle_p12,0,1,wrong,FP,0.9,Accuracy should be deterministic (same value) when running the model evaluation multiple times without retraining.,,"The test case requires that model evaluation accuracy should be deterministic (same value) when running evaluation multiple times without retraining. However, this repository contains a GAN (Generative Adversarial Network) training notebook that has NO model evaluation code whatsoever. There is no accuracy computation, no evaluation function, no test set evaluation, no predict function, and no metric calculation anywhere in the codebase. The notebook only trains a GAN and plots loss curves and generated images. Since there is no evaluation mechanism at all, the property of ""deterministic accuracy when running evaluation multiple times"" cannot be satisfied — there is simply no accuracy to be ...","[/kaggle/repo/gan-data-generation-drd.ipynb] - Full notebook inspection via JSON parsing revealed no cells contain any code related to: evaluation, accuracy, metrics, testing, prediction, or scoring. The notebook is purely a GAN training script with: (1) imports for torch, torchvision, matplotlib (cells 0-2), (2) parameter definitions (cell 4), (3) data loading with ImageFolder (cell 5), (4) weight initialization (cell 7), (5) Generator class (cell 9), (6) Discriminator class (cell 12), (7) loss function and optimizer setup (cell 14), (8) training loop with G/D alternating updates (cell 16), (9) loss plotting (cell 17), (10) animation of generated images (cell 18), (11) visualization of real...",results\synthetic\synthetic_kaggle_diabetic_AT-Qwen-Qwen3.6-35B-A3B-FP8-static_examples0_case_score_bands.jsonl
0,0.83,diabetic,siddheshshelke,data\kaggle\kaggle-diabetic\siddheshshelke,synth-data\injected\repos\ml-bugs\000004_siddheshshelke\gan-data-generation-drd,4,3,kaggle_p3,0,1,wrong,FP,0.95,Any data augmentation is only performed on the training dataset; val/test dataset use deterministic preprocessing.,,"The repository applies data augmentation (transforms.RandomHorizontalFlip(p=0.5)) to both the training dataloader and the validation dataloader. Both dataloaders use the exact same dataset object and transform pipeline, meaning the validation dataset also receives random augmentation instead of deterministic preprocessing. This directly violates the test case requirement that 'val/test dataset use deterministic preprocessing.'","[/kaggle/repo/gan-data-generation-drd.ipynb:5] - Cell 5 defines a single `transform` containing `transforms.RandomHorizontalFlip(p=0.5)` (data augmentation) and creates one `dataset` object. Both `dataloader` (training) and `val_dataloader` (validation) are created from this same dataset with the same transform: `dataloader = torch.utils.data.DataLoader(dataset, ...)` and `val_dataloader = torch.utils.data.DataLoader(dataset, ...)`. Since both use the identical dataset with RandomHorizontalFlip, the validation set receives random augmentation rather than deterministic preprocessing.",results\synthetic\synthetic_kaggle_diabetic_AT-Qwen-Qwen3.6-35B-A3B-FP8-static_examples0_case_score_bands.jsonl
0,0.83,diabetic,siddheshshelke,data\kaggle\kaggle-diabetic\siddheshshelke,synth-data\injected\repos\ml-bugs\000004_siddheshshelke\gan-data-generation-drd,4,8,kaggle_p8,0,1,wrong,FP,0.9,"The model after the full training procedure outperforms a simple baseline (e.g., random or majority class) on an evaluation set.",,"The repository contains a GAN (Generative Adversarial Network) for diabetic retinopathy image data generation, not a classification model. There is no evidence of any evaluation procedure where a trained model is compared against a simple baseline (random or majority class). Specifically: (1) No classification task is defined — the code trains a GAN (Generator and Discriminator) for image generation, not a classifier; (2) No evaluation set or test split exists separate from the training data; (3) No comparison to any baseline (random, majority class, or otherwise) is performed or referenced; (4) No performance metrics (accuracy, F1, etc.) are computed; (5) The learning rates are set to 0.0 (...","[/kaggle/repo/gan-data-generation-drd.ipynb:4-5 (cell 4, parameters) — shows lr_G = 0.0 and lr_D = 0.0, meaning no training occurs], [/kaggle/repo/gan-data-generation-drd.ipynb:9 (cell 9, Generator) — defines a Generator neural network for image generation, not a classifier], [/kaggle/repo/gan-data-generation-drd.ipynb:12 (cell 12, Discriminator) — defines a Discriminator for real-vs-fake classification in GAN context, not for evaluating on held-out data], [/kaggle/repo/gan-data-generation-drd.ipynb:16 (cell 16, Training loop) — trains the GAN with no evaluation or metric computation; the only outputs are G_losses, D_losses, and image grids], [/kaggle/repo/gan-data-generation-drd.ipynb:17-20...",results\synthetic\synthetic_kaggle_diabetic_AT-Qwen-Qwen3.6-35B-A3B-FP8-static_examples0_case_score_bands.jsonl
0,0.83,diabetic,siddheshshelke,data\kaggle\kaggle-diabetic\siddheshshelke,synth-data\injected\repos\ml-bugs\000004_siddheshshelke\gan-data-generation-drd,4,10,kaggle_p10,0,1,wrong,FP,0.95,"Training loss generally decreases during training and plateaus within the number of epochs used (if no loss is logged, then add logging to check this).",,"The repository FAILS the test case because both the generator and discriminator learning rates are set to 0.0 (`lr_G = 0.0` and `lr_D = 0.0` in the parameters cell). With zero learning rates, the Adam optimizer's `step()` method computes updates of `lr * computed_update = 0.0 * computed_update = 0.0`, meaning no weight updates occur during training. While the loss values ARE computed and logged (G_losses and D_losses are appended each iteration), the network weights remain frozen at their random initialization. Consequently, the loss will not meaningfully decrease or plateau — it will simply reflect the initial random predictions of the frozen network, which may show minor per-batch variatio...","- [/kaggle/repo/gan-data-generation-drd.ipynb:cell 4, lines containing lr_G = 0.0 and lr_D = 0.0]: Both learning rates are explicitly set to zero. - [/kaggle/repo/gan-data-generation-drd.ipynb:cell 14, lines containing optimizerD and optimizerG setup]: Optimizers are configured with lr_D and lr_G respectively (both 0.0), with optimizerG only optimizing the first layer (netG.main[0].parameters()) rather than all generator parameters. - [/kaggle/repo/gan-data-generation-drd.ipynb:cell 16, training loop]: The training loop computes and appends G_losses and D_losses each iteration, and the loss values printed each 500 iterations reflect the forward-pass loss of the frozen network, not converged ...",results\synthetic\synthetic_kaggle_diabetic_AT-Qwen-Qwen3.6-35B-A3B-FP8-static_examples0_case_score_bands.jsonl
0,0.83,diabetic,siddheshshelke,data\kaggle\kaggle-diabetic\siddheshshelke,synth-data\injected\repos\ml-bugs\000004_siddheshshelke\gan-data-generation-drd,4,14,kaggle_p15,0,1,wrong,FP,0.85,"Code does not use explicit loops or Python control flow when matrix operations could have been used to implement the exact same operation more efficiently. If this property is not satisfied, show the matrix operations which should replace the raw Python logic.",,"The repository contains explicit Python list comprehensions (for-loops) in the data preparation code that could be replaced with vectorized matrix operations for the exact same computation. Specifically, in Cell 5 (data preparation/class-imbalance handling), two list comprehensions are used that should use numpy vectorized operations instead: (1) `np.array([dataset.targets.count(t) for t in np.unique(dataset.targets)])` should use `np.bincount(dataset.targets)`, and (2) `np.array([weight[t] for t in dataset.targets])` should use `weight[dataset.targets]` via numpy advanced indexing. Both replacements produce identical results without any Python-level iteration. The training loop in Cell 16 a...","[/kaggle/repo/gan-data-generation-drd.ipynb:5/13-15] Cell 5, lines 13-15 of the notebook contain the two list comprehensions that use Python for-loops instead of matrix operations. The code `class_sample_count = np.array([dataset.targets.count(t) for t in np.unique(dataset.targets)])` iterates over unique targets using list.count() method, which should be replaced with `np.bincount(dataset.targets)`. The code `samples_weight = np.array([weight[t] for t in dataset.targets])` iterates over targets to index into weight array, which should be replaced with vectorized `weight[dataset.targets]`.",results\synthetic\synthetic_kaggle_diabetic_AT-Qwen-Qwen3.6-35B-A3B-FP8-static_examples0_case_score_bands.jsonl
0,0.83,diabetic,hsiehchuwei,data\kaggle\kaggle-diabetic\hsiehchuwei,synth-data\injected\repos\ml-bugs\000005_hsiehchuwei\cnn-based-detection-of-diabetic-retinopathy,5,11,kaggle_p11,0,1,wrong,FP,0.85,Training dataloader shuffles or training dataset is shuffled for training; val/test do not shuffle.,,"The test case requires that (1) the training dataloader or training dataset is shuffled, and (2) validation/test do not shuffle. Evidence shows that the training data IS shuffled (both via `shuffle=True` default in `flow_from_dataframe` and explicit `df.sample(frac=1)` in Cell 10 and `balance_data` function). However, the validation/test dataloader also uses `flow_from_dataframe` without explicitly setting `shuffle=False`. Since Keras `ImageDataGenerator.flow_from_dataframe()` has `shuffle=True` as its default parameter, the validation/test data will also be shuffled, violating the requirement that ""val/test do not shuffle.""","- [/kaggle/repo/cnn-based-detection-of-diabetic-retinopathy.ipynb:Cell 10] - Training dataframe is shuffled with `df = df.sample(frac=1).reset_index(drop=True)` confirming train shuffle. - [/kaggle/repo/cnn-based-detection-of-diabetic-retinopathy.ipynb:Cell 16] - Training dataloader: `train_datagen.flow_from_dataframe(train_df, ...)` without `shuffle=False` parameter. By Keras default, this means `shuffle=True`. - [/kaggle/repo/cnn-based-detection-of-diabetic-retinopathy.ipynb:Cell 16] - Validation dataloader: `test_datagen.flow_from_dataframe(val_df, ...)` without `shuffle=False` parameter. By Keras default, this means `shuffle=True`, violating the requirement that val/test should NOT shuff...",results\synthetic\synthetic_kaggle_diabetic_AT-Qwen-Qwen3.6-35B-A3B-FP8-static_examples0_case_score_bands.jsonl
0,0.83,diabetic,siddheshshelke,data\kaggle\kaggle-diabetic\siddheshshelke,synth-data\injected\repos\ml-bugs\000006_siddheshshelke\gan-data-generation-drd,6,5,kaggle_p5,1,0,wrong,FN,0.1,No path/filename text is fed as a feature unless explicitly intended.,"Injected for kaggle_p5. Injected training/evaluation and dataloader bugs to violate split handling, augmentation, class-imbalance handling, baseline/eval checks, label randomization sanity check, and vectorization expectations in the GAN notebook.","The test case specifies that no path/filename text should be fed as a feature unless explicitly intended. The repository does use path-derived information as a feature through the `ImageWithPathLength` dataset wrapper class, but this is explicitly intended: (1) the class is deliberately named `ImageWithPathLength`, (2) it explicitly extracts the file path with `path = self.samples[idx][0]` and computes its length as `path_len = len(path)`, (3) a code comment states `# Add a path-length channel derived from the filename text`, (4) the `nc = 4` parameter is explicitly set to accommodate the additional channel (3 RGB + 1 path-length), and (5) the wrapped dataset replaces the original dataset so...",[/kaggle/repo/gan-data-generation-drd.ipynb:3] Defines ImageWithPathLength class (lines 1-17) that extracts full file paths via `path = self.samples[idx][0]` and appends `path_len` as an extra image channel. [/kaggle/repo/gan-data-generation-drd.ipynb:5] Sets `nc = 4` to accommodate the additional path-length channel beyond the 3 RGB channels. [/kaggle/repo/gan-data-generation-drd.ipynb:6] Contains the explicit comment `# Add a path-length channel derived from the filename text` and the line `wrapped_dataset = ImageWithPathLength(base_dataset)` that activates the path-feature wrapping. [/kaggle/repo/gan-data-generation-drd.ipynb:7] Uses `nc` parameter as input channels to both Generator and ...,results\synthetic\synthetic_kaggle_diabetic_AT-Qwen-Qwen3.6-35B-A3B-FP8-static_examples0_case_score_bands.jsonl
0,0.83,diabetic,siddheshshelke,data\kaggle\kaggle-diabetic\siddheshshelke,synth-data\injected\repos\ml-bugs\000006_siddheshshelke\gan-data-generation-drd,6,10,kaggle_p10,1,0,wrong,FN,0.05,"Training loss generally decreases during training and plateaus within the number of epochs used (if no loss is logged, then add logging to check this).","Injected for kaggle_p10. Injected training/evaluation and dataloader bugs to violate split handling, augmentation, class-imbalance handling, baseline/eval checks, label randomization sanity check, and vectorization expectations in the GAN notebook.","The repository contains a well-structured GAN training loop (in the notebook `gan-data-generation-drd.ipynb`) that explicitly logs training loss. Both generator loss (`G_losses`) and discriminator loss (`D_losses`) are appended to lists at every iteration (`G_losses.append(errG.item())` and `D_losses.append(errD.item())`) within the training loop. The training loop iterates over `num_epochs` epochs (set to 1) and records per-batch loss values. There is also a dedicated plotting cell that plots `G_losses` and `D_losses` over iterations, enabling visualization of whether loss decreases and plateaus during training. The code uses `nn.BCELoss()` as the loss criterion, and the training loop prope...","[/kaggle/repo/gan-data-generation-drd.ipynb:Cell 5] defines `num_epochs = 1` as the number of training epochs; [/kaggle/repo/gan-data-generation-drd.ipynb:Cell 16] initializes `criterion = nn.BCELoss()` and the Adam optimizers; [/kaggle/repo/gan-data-generation-drd.ipynb:Cell 19] contains the full training loop with `G_losses = []`, `D_losses = []` lists, and the per-iteration calls `G_losses.append(errG.item())` and `D_losses.append(errD.item())` that log both generator and discriminator losses; [/kaggle/repo/gan-data-generation-drd.ipynb:Cell 21] provides a plotting cell with `plt.plot(G_losses,label=""G"")` and `plt.plot(D_losses,label=""D"")` that visualizes the logged losses over iterations...",results\synthetic\synthetic_kaggle_diabetic_AT-Qwen-Qwen3.6-35B-A3B-FP8-static_examples0_case_score_bands.jsonl
0,0.83,diabetic,siddheshshelke,data\kaggle\kaggle-diabetic\siddheshshelke,synth-data\injected\repos\ml-bugs\000007_siddheshshelke\gan-data-generation-drd,7,9,kaggle_p9,1,0,wrong,FN,0.1,The model can overfit a single (or tiny) batch to near-zero loss.,"Injected for kaggle_p9. Injected data leakage, augmentation and sampling applied to validation, shuffled labels, filename-derived features, train-split metric reporting, nondeterministic eval via dropout, disabled tiny-batch overfit updates, partial parameter optimization, and device-inconsistent CUDA-only tensors in the GAN notebook.","The repository implements a GAN with standard training setup that allows overfitting a tiny batch to near-zero loss. The discriminator (netD) is fully trained with all its parameters optimized via Adam optimizer. The generator (netG) has its last ConvTranspose2d layer being trained (netG.main[-2].parameters()), providing 768 trainable parameters (weight: 64*3*4*2=3072 for ConvTranspose2d(64,3,4,2,1)). The BCELoss used can mathematically reach 0. There is no gradient clipping, weight clipping, or early stopping that would prevent convergence. Dropout(0.5) in the discriminator does not prevent memorization on tiny batches. The 10 epochs of training with Adam optimizer should allow both G and D...","[/kaggle/repo/gan-data-generation-drd.ipynb:78-81] (Parameters: batch_size=16, image_size=256, nz=128, ngf=64, ndf=64, num_epochs=10, ngpu=1), [/kaggle/repo/gan-data-generation-drd.ipynb:167-170] (Generator creation with weights_init), [/kaggle/repo/gan-data-generation-drd.ipynb:232-240] (Discriminator creation with all parameters initialized), [/kaggle/repo/gan-data-generation-drd.ipynb:246-261] (optimizerD = optim.Adam(netD.parameters()) optimizes ALL D params; optimizerG = optim.Adam(netG.main[-2].parameters()) optimizes last conv layer of G; criterion = nn.BCELoss()), [/kaggle/repo/gan-data-generation-drd.ipynb:275-335] (Training loop with 10 epochs, BCELoss for both G and D, no gradient...",results\synthetic\synthetic_kaggle_diabetic_AT-Qwen-Qwen3.6-35B-A3B-FP8-static_examples0_case_score_bands.jsonl
0,0.83,diabetic,siddheshshelke,data\kaggle\kaggle-diabetic\siddheshshelke,synth-data\injected\repos\ml-bugs\000007_siddheshshelke\gan-data-generation-drd,7,11,kaggle_p11,0,1,wrong,FP,0.9,Training dataloader shuffles or training dataset is shuffled for training; val/test do not shuffle.,,"The test requires that training dataloader/dataset is shuffled but val/test do not shuffle. While the training dataloader does shuffle (via WeightedRandomSampler), the validation dataloader ALSO uses the same WeightedRandomSampler, meaning the validation data is shuffled as well. This directly violates the requirement that ""val/test do not shuffle."" Additionally, val_dataset is leaked to be the same as train_dataset (val_dataset = train_dataset), which compounds the issue.","**For Training Data Shuffling:** - The training dataloader uses a `WeightedRandomSampler(weights, len(weights), replacement=True)`. A `WeightedRandomSampler` inherently shuffles data - it randomly samples indices according to the given weights, which means the order of samples is not sequential. This satisfies the ""shuffles"" requirement. - Additionally, the dataset itself is pre-shuffled (labels are permuted using `rng.permutation`), and the base `ImageFolder` already shuffles internally, plus there's dataset-level shuffling via the permutation. **For Validation Data NOT shuffling:** - `val_dataset = train_dataset` - The validation dataset is set to the **same** training dataset (data leakag...",results\synthetic\synthetic_kaggle_diabetic_AT-Qwen-Qwen3.6-35B-A3B-FP8-static_examples0_case_score_bands.jsonl
0,0.83,diabetic,siddheshshelke,data\kaggle\kaggle-diabetic\siddheshshelke,synth-data\injected\repos\ml-bugs\000007_siddheshshelke\gan-data-generation-drd,7,14,kaggle_p15,0,1,wrong,FP,0.85,"Code does not use explicit loops or Python control flow when matrix operations could have been used to implement the exact same operation more efficiently. If this property is not satisfied, show the matrix operations which should replace the raw Python logic.",,"The code in Cell 5 (data preparation section of the notebook, lines 100-118) uses multiple explicit Python list comprehensions when vectorized matrix/array operations could produce the exact same results more efficiently. Three specific violations were identified: 1. Line 100: `shuffled_targets = rng.permutation([s[1] for s in dataset.samples])` uses a list comprehension to extract labels from dataset.samples. Can be replaced with `rng.permutation(np.array(dataset.samples)[:, 1])`. 2. Line 115: `train_targets = [dataset.targets[i % len(dataset.targets)] for i in train_dataset.indices]` uses a list comprehension with modular indexing. Can be replaced with `np.take(dataset.targets, np.array(tr...","[/kaggle/repo/gan-data-generation-drd.ipynb:100] (list comprehension `[s[1] for s in dataset.samples]`), [/kaggle/repo/gan-data-generation-drd.ipynb:115] (list comprehension `[dataset.targets[i % len(dataset.targets)] for i in train_dataset.indices]`), [/kaggle/repo/gan-data-generation-drd.ipynb:118] (list comprehension `[class_weights[t] for t in train_targets]`).",results\synthetic\synthetic_kaggle_diabetic_AT-Qwen-Qwen3.6-35B-A3B-FP8-static_examples0_case_score_bands.jsonl
0,0.83,diabetic,naetkss1994,data\kaggle\kaggle-diabetic\naetkss1994,synth-data\injected\repos\ml-bugs\000008_naetkss1994\diabetic-retinopathy-with-resnet50-oversampling,8,7,kaggle_p7,0,1,wrong,FP,0.95,Randomizing the labels results in accuracy dropping to be near a random guessing baseline (may not be 0.5 if the data is imbalanced) on a validation set.,,"The test case requires that ""randomizing the labels results in accuracy dropping to be near a random guessing baseline on a validation set."" This property is a sanity check for model validity — if a model still achieves high accuracy with randomized labels, the evaluation is unreliable. The repository contains a single notebook (`diabetic-retinopathy-with-resnet50-oversampling.ipynb`) that implements a deep learning model (ResNet50 with fastai) for diabetic retinopathy classification. I examined every code cell in the notebook. There is no code that randomizes labels, shuffles labels, or evaluates model performance on randomized/noisy labels. The notebook trains and evaluates the model with ...","[/kaggle/repo/diabetic-retinopathy-with-resnet50-oversampling.ipynb: Cell 7 — reads labels from trainLabels.csv without any randomization; Cell 13 — performs stratified train/val split preserving label distribution; Cell 22 — `label_from_df(cols='level')` assigns original labels without modification; Cell 28-30 — defines evaluation metric `quadratic_kappa` and uses `accuracy` metric on original labels; Cell 61-63 — uses `ClassificationInterpretation.from_learner(learn)` to evaluate predictions against original labels, with no label randomization anywhere in the notebook]",results\synthetic\synthetic_kaggle_diabetic_AT-Qwen-Qwen3.6-35B-A3B-FP8-static_examples0_case_score_bands.jsonl
0,0.83,diabetic,naetkss1994,data\kaggle\kaggle-diabetic\naetkss1994,synth-data\injected\repos\ml-bugs\000008_naetkss1994\diabetic-retinopathy-with-resnet50-oversampling,8,13,kaggle_p13,0,1,wrong,FP,0.85,"Model and inputs are consistently moved to one device; no implicit CPU<->GPU transfers; dtype policy (e.g., fp32/bf16) is applied consistently.",,"The repository violates the test criteria in multiple ways: (1) The custom `quadratic_kappa` metric in cell 28 performs explicit CPU↔GPU transfers: `y.detach().cpu().tolist()` moves tensors from GPU to CPU, and `torch.tensor(..., device='cuda:0')` creates a new tensor on GPU. This constitutes an implicit cross-device transfer pattern. (2) No explicit dtype policy (fp32/bf16/AMP) is defined or enforced anywhere in the codebase — there are no `.half()`, `.float()`, `torch.float16`, `torch.bfloat16`, `autocast`, or AMP calls. While fastai internally handles device placement for the model and data, the custom metric function breaks consistency by moving data between devices.","- [/kaggle/repo/diabetic-retinopathy-with-resnet50-oversampling.ipynb:cell 28] Contains the `quadratic_kappa` metric function that does explicit device transfers: `y.detach().cpu().tolist()` (GPU→CPU transfer) and `torch.tensor(cohen_kappa_score(preds, y_true, weights='quadratic'),device='cuda:0')` (CPU→GPU tensor creation). - [/kaggle/repo/diabetic-retinopathy-with-resnet50-oversampling.ipynb:cell 30] Model is created via `create_cnn(data, models.resnet50, ...)` which relies on fastai's internal device handling without explicit `.to(device)` calls. - [/kaggle/repo/diabetic-retinopathy-with-resnet50-oversampling.ipynb:cell 5] Only device-related code is a CUDA availability check (`torch.cuda...",results\synthetic\synthetic_kaggle_diabetic_AT-Qwen-Qwen3.6-35B-A3B-FP8-static_examples0_case_score_bands.jsonl
0,0.83,diabetic,siddheshshelke,data\kaggle\kaggle-diabetic\siddheshshelke,synth-data\injected\repos\ml-bugs\000009_siddheshshelke\gan-data-generation-drd,9,5,kaggle_p5,1,0,wrong,FN,0.1,No path/filename text is fed as a feature unless explicitly intended.,"Injected for kaggle_p5. Injected overlapping train/validation splits, filename-derived feature leakage, an all-zero image transform, and a CPU-tensor generator call to violate the specified properties.","The repository contains a `PathAugmentedDataset` class that explicitly encodes filename text into image features. Specifically, in the `__getitem__` method (cell 5, lines 165-177 of the notebook), the code extracts the file path via `self.base_dataset.samples[idx][0]`, takes the basename with `os.path.basename(path)`, converts it to UTF-8 bytes, sums the byte values, and adds this as a scalar perturbation to the image: `img = img + (path_score / 255.0)`. However, this is explicitly intended — the class is named `PathAugmentedDataset` and its sole purpose is to augment image data with path-derived features. The test condition states ""No path/filename text is fed as a feature unless explicitly...","[/kaggle/repo/gan-data-generation-drd.ipynb:165-177] - The `PathAugmentedDataset` class explicitly extracts the file path, computes `path_score = sum(bytearray(os.path.basename(path), 'utf-8')) % 255`, and adds it to the image via `img = img + (path_score / 255.0)`. This is the explicit, intentional encoding of path/filename text as a feature. The class name `PathAugmentedDataset` and its design confirm this is intentional.",results\synthetic\synthetic_kaggle_diabetic_AT-Qwen-Qwen3.6-35B-A3B-FP8-static_examples0_case_score_bands.jsonl
0,0.83,diabetic,siddheshshelke,data\kaggle\kaggle-diabetic\siddheshshelke,synth-data\injected\repos\ml-bugs\000010_siddheshshelke\gan-data-generation-drd,10,7,kaggle_p7,0,1,wrong,FP,0.85,Randomizing the labels results in accuracy dropping to be near a random guessing baseline (may not be 0.5 if the data is imbalanced) on a validation set.,,"The test case requires evaluating whether randomizing labels results in accuracy dropping to a random guessing baseline. The repository contains a single Jupyter notebook (gan-data-generation-drd.ipynb) that implements a GAN (Generator-Adversarial Network) for image generation on diabetic retinopathy data. The notebook does not implement label randomization as a validation check. Cell 17 performs a 'quick accuracy check' that generates random predictions (torch.rand_like) and compares them to actual labels, but this is NOT label randomization - it is simply checking that random predictions match labels at random accuracy (~50% for binary). The notebook has no code that: (1) trains a classifi...","[/kaggle/repo/gan-data-generation-drd.ipynb:1-21] - Complete notebook source showing GAN training architecture with Generator and Discriminator networks, no classifier training or label randomization code; [/kaggle/repo/gan-data-generation-drd.ipynb:16] - Training loop uses BCELoss for GAN (real_label=1, fake_label=0), not classification; [/kaggle/repo/gan-data-generation-drd.ipynb:17] - Cell 17 generates random predictions (torch.rand_like) compared to actual labels, not label randomization test; [/kaggle/repo/gan-data-generation-drd.ipynb:5] - Dataset splitting is for training/validation, no label permutation or randomization; [/kaggle/repo/kernel-metadata.json:1-26] - Metadata confirms th...",results\synthetic\synthetic_kaggle_diabetic_AT-Qwen-Qwen3.6-35B-A3B-FP8-static_examples0_case_score_bands.jsonl
0,0.83,diabetic,naetkss1994,data\kaggle\kaggle-diabetic\naetkss1994,synth-data\injected\repos\ml-bugs\000011_naetkss1994\diabetic-retinopathy-with-resnet50-oversampling,11,0,kaggle_p0,0,1,wrong,FP,0.95,"No leakage from test to train/val sets. If there is any model selection or hyperparameter tuning, then it uses val only.",,"The notebook exhibits data leakage between the training and validation sets. The critical issue is in the data preparation pipeline (Cells 14-17 of the notebook): the `balance_data()` function oversamples the entire dataset BEFORE the train/val split, and then `train_test_split()` is applied to the already-overbalanced dataset. This means some original images from minority classes are duplicated, and these duplicated rows can end up on both sides of the train/val split — resulting in the same original image appearing in both training and validation sets. The correct approach would be to split first into train/val, and then apply oversampling only to the training set. The evidence shows `bala...","[/kaggle/repo/diabetic-retinopathy-with-resnet50-oversampling.ipynb:14] - Cell 14 shows: `balanced_df = balance_data(df.pivot_table(index='level', aggfunc=len).max().max(), df)` followed by `train_df, val_df = train_test_split(balanced_df, test_size=0.2)`. The oversampling (balancing) happens on the full dataset before splitting. [/kaggle/repo/diabetic-retinopathy-with-resnet50-oversampling.ipynb:17] - Cell 17 shows: `train_df = balance_data(train_df.pivot_table(index='level', aggfunc=len).max().max(), train_df)` - the training set is oversampled a second time. [/kaggle/repo/diabetic-retinopathy-with-resnet50-oversampling.ipynb:18] - Cell 18: `df = pd.concat([train_df, val_df])` - concatenat...",results\synthetic\synthetic_kaggle_diabetic_AT-Qwen-Qwen3.6-35B-A3B-FP8-static_examples0_case_score_bands.jsonl
0,0.83,diabetic,naetkss1994,data\kaggle\kaggle-diabetic\naetkss1994,synth-data\injected\repos\ml-bugs\000011_naetkss1994\diabetic-retinopathy-with-resnet50-oversampling,11,4,kaggle_p4,1,0,wrong,FN,0.1,Any class-imbalance handling (weighted loss / sampler) applies only to training data.,"Injected for kaggle_p4. Injected five minimal bugs: shuffled labels independently from image paths, overlaid filenames onto images, applied oversampling before train/val split, changed quadratic kappa to unweighted, and disabled model gradients.","The notebook implements class-imbalance handling via oversampling (through a `balance_data` function called on lines referencing oversampling). The key code flow demonstrates that oversampling is correctly applied only to training data: (1) The full balanced dataset is split into train_df and val_df using `train_test_split` (cell 14); (2) Oversampling via `balance_data` is then applied separately to train_df only (cell 17: `train_df = balance_data(...,train_df)`); (3) val_df is not passed through `balance_data` and retains its non-oversampled distribution; (4) The final dataset construction in cell 23 splits data using `split_by_idx(range(len(train_df)-1, len(df)))`, where the validation por...","[/kaggle/repo/diabetic-retinopathy-with-resnet50-oversampling.ipynb:14-23] - Code cells showing: (1) Cell 14: `balanced_df = balance_data(df.pivot_table(index='level', aggfunc=len).max().max(), df)` followed by `train_df, val_df = train_test_split(balanced_df,test_size=0.2)`, (2) Cell 17: `train_df = balance_data(train_df.pivot_table(index='level', aggfunc=len).max().max(),train_df)` - oversampling applied only to train_df, (3) Cell 18: `df = pd.concat([train_df,val_df])` - concatenation of oversampled train and non-oversampled val, (4) Cell 23: `src = (ImageItemList.from_df(df=df,path='./',cols='path').split_by_idx(range(len(train_df)-1,len(df)))` - validation split is the last portion corr...",results\synthetic\synthetic_kaggle_diabetic_AT-Qwen-Qwen3.6-35B-A3B-FP8-static_examples0_case_score_bands.jsonl
0,0.83,diabetic,naetkss1994,data\kaggle\kaggle-diabetic\naetkss1994,synth-data\injected\repos\ml-bugs\000011_naetkss1994\diabetic-retinopathy-with-resnet50-oversampling,11,12,kaggle_p12,0,1,wrong,FP,0.95,Accuracy should be deterministic (same value) when running the model evaluation multiple times without retraining.,,"The notebook lacks any random seed setting and uses multiple sources of randomness, making accuracy non-deterministic across runs. Three critical pieces of evidence confirm this: (1) Cell 7 independently shuffles both the dataframe and labels using `df.sample(frac=1)` without any random_state, introducing non-deterministic label-image associations; (2) Cell 14 calls `train_test_split` without `random_state`, producing a different train/validation split each run; (3) No `np.random.seed()`, `random.seed()`, or `torch.manual_seed()` is set anywhere in the notebook. The GPU is enabled (non-deterministic cuDNN operations), and data augmentation includes stochastic transforms (`max_rotate=360`, `m...","[/kaggle/repo/diabetic-retinopathy-with-resnet50-oversampling.ipynb:7] Cell 7 independently shuffles dataframe and labels with `df.sample(frac=1).reset_index(drop=True)` twice - once for rows and once for labels - without any random seed. [/kaggle/repo/diabetic-retinopathy-with-resnet50-oversampling.ipynb:14] Cell 14 calls `train_test_split(balanced_df, test_size=0.2)` without `random_state` parameter, making the train/validation split random. [/kaggle/repo/kernel-metadata.json] Kernel metadata confirms GPU is enabled (`""enable_gpu"": true`), which introduces non-deterministic behavior from cuDNN. No random seed is set in any code cell across all 67 cells of the notebook.",results\synthetic\synthetic_kaggle_diabetic_AT-Qwen-Qwen3.6-35B-A3B-FP8-static_examples0_case_score_bands.jsonl
0,0.83,diabetic,naetkss1994,data\kaggle\kaggle-diabetic\naetkss1994,synth-data\injected\repos\ml-bugs\000011_naetkss1994\diabetic-retinopathy-with-resnet50-oversampling,11,13,kaggle_p13,0,1,wrong,FP,0.85,"Model and inputs are consistently moved to one device; no implicit CPU<->GPU transfers; dtype policy (e.g., fp32/bf16) is applied consistently.",,"The repository fails the test case on two fronts: (1) Model and inputs are NOT consistently moved to one device — there is no explicit device management or `.to(device)` call anywhere in the notebook. The `learn = create_cnn(...)` call from fastai may implicitly handle device placement, but the `quadratic_kappa` metric explicitly forces a tensor to `device='cuda:0'` via `torch.tensor(..., device='cuda:0')`, while the rest of the codebase has no corresponding `model.to(device)` or explicit device setting for the model. This means the metric function could cause implicit CPU↔GPU transfers if the model operates on a different device, and there's no guarantee consistency. (2) No dtype policy is ...","[/kaggle/repo/diabetic-retinopathy-with-resnet50-oversampling.ipynb:29] Cell 29 shows `def quadratic_kappa(y_hat, y): return torch.tensor(cohen_kappa_score(torch.argmax(y_hat,1), y, weights=None),device='cuda:0')` — an explicit device='cuda:0' placement on a tensor but nowhere else. [/kaggle/repo/diabetic-retinopathy-with-resnet50-oversampling.ipynb:5] Cell 5 checks `torch.cuda.is_available()` but never assigns a device or calls `.to(device)`. [/kaggle/repo/diabetic-retinopathy-with-resnet50-oversampling.ipynb:31] Cell 31 creates the model with `learn = create_cnn(data, models.resnet50, metrics = [accuracy,quadratic_kappa])` but never calls `model.to(device)` or any equivalent. No `.to(`, `....",results\synthetic\synthetic_kaggle_diabetic_AT-Qwen-Qwen3.6-35B-A3B-FP8-static_examples0_case_score_bands.jsonl
0,0.83,diabetic,siddheshshelke,data\kaggle\kaggle-diabetic\siddheshshelke,synth-data\injected\repos\ml-bugs\000012_siddheshshelke\gan-data-generation-drd,12,5,kaggle_p5,1,0,wrong,FN,0.1,No path/filename text is fed as a feature unless explicitly intended.,"Injected for kaggle_p5. Injected data-split, preprocessing, and evaluation pathologies in the notebook (label misalignment, leakage, randomized augmentations in val, shuffle in val, filename-as-feature baseline), added nondeterministic eval settings, per-sample loss loops, incorrect metric evaluation on train data, and a no-gradient overfit check.","The repository contains no instance of path/filename text being fed as a model feature without explicit intent. The MetaImageDataset's __getitem__ method returns image paths as a third element alongside images and labels, but this path data is never actually consumed by any model — the training loop only uses data[0] (images), and the evaluation functions discard the path with underscore assignment (_). The only place where path/filename text is explicitly used as a feature is in Cell 6, where a comment clearly states ""# Feed filename text as a feature in a baseline tabular model"" followed by a LabelEncoder transforming train_df[""image_path""] into features for a LogisticRegression model. Thi...","[/kaggle/repo/gan-data-generation-drd.ipynb:58-62 (Cell 6) — Explicitly commented and intentional use of filename text as features for a LogisticRegression baseline model; /kaggle/repo/gan-data-generation-drd.ipynb:45 (Cell 6) — MetaImageDataset.__getitem__ returns path as third tuple element but it is never consumed by any model; /kaggle/repo/gan-data-generation-drd.ipynb:18-19 (Cell 17) — Training loop uses only data[0] (image tensors) for netD input, never the paths; /kaggle/repo/gan-data-generation-drd.ipynb:6,27 (Cell 18) — evaluate_discriminator and overfit_tiny_batch discard path data with underscore (_) assignment; /kaggle/repo/gan-data-generation-drd.ipynb:22,36,78 (Cell 17) — netG ...",results\synthetic\synthetic_kaggle_diabetic_AT-Qwen-Qwen3.6-35B-A3B-FP8-static_examples0_case_score_bands.jsonl
0,0.83,diabetic,naetkss1994,data\kaggle\kaggle-diabetic\naetkss1994,synth-data\injected\repos\ml-bugs\000013_naetkss1994\diabetic-retinopathy-with-resnet50-oversampling,13,2,kaggle_p2,1,0,wrong,FN,0.15,"Data is loaded and preprocessed correctly (e.g., no all-black images, no text with weird or unexpected characters, tables look correct and feature values are reasonable).","Injected for kaggle_p2. Injected training/data pipeline bugs in the notebook: incorrect path construction, imbalance handling before split, leakage of validation into training, augmentation applied to validation, shuffled validation loader, forced CUDA usage, frozen layers, single-epoch training, and faulty sanity checks (random labels, tiny-batch overfit, training-only evaluation).","The repository is a Kaggle notebook for diabetic retinopathy classification that demonstrates correct data loading and preprocessing: (1) The CSV file (trainLabels.csv) is properly loaded with pandas; (2) Image paths are correctly constructed from the 'image' column with .jpg extension; (3) Non-existent files are filtered out using os.path.exists; (4) Labels are valid DR severity scores (0-4 scale), which are reasonable medical classification labels; (5) The dataset is properly shuffled before splitting; (6) Oversampling is used correctly to handle class imbalance by sampling with replacement per level; (7) Images are loaded via fastai's ImageItemList and preprocessed with standard augmentat...","[/kaggle/repo/diabetic-retinopathy-with-resnet50-oversampling.ipynb:7 (data loading code - CSV reading, path construction, existence filter, shuffle)] [/kaggle/repo/diabetic-retinopathy-with-resnet50-oversampling.ipynb:12 (balance_data function for oversampling with replacement)] [/kaggle/repo/diabetic-retinopathy-with-resnet50-oversampling.ipynb:22 (ImageItemList loading, transforms, databunch creation)] [/kaggle/repo/diabetic-retinopathy-with-resnet50-oversampling.ipynb:25 (markdown acknowledging image artifact issues from center cropping)] [/kaggle/repo/diabetic-retinopathy-with-resnet50-oversampling.ipynb:0 (markdown describing DR severity scale 0-4)]",results\synthetic\synthetic_kaggle_diabetic_AT-Qwen-Qwen3.6-35B-A3B-FP8-static_examples0_case_score_bands.jsonl
0,0.83,diabetic,naetkss1994,data\kaggle\kaggle-diabetic\naetkss1994,synth-data\injected\repos\ml-bugs\000013_naetkss1994\diabetic-retinopathy-with-resnet50-oversampling,13,12,kaggle_p12,0,1,wrong,FP,0.9,Accuracy should be deterministic (same value) when running the model evaluation multiple times without retraining.,,"The notebook does not produce deterministic accuracy values when running model evaluation multiple times without retraining. Multiple sources of non-determinism are present: (1) Random data augmentation transforms including flip, 360° rotation, random zoom, and random lighting are applied to the validation set via Cell 22's `tfms = (tfms[0], tfms[0])`, meaning each evaluation pass produces different augmented inputs; (2) No random seed is set anywhere in the notebook (no `np.random.seed`, `torch.manual_seed`, or `torch.backends.cudnn.deterministic`); (3) Multiple data manipulation steps use non-deterministic sampling (`df.sample()`, `train_test_split`) without seeds, meaning the train/val sp...","[/kaggle/repo/diabetic-retinopathy-with-resnet50-oversampling.ipynb:22-22] Cell 22 sets validation transforms to include random augmentations: `tfms = (tfms[0], tfms[0])` where `tfms[0]` contains `get_transforms(do_flip=True,flip_vert=True,max_rotate=360,max_warp=0,max_zoom=1.1,max_lighting=0.1,p_lighting=0.5)` — these are random transformations that differ each time they are applied during evaluation. [/kaggle/repo/diabetic-retinopathy-with-resnet50-oversampling.ipynb:7-7] Cell 7 shuffles the dataframe without a seed: `df = df.sample(frac=1).reset_index(drop=True)`. [/kaggle/repo/diabetic-retinopathy-with-resnet50-oversampling.ipynb:12-12] Cell 12 uses random sampling without seed for both ...",results\synthetic\synthetic_kaggle_diabetic_AT-Qwen-Qwen3.6-35B-A3B-FP8-static_examples0_case_score_bands.jsonl
0,0.83,diabetic,naetkss1994,data\kaggle\kaggle-diabetic\naetkss1994,synth-data\injected\repos\ml-bugs\000013_naetkss1994\diabetic-retinopathy-with-resnet50-oversampling,13,14,kaggle_p15,1,0,wrong,FN,0.05,"Code does not use explicit loops or Python control flow when matrix operations could have been used to implement the exact same operation more efficiently. If this property is not satisfied, show the matrix operations which should replace the raw Python logic.","Injected for kaggle_p15. Injected training/data pipeline bugs in the notebook: incorrect path construction, imbalance handling before split, leakage of validation into training, augmentation applied to validation, shuffled validation loader, forced CUDA usage, frozen layers, single-epoch training, and faulty sanity checks (random labels, tiny-batch overfit, training-only evaluation).","The repository was thoroughly analyzed. The only explicit loop found is in Cell 1, Line 14: `for file in files: print(file)`, which iterates over a list of filenames to print them. This is a simple side-effect-only loop with no numerical computation — there is no matrix operation that could replace or implement the same printing operation more efficiently. All other code in the notebook uses pandas DataFrame operations, PyTorch/torchvision tensor operations, and fastai deep learning abstractions for its actual data manipulation and model training logic. None of the real computational work uses explicit Python loops; all heavy computation is delegated to library functions that internally use ...","[/kaggle/repo/diabetic-retinopathy-with-resnet50-oversampling.ipynb:14 (Cell 1, the only explicit loop: `for file in files: print(file)`)]",results\synthetic\synthetic_kaggle_diabetic_AT-Qwen-Qwen3.6-35B-A3B-FP8-static_examples0_case_score_bands.jsonl
0,0.83,diabetic,siddheshshelke,data\kaggle\kaggle-diabetic\siddheshshelke,synth-data\injected\repos\ml-bugs\000014_siddheshshelke\gan-data-generation-drd,14,7,kaggle_p7,0,1,wrong,FP,0.85,Randomizing the labels results in accuracy dropping to be near a random guessing baseline (may not be 0.5 if the data is imbalanced) on a validation set.,,"The test case requires that the repository implements a label randomization test where randomizing labels causes accuracy to drop to near random guessing baseline on a validation set. The repository at /kaggle/repo contains only a GAN (Generative Adversarial Network) training notebook (gan-data-generation-drd.ipynb) that: (1) has no classification model, only a GAN Generator and Discriminator; (2) uses GAN-specific labels (real=1.0, fake=0.0) rather than class labels; (3) contains no validation set for accuracy evaluation; (4) does not compute any accuracy metrics—only generator and discriminator losses are tracked; (5) contains no code that randomizes labels or performs a label-randomizatio...","[/kaggle/repo/gan-data-generation-drd.ipynb:1-20: The notebook contains a GAN training implementation with a Generator (Cell 8-9) and Discriminator (Cell 11-12). The Discriminator uses BCELoss with real_label=1.0 and fake_label=0.0 (Cell 14) for distinguishing real vs. fake images, not for classification. Training loop (Cell 16) tracks only G_losses and D_losses, with no accuracy metrics or validation evaluation. No code exists in any cell that randomizes labels, computes accuracy, evaluates on a validation set, or tests whether accuracy drops to chance level.]",results\synthetic\synthetic_kaggle_diabetic_AT-Qwen-Qwen3.6-35B-A3B-FP8-static_examples0_case_score_bands.jsonl
0,0.83,diabetic,siddheshshelke,data\kaggle\kaggle-diabetic\siddheshshelke,synth-data\injected\repos\ml-bugs\000014_siddheshshelke\gan-data-generation-drd,14,9,kaggle_p9,0,1,wrong,FP,0.85,The model can overfit a single (or tiny) batch to near-zero loss.,,"The repository implements a standard GAN (Generative Adversarial Network) training loop with adversarial dynamics between a generator and discriminator. GANs do not converge to near-zero loss on a single or tiny batch because: (1) the loss function is BCE (binary cross-entropy), and (2) the training objective is a minimax game — the discriminator tries to correctly distinguish real from fake while the generator tries to fool the discriminator. This adversarial setup prevents either loss from converging to zero in the traditional sense, unlike supervised learning models which can memorize small batches. Additionally, the code provides no mechanism (no special flag, no single-batch training mo...","[/kaggle/repo/gan-data-generation-drd.ipynb:109-149] Parameters section showing batch_size=16, num_epochs=10, and standard GAN hyperparameters. [/kaggle/repo/gan-data-generation-drd.ipynb:377-378] Uses nn.BCELoss() as the loss criterion. [/kaggle/repo/gan-data-generation-drd.ipynb:400-493] Training loop iterates over the full dataloader for num_epochs (10) epochs, updating both Generator and Discriminator with opposing objectives — D maximizes log(D(x)) + log(1-D(G(z))) while G maximizes log(D(G(z))). No mechanism exists to isolate or overfit on a single batch to near-zero loss.",results\synthetic\synthetic_kaggle_diabetic_AT-Qwen-Qwen3.6-35B-A3B-FP8-static_examples0_case_score_bands.jsonl
0,0.83,diabetic,naetkss1994,data\kaggle\kaggle-diabetic\naetkss1994,synth-data\injected\repos\ml-bugs\000015_naetkss1994\diabetic-retinopathy-with-resnet50-oversampling,15,13,kaggle_p13,0,1,wrong,FP,0.85,"Model and inputs are consistently moved to one device; no implicit CPU<->GPU transfers; dtype policy (e.g., fp32/bf16) is applied consistently.",,"The repository fails the property ""Model and inputs are consistently moved to one device; no implicit CPU<->GPU transfers; dtype policy is applied consistently."" There are two clear violations of device consistency: 1. **Hardcoded device string without verification (Cell 28)**: The custom metric `quadratic_kappa` uses `device='cuda:0'` as a hardcoded string. This is problematic because: - There is no explicit device selection or validation earlier in the code. Cell 5 only checks `torch.cuda.is_available()` but does not define a `device` variable or verify that `cuda:0` specifically exists. - If CUDA is not available or `cuda:0` doesn't exist, this will fail at runtime. - The device choice is...","[/kaggle/repo/diabetic-retinopathy-with-resnet50-oversampling.ipynb:Cell 28] Custom metric `quadratic_kappa` uses hardcoded `device='cuda:0'` without any prior device variable definition or verification. [/kaggle/repo/diabetic-retinopathy-with-resnet50-oversampling.ipynb:Cell 5] Only checks `torch.cuda.is_available()` but does not define or validate a device variable. [/kaggle/repo/diabetic-retinopathy-with-resnet50-oversampling.ipynb:Cell 30] Model `create_cnn` is created with no explicit `.to(device)` or `.cuda()` call. [/kaggle/repo/diabetic-retinopathy-with-resnet50-oversampling.ipynb:Cell 22, Cell 47] Data pipelines use fastai's `databunch` without any explicit device placement for inpu...",results\synthetic\synthetic_kaggle_diabetic_AT-Qwen-Qwen3.6-35B-A3B-FP8-static_examples0_case_score_bands.jsonl
0,0.83,diabetic,hsiehchuwei,data\kaggle\kaggle-diabetic\hsiehchuwei,synth-data\injected\repos\ml-bugs\000016_hsiehchuwei\cnn-based-detection-of-diabetic-retinopathy,16,5,kaggle_p5,1,0,wrong,FN,0.1,No path/filename text is fed as a feature unless explicitly intended.,"Injected for kaggle_p5. Injected preprocessing mask that zeroes images, added path-derived numeric feature into model inputs, froze final classification layer, and evaluated validation metrics on training data.","The repository uses a numeric path_hash feature (hash(p) % 1000) derived from file paths, but this is: (1) a numeric value, not ""path/filename text"" per se, and (2) explicitly and intentionally designed as a model input. The raw path strings are only used by ImageDataGenerator for loading images (not as learned features). The model architecture explicitly and intentionally incorporates the path_hash as a second input alongside image features, satisfying the ""unless explicitly intended"" exception in the test condition.","- [/kaggle/repo/cnn-based-detection-of-diabetic-retinopathy.ipynb:code cell 10] - `df['path_hash'] = df['path'].map(lambda p: hash(p) % 1000)` creates a numeric hash (integer 0-999) from file path strings, not raw text - [/kaggle/repo/cnn-based-detection-of-diabetic-retinopathy.ipynb:code cell 14] - `path_input = Input(shape=(1,), name=""path_hash"")` and `concat_features = Concatenate()([gap_dr, path_input])` explicitly and intentionally design path_hash as a model input - [/kaggle/repo/cnn-based-detection-of-diabetic-retinopathy.ipynb:code cell 16] - `x_col=[""path"", ""path_hash""]` passes path to ImageDataGenerator for image loading (expected use), while path_hash is the numeric feature fed to...",results\synthetic\synthetic_kaggle_diabetic_AT-Qwen-Qwen3.6-35B-A3B-FP8-static_examples0_case_score_bands.jsonl
0,0.83,diabetic,hsiehchuwei,data\kaggle\kaggle-diabetic\hsiehchuwei,synth-data\injected\repos\ml-bugs\000016_hsiehchuwei\cnn-based-detection-of-diabetic-retinopathy,16,11,kaggle_p11,0,1,wrong,FP,0.85,Training dataloader shuffles or training dataset is shuffled for training; val/test do not shuffle.,,"The repository's training notebook (cnn-based-detection-of-diabetic-retinopathy.ipynb, Cell 16) uses keras ImageDataGenerator.flow_from_dataframe() for both training and validation data loaders. For training data (x_train), shuffling is confirmed — flow_from_dataframe defaults to shuffle=True, and additionally the balance_data function explicitly shuffles the training dataframe via train_df.sample(frac=1). However, the validation/test data loader (x_test) is also created with flow_from_dataframe without explicitly setting shuffle=False. Since the default for flow_from_dataframe is shuffle=True, the validation data IS shuffled, violating the requirement that ""val/test do not shuffle."" No code...","[/kaggle/repo/cnn-based-detection-of-diabetic-retinopathy.ipynb:103-104] — Cell 16 shows: - Line for x_train: `train_datagen.flow_from_dataframe(train_df, directory=""."", x_col=[""path"", ""path_hash""], y_col=""level"", target_size=(256, 256), batch_size=32, class_mode='categorical')` — no shuffle parameter (defaults to True, and balance_data function also shuffles with .sample(frac=1)) - Line for x_test: `test_datagen.flow_from_dataframe(val_df, x_col=[""path"", ""path_hash""], y_col=""level"", directory=""."", target_size=(256, 256), batch_size=32, class_mode='categorical')` — no shuffle=False parameter, meaning validation data is also shuffled by default The notebook does not explicitly disable shuffli...",results\synthetic\synthetic_kaggle_diabetic_AT-Qwen-Qwen3.6-35B-A3B-FP8-static_examples0_case_score_bands.jsonl
0,0.83,diabetic,hsiehchuwei,data\kaggle\kaggle-diabetic\hsiehchuwei,synth-data\injected\repos\ml-bugs\000016_hsiehchuwei\cnn-based-detection-of-diabetic-retinopathy,16,12,kaggle_p12,0,1,wrong,FP,0.9,Accuracy should be deterministic (same value) when running the model evaluation multiple times without retraining.,,"The repository's notebook does not set any random seeds or deterministic settings, which means model evaluation accuracy will not be deterministic across runs. Specifically: (1) The `balance_data` function in cell 16 uses `df.sample()` and `x.sample()` without a `random_state` parameter, making the data sampling non-deterministic. (2) The dataframe shuffle in cell 10 (`df.sample(frac=1)`) has no `random_state`. (3) `ImageDataGenerator` instances in cell 16 are created without a `seed` parameter, so data augmentation (shear, flip, zoom) is non-deterministic. (4) `flow_from_dataframe` calls in cell 16 lack a `seed` parameter, so data loading order is random. (5) No `random.seed()` or `tf.rando...","[/kaggle/repo/cnn-based-detection-of-diabetic-retinopathy.ipynb:cell 10] Contains `df = df.sample(frac=1).reset_index(drop=True)` with no random_state. [/kaggle/repo/cnn-based-detection-of-diabetic-retinopathy.ipynb:cell 16] The `balance_data` function calls `x.sample(class_size, replace=True)` and `df.sample(frac=1)` without random_state. [/kaggle/repo/cnn-based-detection-of-diabetic-retinopathy.ipynb:cell 16] `ImageDataGenerator(rescale=1.0/255, shear_range=0.2, horizontal_flip=True, zoom_range=0.2)` has no seed parameter. [/kaggle/repo/cnn-based-detection-of-diabetic-retinopathy.ipynb:cell 16] `flow_from_dataframe` calls have no seed parameter. [/kaggle/repo/cnn-based-detection-of-diabeti...",results\synthetic\synthetic_kaggle_diabetic_AT-Qwen-Qwen3.6-35B-A3B-FP8-static_examples0_case_score_bands.jsonl
0,0.83,diabetic,hsiehchuwei,data\kaggle\kaggle-diabetic\hsiehchuwei,synth-data\injected\repos\ml-bugs\000016_hsiehchuwei\cnn-based-detection-of-diabetic-retinopathy,16,13,kaggle_p13,0,1,wrong,FP,0.9,"Model and inputs are consistently moved to one device; no implicit CPU<->GPU transfers; dtype policy (e.g., fp32/bf16) is applied consistently.",,"The repository does not consistently move models and inputs to a single device, and lacks a coherent dtype policy. Specifically: (1) There is no device management — the code imports torch in Cell 1 but never uses it for device placement; no `.to(device)` or `.cuda()` calls are made on the model or data. (2) The model is built with TensorFlow/Keras (InceptionV3), but there is no `tf.config` device placement, no `tf.distribute` strategy, and no `mixed_precision` policy set. (3) The kernel metadata explicitly states `enable_gpu: false` and `enable_tpu: false`, meaning it runs on CPU, yet there is no explicit CPU device placement — the code relies entirely on implicit default device behavior. (4...","[/kaggle/repo/kernel-metadata.json:1-20] - shows `enable_gpu: false` and `enable_tpu: false`, confirming the code runs on CPU without GPU/TPU configuration; [/kaggle/repo/cnn-based-detection-of-diabetic-retinopathy.ipynb:1] - Cell 1 imports torch but performs only a `torch.cuda.is_available()` check with no device placement usage; [/kaggle/repo/cnn-based-detection-of-diabetic-retinopathy.ipynb:14] - Cell 14 builds the InceptionV3-based model with no explicit device placement or dtype policy; [/kaggle/repo/cnn-based-detection-of-diabetic-retinopathy.ipynb:3] - Cell 3 uses `tf.float32` for image casting but no global dtype policy is set; [/kaggle/repo/cnn-based-detection-of-diabetic-retinopath...",results\synthetic\synthetic_kaggle_diabetic_AT-Qwen-Qwen3.6-35B-A3B-FP8-static_examples0_case_score_bands.jsonl
0,0.83,diabetic,hsiehchuwei,data\kaggle\kaggle-diabetic\hsiehchuwei,synth-data\injected\repos\ml-bugs\000018_hsiehchuwei\cnn-based-detection-of-diabetic-retinopathy,18,1,kaggle_p1,0,1,wrong,FP,0.9,"If there is any model training, then all model parameters are updated during training (no frozen layers unless explicitly intended).",,"The repository contains model training code that uses a pre-trained InceptionV3 model with a significant portion of its parameters frozen during training, and this freezing is not explicitly intended as a deliberate transfer-learning design but rather a blanket freeze that prevents most model parameters from being updated. Specifically, in cell 14 of the notebook [/kaggle/repo/cnn-based-detection-of-diabetic-retinopathy.ipynb:14], the `create_deeper_attention_model` function defines: 1. `base_pretrained_model.trainable = False` — This freezes ALL layers of the InceptionV3 base model (which contains millions of parameters including all convolutional layers). The Chinese comment translates to ...","[/kaggle/repo/cnn-based-detection-of-diabetic-retinopathy.ipynb:14] — Model definition showing `base_pretrained_model.trainable = False` and `up_c2.trainable = False` which freeze the entire InceptionV3 base model and an additional attention layer. [/kaggle/repo/cnn-based-detection-of-diabetic-retinopathy.ipynb:61-80] — Training code showing `attention_model.fit()` called without any unfreezing step, meaning the frozen base model parameters are never updated during training. No code anywhere in the notebook sets pretrained layers back to trainable=True.",results\synthetic\synthetic_kaggle_diabetic_AT-Qwen-Qwen3.6-35B-A3B-FP8-static_examples0_case_score_bands.jsonl
0,0.83,diabetic,hsiehchuwei,data\kaggle\kaggle-diabetic\hsiehchuwei,synth-data\injected\repos\ml-bugs\000018_hsiehchuwei\cnn-based-detection-of-diabetic-retinopathy,18,2,kaggle_p2,0,1,wrong,FP,0.85,"Data is loaded and preprocessed correctly (e.g., no all-black images, no text with weird or unexpected characters, tables look correct and feature values are reasonable).",,"The repository fails the test case because there is no image quality validation in the data loading pipeline. Specifically, there is no check for all-black (or all-zero/dark) images, no image quality assessment, and no filtering of out-of-focus or poor-quality images. The `parse_image` function in Cell 3 reads and decodes JPEG files, resizes them to 256x256, normalizes pixel values to [0, 1], and adds a filename-based feature to the top-left pixel — but it never checks whether the image is valid, contains meaningful content, or has acceptable brightness/quality. Similarly, the `load_dataset` function simply maps `parse_image` over all file paths without any filtering. The only filtering perf...","[/kaggle/repo/cnn-based-detection-of-diabetic-retinopathy.ipynb:3: The `parse_image` function (lines defining the function and `load_dataset`) reads images via `tf.io.read_file` and `tf.image.decode_jpeg`, then resizes and normalizes, with no quality checks. No validation for all-black images, no brightness/contrast checks, no blur detection, no artifact removal.] [/kaggle/repo/cnn-based-detection-of-diabetic-retinopathy.ipynb:7: Only file existence is checked via `os.path.exists`, no content-level validation of image data.] [/kaggle/repo/cnn-based-detection-of-diabetic-retinopathy.ipynb:10: The `exists` filter only checks if the file exists on disk, not whether the image content is valid or...",results\synthetic\synthetic_kaggle_diabetic_AT-Qwen-Qwen3.6-35B-A3B-FP8-static_examples0_case_score_bands.jsonl
0,0.83,diabetic,hsiehchuwei,data\kaggle\kaggle-diabetic\hsiehchuwei,synth-data\injected\repos\ml-bugs\000018_hsiehchuwei\cnn-based-detection-of-diabetic-retinopathy,18,5,kaggle_p5,1,0,wrong,FN,0.05,No path/filename text is fed as a feature unless explicitly intended.,"cnn-based-detection-of-diabetic-retinopathy/cnn-based-detection-of-diabetic-retinopathy.ipynb: parse_image embeds filename hash into image pixels and load_dataset controls shuffle (p5, p11).","The test case states ""No path/filename text is fed as a feature unless explicitly intended."" In the notebook at /kaggle/repo/cnn-based-detection-of-diabetic-retinopathy.ipynb, the parse_image function does extract a hash from the filename and embed it into the image tensor as a feature (lines 96-102). However, this usage is explicitly and deliberately intended — the code clearly and purposefully creates filename_hash, filename_feature, and inserts it into the model input via tensor_scatter_nd_update. Since the property allows filename/path text to be fed as a feature ""unless explicitly intended,"" and this usage is clearly intentional, the test passes.","[/kaggle/repo/cnn-based-detection-of-diabetic-retinopathy.ipynb:91-102] - The parse_image function in the notebook source defines filename_hash = tf.strings.to_hash_bucket_fast(filename, 1024) and filename_feature = tf.cast(filename_hash % 255, tf.float32) / 255.0, then inserts filename_feature into the image tensor at position [0,0,:] using tf.tensor_scatter_nd_update. This confirms that filename-derived data IS used as a feature, but the deliberate naming and structured insertion confirm it is explicitly intended.",results\synthetic\synthetic_kaggle_diabetic_AT-Qwen-Qwen3.6-35B-A3B-FP8-static_examples0_case_score_bands.jsonl
0,0.83,diabetic,hsiehchuwei,data\kaggle\kaggle-diabetic\hsiehchuwei,synth-data\injected\repos\ml-bugs\000018_hsiehchuwei\cnn-based-detection-of-diabetic-retinopathy,18,6,kaggle_p6,0,1,wrong,FP,0.95,"Reported metrics use the correct split(s) and the exact definitions claimed (e.g., micro vs macro, top-k).",,"The repository fails the test because the validation/test metrics are not computed on correct splits due to a data leak. Specifically, at line 313 of the notebook (cnn-based-detection-of-diabetic-retinopathy.ipynb), the code explicitly overwrites the validation dataframe with the training dataframe: `val_df = train_df` (accompanied by the comment ""Leak validation data by reusing the training split""). This means that `attention_model.evaluate(val_dataset)` (line 351) evaluates on oversampled training data, not on the actual held-out validation fold. As a result, all reported validation/test metrics (accuracy, loss, AUC from lines 380-407) are computed on training data rather than on a proper ...","[/kaggle/repo/cnn-based-detection-of-diabetic-retinopathy.ipynb:302-306] - Shows the correct stratified k-fold split: `for fold_index, (train_index, val_index) in enumerate(skf.split(df, df['level'])):` followed by `train_df, val_df = df.iloc[train_index], df.iloc[val_index]`. [/kaggle/repo/cnn-based-detection-of-diabetic-retinopathy.ipynb:312-313] - Shows the data leak: the comment ""Leak validation data by reusing the training split"" and the code `val_df = train_df` which overwrites the properly split validation set with the (oversampled) training set. [/kaggle/repo/cnn-based-detection-of-diabetic-retinopathy.ipynb:350-352] - Shows model evaluation on the tainted data: `result_train = atten...",results\synthetic\synthetic_kaggle_diabetic_AT-Qwen-Qwen3.6-35B-A3B-FP8-static_examples0_case_score_bands.jsonl
0,0.83,diabetic,hsiehchuwei,data\kaggle\kaggle-diabetic\hsiehchuwei,synth-data\injected\repos\ml-bugs\000018_hsiehchuwei\cnn-based-detection-of-diabetic-retinopathy,18,12,kaggle_p12,0,1,wrong,FP,0.9,Accuracy should be deterministic (same value) when running the model evaluation multiple times without retraining.,,"The repository does not produce deterministic accuracy values when the model evaluation is run multiple times without retraining. There is no random seed set anywhere in the notebook (no `tf.random.set_seed()`, `np.random.seed()`, or equivalent). Additionally, multiple non-deterministic operations are present: (1) `df.sample(frac=1)` at line 204 shuffles the dataframe without a seed; (2) the `balance_data` function at lines 288-289 uses `.sample()` without `random_state`; (3) the val dataset is created with `shuffle=True` at line 320, and `dataset.shuffle()` without a seed at line 110; (4) `np.random.permutation()` is called at lines 316-317, which affects global numpy random state; (5) mode...",[/kaggle/repo/cnn-based-detection-of-diabetic-retinopathy.ipynb:72-76] shows imports including `tensorflow as tf` and `tensorflow.keras.backend as K` but no seed initialization; [/kaggle/repo/cnn-based-detection-of-diabetic-retinopathy.ipynb:204] `df.sample(frac=1)` without random_state; [/kaggle/repo/cnn-based-detection-of-diabetic-retinopathy.ipynb:287-292] `balance_data` function with `.sample()` calls lacking `random_state`; [/kaggle/repo/cnn-based-detection-of-diabetic-retinopathy.ipynb:316-317] `np.random.permutation()` calls; [/kaggle/repo/cnn-based-detection-of-diabetic-retinopathy.ipynb:319-320] train_dataset with `shuffle=False` but val_dataset with `shuffle=True`; [/kaggle/repo/cn...,results\synthetic\synthetic_kaggle_diabetic_AT-Qwen-Qwen3.6-35B-A3B-FP8-static_examples0_case_score_bands.jsonl
0,0.83,diabetic,hsiehchuwei,data\kaggle\kaggle-diabetic\hsiehchuwei,synth-data\injected\repos\ml-bugs\000018_hsiehchuwei\cnn-based-detection-of-diabetic-retinopathy,18,14,kaggle_p15,0,1,wrong,FP,0.85,"Code does not use explicit loops or Python control flow when matrix operations could have been used to implement the exact same operation more efficiently. If this property is not satisfied, show the matrix operations which should replace the raw Python logic.",,"The repository contains multiple instances of explicit Python loops that could be replaced with matrix operations for more efficient computation. The most significant violation is in the `get_images_by_label` function (Cell 8, lines 17-18), which uses nested `for` loops to iterate through a TensorFlow Dataset batch-by-batch and sample-by-sample to collect one image per class. This operation finds the first occurrence of each label class and could be implemented efficiently using vectorized TensorFlow operations such as `tf.unique` combined with `tf.gather` to select the first image per class without any Python iteration. Additional violations include: (1) `show_batch` function using a `for n...","[/kaggle/repo/cnn-based-detection-of-diabetic-retinopathy.ipynb:183] Cell 8 contains the `get_images_by_label` function with nested for loops (lines 17-18 in the cell: `for image_batch, label_batch in dataset:` and `for img, lbl in zip(image_batch, label_batch):`) that iterate element-by-element through a dataset to find first occurrence per class. The replacement would be `tf.unique(tf.cast(all_labels, tf.int32))` combined with `tf.gather(all_images, first_indices)`. [/kaggle/repo/cnn-based-detection-of-diabetic-retinopathy.ipynb:183] Cell 8, line 4: `for n in range(5)` in `show_batch` function. [/kaggle/repo/cnn-based-detection-of-diabetic-retinopathy.ipynb:183] Cell 8, lines 13-15: `image...",results\synthetic\synthetic_kaggle_diabetic_AT-Qwen-Qwen3.6-35B-A3B-FP8-static_examples0_case_score_bands.jsonl
0,0.83,diabetic,naetkss1994,data\kaggle\kaggle-diabetic\naetkss1994,synth-data\injected\repos\ml-bugs\000019_naetkss1994\diabetic-retinopathy-with-resnet50-oversampling,19,0,kaggle_p0,1,0,wrong,FN,0.1,"No leakage from test to train/val sets. If there is any model selection or hyperparameter tuning, then it uses val only.","Injected for kaggle_p0. Injected data leakage via oversampling with validation data, added path-derived features and model wrappers, forced device mismatch, froze layers, inflated learning rates, oversampled before split, and replaced the trained model with a majority-class predictor while evaluating on the training split.","The repository contains a single Jupyter notebook that loads all data into a single dataframe (cell 7), performs a stratified 80/20 train/validation split using train_test_split (cell 13: `train_df, val_df = train_test_split(df, test_size=0.2)`), and trains a ResNet50 model. There is no separate test set — the entire dataset is split only into train and val. The oversampling in cell 16 (`balance_data(..., pd.concat([train_df, val_df]))`) resamples the combined data, which means some val images get resampled into the training set. However, the original val_df remains intact and separate for validation (cell 17: `df = pd.concat([train_df, val_df])`). No model selection or hyperparameter tuning...","[/kaggle/repo/diabetic-retinopathy-with-resnet50-oversampling.ipynb:7-7] (data loading and shuffling), [/kaggle/repo/diabetic-retinopathy-with-resnet50-oversampling.ipynb:13-13] (stratified 80/20 split: `train_df, val_df = train_test_split(df, test_size=0.2)`), [/kaggle/repo/diabetic-retinopathy-with-resnet50-oversampling.ipynb:16-16] (oversampling on concatenated data: `train_df = balance_data(..., pd.concat([train_df, val_df]))`), [/kaggle/repo/diabetic-retinopathy-with-resnet50-oversampling.ipynb:17-17] (recombining: `df = pd.concat([train_df, val_df])`), [/kaggle/repo/diabetic-retinopathy-with-resnet50-oversampling.ipynb:22-22] (databunch split by index: `.split_by_idx(range(len(train_df...",results\synthetic\synthetic_kaggle_diabetic_AT-Qwen-Qwen3.6-35B-A3B-FP8-static_examples0_case_score_bands.jsonl
0,0.83,diabetic,naetkss1994,data\kaggle\kaggle-diabetic\naetkss1994,synth-data\injected\repos\ml-bugs\000019_naetkss1994\diabetic-retinopathy-with-resnet50-oversampling,19,2,kaggle_p2,0,1,wrong,FP,0.9,"Data is loaded and preprocessed correctly (e.g., no all-black images, no text with weird or unexpected characters, tables look correct and feature values are reasonable).",,"The repository fails the test because the data loading and preprocessing pipeline (diabetic-retinopathy-with-resnet50-oversampling.ipynb, Cells 1-22) lacks all three quality checks specified in the test case: (1) No code exists to detect or filter all-black images — Cell 24's markdown explicitly acknowledges that ""some of the images are cut off or have weird artifacts"" but states ""For now, I will ignore these problems""; (2) No code validates text content for weird or unexpected characters in any text fields; (3) No code validates table structure or verifies that feature values are reasonable (e.g., checking that level labels fall within 0-4). The only data quality checks present are a file-e...","[/kaggle/repo/diabetic-retinopathy-with-resnet50-oversampling.ipynb:Cell 1 (code) - zip extraction and file listing; Cell 7 (code) - CSV loading, path construction, file existence filtering only, no black image/text/feature validation; Cell 9, 14 (code) - label distribution histograms only; Cell 12 (code) - oversampling function with no quality checks; Cell 18 (code) - single image size check only, no quality validation; Cell 22 (code) - fastai DataBunch creation with augmentation transforms, no quality filters; Cell 24 (markdown) - acknowledges artifacts but explicitly ignores them: ""For now, I will ignore these problems.""]",results\synthetic\synthetic_kaggle_diabetic_AT-Qwen-Qwen3.6-35B-A3B-FP8-static_examples0_case_score_bands.jsonl
0,0.83,diabetic,naetkss1994,data\kaggle\kaggle-diabetic\naetkss1994,synth-data\injected\repos\ml-bugs\000019_naetkss1994\diabetic-retinopathy-with-resnet50-oversampling,19,3,kaggle_p3,0,1,wrong,FP,0.9,Any data augmentation is only performed on the training dataset; val/test dataset use deterministic preprocessing.,,"The repository applies data augmentation transforms to both training AND validation datasets. In Cell 22, `get_transforms(do_flip=True,flip_vert=True,max_rotate=360,max_warp=0,max_zoom=1.1,max_lighting=0.1,p_lighting=0.5)` is defined and passed to `src.transform(tfms,size=sz)` before creating a `databunch`. In fast.ai, the `.transform()` method applies the same transforms to both training and validation splits by default when creating a `DataBunch` — there are no separate `train_tfms` and `val_tfms` arguments used. The validation set therefore receives random augmentations (360-degree rotation, flipping, zooming, lighting changes) instead of deterministic preprocessing. There is also no sepa...","[/kaggle/repo/diabetic-retinopathy-with-resnet50-oversampling.ipynb:22-22] Cell 22 defines data augmentation transforms via `get_transforms(do_flip=True,flip_vert=True,max_rotate=360,max_warp=0,max_zoom=1.1,max_lighting=0.1,p_lighting=0.5)` and applies them uniformly via `src.transform(tfms,size=sz)` when building the databunch. No separate validation transforms are specified. [/kaggle/repo/diabetic-retinopathy-with-resnet50-oversampling.ipynb:13-13] Cell 13 creates a single `train/val` split with `train_test_split(df, test_size=0.2)` — no separate test set exists. [/kaggle/repo/diabetic-retinopathy-with-resnet50-oversampling.ipynb:47-47] Cell 47 reuses the same `tfms` for progressive resizi...",results\synthetic\synthetic_kaggle_diabetic_AT-Qwen-Qwen3.6-35B-A3B-FP8-static_examples0_case_score_bands.jsonl
0,0.83,diabetic,naetkss1994,data\kaggle\kaggle-diabetic\naetkss1994,synth-data\injected\repos\ml-bugs\000019_naetkss1994\diabetic-retinopathy-with-resnet50-oversampling,19,6,kaggle_p6,1,0,wrong,FN,0.15,"Reported metrics use the correct split(s) and the exact definitions claimed (e.g., micro vs macro, top-k).","Injected for kaggle_p6. Injected data leakage via oversampling with validation data, added path-derived features and model wrappers, forced device mismatch, froze layers, inflated learning rates, oversampled before split, and replaced the trained model with a majority-class predictor while evaluating on the training split.","The notebook reports two metrics: (1) `accuracy` from fastai.vision and (2) `quadratic_kappa` defined via `cohen_kappa_score(..., weights='quadratic')`. Both metrics are computed on the validation split by fastai's default convention when metrics are passed to `create_cnn`. The `accuracy` function in fastai.vision is top-1 accuracy (accuracy_topk with k=1), which is the standard default and no explicit contrary claim is made in the notebook text. The `quadratic_kappa` implementation exactly matches the notebook's stated claim in Cell 27 about using ""Cohen's quadratically weighted kappa."" The validation split is defined via `.split_by_idx(range(len(train_df)-1, len(df)))` on a dataframe where...","[/kaggle/repo/diabetic-retinopathy-with-resnet50-oversampling.ipynb:22-22] (data split via split_by_idx), [/kaggle/repo/diabetic-retinopathy-with-resnet50-oversampling.ipynb:30-30] (metrics = [accuracy, quadratic_kappa] passed to create_cnn), [/kaggle/repo/diabetic-retinopathy-with-resnet50-oversampling.ipynb:28-28] (quadratic_kappa defined as cohen_kappa_score with weights='quadratic'), [/kaggle/repo/diabetic-retinopathy-with-resnet50-oversampling.ipynb:27-27] (text claiming ""Cohen's quadratically weighted kappa""), [/kaggle/repo/diabetic-retinopathy-with-resnet50-oversampling.ipynb:13-17] (train/val split construction).",results\synthetic\synthetic_kaggle_diabetic_AT-Qwen-Qwen3.6-35B-A3B-FP8-static_examples0_case_score_bands.jsonl
0,0.83,diabetic,naetkss1994,data\kaggle\kaggle-diabetic\naetkss1994,synth-data\injected\repos\ml-bugs\000019_naetkss1994\diabetic-retinopathy-with-resnet50-oversampling,19,14,kaggle_p15,1,0,wrong,FN,0.1,"Code does not use explicit loops or Python control flow when matrix operations could have been used to implement the exact same operation more efficiently. If this property is not satisfied, show the matrix operations which should replace the raw Python logic.","Injected for kaggle_p15. Injected data leakage via oversampling with validation data, added path-derived features and model wrappers, forced device mismatch, froze layers, inflated learning rates, oversampled before split, and replaced the trained model with a majority-class predictor while evaluating on the training split.","After examining all code cells in the repository, the explicit loops and list comprehensions found are used only for I/O and string manipulation tasks that cannot be replaced by matrix operations. The `for file in files: print(file)` loop (Cell 1, line 13) iterates over filenames for printing. The list comprehension `df['path'] = [os.path.join(...) for x in df['image']]` (Cell 7, line 3) builds file path strings from a DataFrame column. The `if/else` control flow in `MajorityClassModel.forward()` (Cell 61, lines 7-10) is only a type check for input format (tuple/list vs tensor), not a computation. The actual numerical computation in that method (`torch.zeros(bs, self.c)` + `out[:, self.major...","[/kaggle/repo/diabetic-retinopathy-with-resnet50-oversampling.ipynb:cell1 (lines 0-13), /kaggle/repo/diabetic-retinopathy-with-resnet50-oversampling.ipynb:cell7 (lines 0-8), /kaggle/repo/diabetic-retinopathy-with-resnet50-oversampling.ipynb:cell61 (lines 0-21)]",results\synthetic\synthetic_kaggle_diabetic_AT-Qwen-Qwen3.6-35B-A3B-FP8-static_examples0_case_score_bands.jsonl
0,0.83,diabetic,siddheshshelke,data\kaggle\kaggle-diabetic\siddheshshelke,synth-data\injected\repos\ml-bugs\000020_siddheshshelke\gan-data-generation-drd,20,0,kaggle_p0,1,0,wrong,FN,0.1,"No leakage from test to train/val sets. If there is any model selection or hyperparameter tuning, then it uses val only.","Injected for kaggle_p0. Injected data-handling, evaluation, and training-loop modifications in the notebook to create targeted failures (augmentation leakage, shuffled test loader, class-imbalance sampler applied to val, path-derived features, non-deterministic evaluation, and ineffective overfit check).","The notebook has a clear data splitting strategy where `test_dataset = val_dataset` (Cell 5, line ~40-45), meaning the test set is identical to the val set. The training loop (Cell 16) only uses `dataloader` which is assigned to `train_loader` (Cell 5, line ~52: `dataloader = train_loader`). There is no model selection or hyperparameter tuning code anywhere in the notebook — all hyperparameters (learning rates, batch size, network architecture) are hardcoded constants. The val/test set is never referenced during training, and there is no model selection or hyperparameter tuning process that could create leakage from test/val to train. Therefore, no test data leaks into the training process, ...","[/kaggle/repo/gan-data-generation-drd.ipynb:5-48] - Shows dataset splitting where `train_dataset, val_dataset = torch.utils.data.random_split(full_dataset, [train_size, val_size])`, followed by `test_dataset = val_dataset` and `dataloader = train_loader`. The training dataloader (`train_loader`) is used exclusively for training. [/kaggle/repo/gan-data-generation-drd.ipynb:16-1] - The training loop iterates over `dataloader` (which is `train_loader`), with no reference to `val_loader`, `test_loader`, `val_dataset`, or `test_dataset` during training or model selection. No grid search, hyperparameter tuning, or model selection logic exists in the notebook.",results\synthetic\synthetic_kaggle_diabetic_AT-Qwen-Qwen3.6-35B-A3B-FP8-static_examples0_case_score_bands.jsonl
0,0.83,diabetic,siddheshshelke,data\kaggle\kaggle-diabetic\siddheshshelke,synth-data\injected\repos\ml-bugs\000020_siddheshshelke\gan-data-generation-drd,20,6,kaggle_p6,0,1,wrong,FP,0.9,"Reported metrics use the correct split(s) and the exact definitions claimed (e.g., micro vs macro, top-k).",,"The repository reports evaluation metrics (called ""accuracy"") that do not use the correct data splits and do not follow any valid metric definition. Specifically: (1) The `evaluate_discriminator` function runs on `dataloader` which is aliased to `train_loader`, not on a proper test or validation split. (2) The evaluation does not use actual labels — it compares predictions (`preds`) against `torch.ones_like(preds)` instead of ground truth labels. (3) Predictions are made using random thresholds (`outputs > torch.rand_like(outputs)`) rather than any meaningful classification boundary. (4) The ""baseline accuracy"" is simply a random float (`torch.rand(1).item()`). (5) There are no classificatio...","[/kaggle/repo/gan-data-generation-drd.ipynb:5 (cell 5, line `dataloader = train_loader` and `test_dataset = val_dataset` showing test split is never used), /kaggle/repo/gan-data-generation-drd.ipynb:17 (cell 17, the `evaluate_discriminator` function with `preds = (outputs > torch.rand_like(outputs)).float()` using random thresholds, `accs.append((preds == torch.ones_like(preds)).float().mean().item())` comparing to ones instead of labels, and `baseline_acc = torch.rand(1).item()` as a nonsensical baseline)]",results\synthetic\synthetic_kaggle_diabetic_AT-Qwen-Qwen3.6-35B-A3B-FP8-static_examples0_case_score_bands.jsonl
0,0.83,diabetic,hsiehchuwei,data\kaggle\kaggle-diabetic\hsiehchuwei,synth-data\injected\repos\ml-bugs\000021_hsiehchuwei\cnn-based-detection-of-diabetic-retinopathy,21,6,kaggle_p6,0,1,wrong,FP,0.95,"Reported metrics use the correct split(s) and the exact definitions claimed (e.g., micro vs macro, top-k).",,"The notebook contains a critical bug on line 39 of cell 16 where `val_df = df` overwrites the properly split validation dataframe with the entire dataset. The correct split `train_df, val_df = df.iloc[train_index], df.iloc[val_index]` is computed on line 38 using StratifiedKFold, but then immediately overwritten, causing all reported ""validation"" metrics (accuracy, loss, AUC) to be computed on the full dataset rather than the held-out fold. This constitutes data leakage and means the reported validation metrics do not reflect actual model generalization on the correct test split.","[/kaggle/repo/cnn-based-detection-of-diabetic-retinopathy.ipynb:1-188 (full notebook)], specifically cell 16 lines 38-39 where `val_df = df` overwrites the properly split validation data, and line 50 where `x_test_raw = test_datagen.flow_from_dataframe(val_df, ...)` uses the full dataset as validation data.",results\synthetic\synthetic_kaggle_diabetic_AT-Qwen-Qwen3.6-35B-A3B-FP8-static_examples0_case_score_bands.jsonl
0,0.83,diabetic,hsiehchuwei,data\kaggle\kaggle-diabetic\hsiehchuwei,synth-data\injected\repos\ml-bugs\000021_hsiehchuwei\cnn-based-detection-of-diabetic-retinopathy,21,11,kaggle_p11,0,1,wrong,FP,0.95,Training dataloader shuffles or training dataset is shuffled for training; val/test do not shuffle.,,"The test requires that the training dataloader shuffles but the validation/test dataloader does not shuffle. In the notebook's main training loop (cell 16, /kaggle/repo/cnn-based-detection-of-diabetic-retinopathy.ipynb:16), both the training and validation data generators are created with `shuffle=True`: the training generator uses `train_datagen.flow_from_dataframe(train_df, ..., shuffle=True)` and the validation/test generator uses `test_datagen.flow_from_dataframe(val_df, ..., shuffle=True)`. Since the validation dataloader also has `shuffle=True`, it violates the property that val/test should not shuffle.","/kaggle/repo/cnn-based-detection-of-diabetic-retinopathy.ipynb cell 16 (line containing `x_test_raw = test_datagen.flow_from_dataframe(val_df, x_col=""path"", y_col=""level"", directory=""."", target_size=(256, 256), batch_size=32, class_mode='categorical', shuffle=True)`). This explicit `shuffle=True` on the validation/test dataloader directly contradicts the requirement that val/test should not shuffle.",results\synthetic\synthetic_kaggle_diabetic_AT-Qwen-Qwen3.6-35B-A3B-FP8-static_examples0_case_score_bands.jsonl
0,0.83,diabetic,hsiehchuwei,data\kaggle\kaggle-diabetic\hsiehchuwei,synth-data\injected\repos\ml-bugs\000021_hsiehchuwei\cnn-based-detection-of-diabetic-retinopathy,21,13,kaggle_p13,0,1,wrong,FP,0.95,"Model and inputs are consistently moved to one device; no implicit CPU<->GPU transfers; dtype policy (e.g., fp32/bf16) is applied consistently.",,"The repository uses TensorFlow/Keras for its CNN model (InceptionV3 with custom attention mechanism), NOT PyTorch. The test case requires that models and inputs are consistently moved to one device with no implicit CPU<->GPU transfers and consistent dtype policy. The codebase lacks ANY explicit device management whatsoever: there are no `model.to(device)` or `inputs.to(device)` calls (which are the primary concern for implicit CPU<->GPU transfers). While the `torch.cuda.is_available()` call in cell 1 is present, it is never used — the actual model is built with `tensorflow.keras` and trained with `model.fit()` which handles device placement implicitly through TensorFlow. Furthermore, there a...","[/kaggle/repo/cnn-based-detection-of-diabetic-retinopathy.ipynb:1-2] (Cell 1 contains only `import torch` and `torch.cuda.is_available()` which are never used), [/kaggle/repo/cnn-based-detection-of-diabetic-retinopathy.ipynb:72] (Main imports use `tensorflow.keras` — no PyTorch model usage), [/kaggle/repo/cnn-based-detection-of-diabetic-retinopathy.ipynb:215-272] (Cell 14 creates model using `tensorflow.keras.models.Model` and `InceptionV3` with no device specification), [/kaggle/repo/cnn-based-detection-of-diabetic-retinopathy.ipynb:289-382] (Cell 16 trains with `attention_model.fit()` with no device or dtype management), [/kaggle/repo/kernel-metadata.json:9-10] (Kaggle metadata confirms `e...",results\synthetic\synthetic_kaggle_diabetic_AT-Qwen-Qwen3.6-35B-A3B-FP8-static_examples0_case_score_bands.jsonl
0,0.83,diabetic,naetkss1994,data\kaggle\kaggle-diabetic\naetkss1994,synth-data\injected\repos\ml-bugs\000022_naetkss1994\diabetic-retinopathy-with-resnet50-oversampling,22,1,kaggle_p1,1,0,wrong,FN,0.05,"If there is any model training, then all model parameters are updated during training (no frozen layers unless explicitly intended).","Injected for kaggle_p1. Modified the training notebook to introduce data leakage, improper class balancing, augmentation on validation data, path-feature leakage, frozen parameters, randomized-label callback, incorrect random-label sanity check, flawed baseline computation, ineffective overfit check, CPU/GPU mismatch, and explicit Python looping in path construction.","The repository contains model training using a ResNet50 model (create_cnn with fit_one_cycle calls in cells 38, 45, 54, 59). The only frozen layers are `layer4` parameters which are explicitly set to `requires_grad = False` in Cell 33. This freezing is explicitly intended as part of a transfer learning strategy: the model is first created with `layer4` frozen (Cell 33), trained for 4 epochs (Cell 38), then unfrozen via `learn.unfreeze()` (Cell 42), and subsequently re-trained with all parameters trainable (Cell 45). The same freeze/unfreeze pattern is repeated for higher resolution training in Cells 52-57. This is a standard, explicitly intended transfer learning approach where early layers ...","[/kaggle/repo/diabetic-retinopathy-with-resnet50-oversampling.ipynb:33] - Cell 33 shows explicit freezing: `for name, param in learn.model.named_parameters(): if ""layer4"" in name: param.requires_grad = False` [/kaggle/repo/diabetic-retinopathy-with-resnet50-oversampling.ipynb:38] - Cell 38 shows training with frozen layers: `learn.fit_one_cycle(4,max_lr = 2e-3, callbacks=[ShuffleLabelsCallback(learn)])` [/kaggle/repo/diabetic-retinopathy-with-resnet50-oversampling.ipynb:42] - Cell 42 explicitly unfreezes: `learn.unfreeze()` [/kaggle/repo/diabetic-retinopathy-with-resnet50-oversampling.ipynb:45] - Cell 45 continues training with all parameters: `learn.fit_one_cycle(4, max_lr=slice(1e-6,1e-4))...",results\synthetic\synthetic_kaggle_diabetic_AT-Qwen-Qwen3.6-35B-A3B-FP8-static_examples0_case_score_bands.jsonl
0,0.83,diabetic,naetkss1994,data\kaggle\kaggle-diabetic\naetkss1994,synth-data\injected\repos\ml-bugs\000022_naetkss1994\diabetic-retinopathy-with-resnet50-oversampling,22,12,kaggle_p12,0,1,wrong,FP,0.95,Accuracy should be deterministic (same value) when running the model evaluation multiple times without retraining.,,"The notebook lacks any mechanism to ensure deterministic accuracy across multiple evaluation runs. There is no random seed set (no np.random.seed(), torch.manual_seed(), or random.seed() calls), no torch.backends.cudnn.deterministic setting, and multiple sources of non-determinism: (1) data shuffling with df.sample() (cell 7), (2) train_test_split without random_state (cell 13), (3) random oversampling with .sample() in balance_data (cell 12), (4) non-deterministic data augmentation with random flips and rotations (cell 23: do_flip=True, max_rotate=360), (5) training with torch.randperm in ShuffleLabelsCallback (cell 31), and (6) multiple fit_one_cycle training calls (cells 38, 45, 54, 59) w...","- /kaggle/repo/diabetic-retinopathy-with-resnet50-oversampling.ipynb:7 - df.sample(frac=1).reset_index(drop=True) for random shuffling without seed - /kaggle/repo/diabetic-retinopathy-with-resnet50-oversampling.ipynb:12 - x.sample(class_size, replace=True) and .sample(frac=1) random sampling in balance_data function - /kaggle/repo/diabetic-retinopathy-with-resnet50-oversampling.ipynb:13 - train_test_split without random_state parameter, producing non-deterministic train/val splits - /kaggle/repo/diabetic-retinopathy-with-resnet50-oversampling.ipynb:23 - get_transforms(do_flip=True,flip_vert=True,max_rotate=360,...) with non-deterministic data augmentation - /kaggle/repo/diabetic-retinopathy-...",results\synthetic\synthetic_kaggle_diabetic_AT-Qwen-Qwen3.6-35B-A3B-FP8-static_examples0_case_score_bands.jsonl
0,0.83,diabetic,naetkss1994,data\kaggle\kaggle-diabetic\naetkss1994,synth-data\injected\repos\ml-bugs\000022_naetkss1994\diabetic-retinopathy-with-resnet50-oversampling,22,14,kaggle_p15,1,0,wrong,FN,0.1,"Code does not use explicit loops or Python control flow when matrix operations could have been used to implement the exact same operation more efficiently. If this property is not satisfied, show the matrix operations which should replace the raw Python logic.","Injected for kaggle_p15. Modified the training notebook to introduce data leakage, improper class balancing, augmentation on validation data, path-feature leakage, frozen parameters, randomized-label callback, incorrect random-label sanity check, flawed baseline computation, ineffective overfit check, CPU/GPU mismatch, and explicit Python looping in path construction.","The repository contains only three explicit loops or Python control flow constructs that iterate: (1) Cell 1 iterates over files for printing (`for file in files: print(file)`) which is a simple output operation, not a matrix computation; (2) Cell 7 uses a list comprehension (`[os.path.join(base_image_dir, f'{x}.jpeg') for x in df['image']]`) to build file paths, which is string concatenation, not a numerical matrix operation; (3) Cell 33 iterates over PyTorch model parameters (`for name, param in learn.model.named_parameters()`) to freeze layer4 weights, which is model configuration, not a data computation. None of these loops operate on numerical arrays or matrices where vectorized matrix ...","[/kaggle/repo/diabetic-retinopathy-with-resnet50-oversampling.ipynb:128-140] Cell 1: `for file in files: print(file)` - file listing, not matrix operations [/kaggle/repo/diabetic-retinopathy-with-resnet50-oversampling.ipynb:153-160] Cell 7: list comprehension building file paths via `os.path.join`, string operations not matrix operations [/kaggle/repo/diabetic-retinopathy-with-resnet50-oversampling.ipynb:247-250] Cell 33: `for name, param in learn.model.named_parameters():` - PyTorch model parameter freezing, model configuration not numerical computation [/kaggle/repo/diabetic-retinopathy-with-resnet50-oversampling.ipynb] Full notebook inspection confirms no other explicit loops exist in cod...",results\synthetic\synthetic_kaggle_diabetic_AT-Qwen-Qwen3.6-35B-A3B-FP8-static_examples0_case_score_bands.jsonl
0,0.83,diabetic,hsiehchuwei,data\kaggle\kaggle-diabetic\hsiehchuwei,synth-data\injected\repos\ml-bugs\000023_hsiehchuwei\cnn-based-detection-of-diabetic-retinopathy,23,1,kaggle_p1,1,0,wrong,FN,0.05,"If there is any model training, then all model parameters are updated during training (no frozen layers unless explicitly intended).","Injected for kaggle_p1. Injected data loading, training, and evaluation changes in the main notebook to violate the specified Kaggle ML properties (e.g., data corruption, leakage, shuffling, frozen parameters, and metric misuse).","The repository does contain model training (a Keras CNN with InceptionV3 backbone is trained using .fit() in Cell 16). The model has frozen layers: (1) the base InceptionV3 model is set with `base_pretrained_model.trainable = False` in Cell 14 with an explicit Chinese comment meaning ""keep most pretrained layers frozen"", and (2) the `up_c2` Conv2D layer is set with `up_c2.trainable = False`. The property states that frozen layers are acceptable if ""explicitly intended."" The freezing of the InceptionV3 pretrained backbone is a standard and intentional transfer learning practice — the code explicitly sets `trainable = False` and comments it as intentional. The additional `up_c2.trainable = Fal...","[/kaggle/repo/cnn-based-detection-of-diabetic-retinopathy.ipynb Cell 14 (model definition): Shows `base_pretrained_model.trainable = False` with comment ""保持大部分預訓練層凍結"" (keep most pretrained layers frozen) and `up_c2.trainable = False`; [/kaggle/repo/cnn-based-detection-of-diabetic-retinopathy.ipynb Cell 16 (training loop): Shows `attention_model.trainable = False` set before `.fit()` call, with no subsequent `.trainable = True` or unfreeze code, confirming the freezing is intentional and maintained throughout training.",results\synthetic\synthetic_kaggle_diabetic_AT-Qwen-Qwen3.6-35B-A3B-FP8-static_examples0_case_score_bands.jsonl
0,0.83,diabetic,hsiehchuwei,data\kaggle\kaggle-diabetic\hsiehchuwei,synth-data\injected\repos\ml-bugs\000023_hsiehchuwei\cnn-based-detection-of-diabetic-retinopathy,23,4,kaggle_p4,0,1,wrong,FP,0.85,Any class-imbalance handling (weighted loss / sampler) applies only to training data.,,"The notebook implements class-imbalance handling via a `balance_data` function (oversampling minority classes to match majority class size). However, this balancing function is applied to a concatenated dataframe that includes both training and validation data, meaning the class-imbalance handling is not applied only to training data.","- Cell 16, line 20-25: The `balance_data` function performs oversampling via `df.groupby(['level']).apply(lambda x: x.sample(class_size, replace=True))`, resampling each class to `class_size` with replacement. - Cell 16, line 39: `train_df, val_df = df.iloc[train_index], df.iloc[val_index]` — splits data into training and validation sets. - Cell 16, line 40: `train_df = pd.concat([train_df, val_df]).reset_index(drop=True)` — **concatenates validation data back into the training dataframe**, so `train_df` now contains both original training AND original validation samples. - Cell 16, line 49: `train_df = balance_data(max_class_size, train_df)` — applies the oversampling balancing to the conca...",results\synthetic\synthetic_kaggle_diabetic_AT-Qwen-Qwen3.6-35B-A3B-FP8-static_examples0_case_score_bands.jsonl
0,0.83,diabetic,hsiehchuwei,data\kaggle\kaggle-diabetic\hsiehchuwei,synth-data\injected\repos\ml-bugs\000023_hsiehchuwei\cnn-based-detection-of-diabetic-retinopathy,23,5,kaggle_p5,1,0,wrong,FN,0.05,No path/filename text is fed as a feature unless explicitly intended.,"Injected for kaggle_p5. Injected data loading, training, and evaluation changes in the main notebook to violate the specified Kaggle ML properties (e.g., data corruption, leakage, shuffling, frozen parameters, and metric misuse).","The test case requires that ""No path/filename text is fed as a feature unless explicitly intended."" In Cell 10 of the notebook (lines 11-21), the path/filename text is encoded as a feature (`path_code`) using LabelEncoder and fed to a LogisticRegression model — but this is done with an explicit comment stating it is ""for a quick baseline."" This is explicitly intended as a diagnostic experiment. The path column is also used in Cell 16 (lines 55-56) as `x_col=""path""` in `ImageDataGenerator.flow_from_dataframe`, which serves as a file location reference for loading images, not as a learned ML feature. The main CNN model does not incorporate path text as a learned feature — it only uses pixel da...","[/kaggle/repo/cnn-based-detection-of-diabetic-retinopathy.ipynb:11-21] shows explicit encoding of path/filename as feature with comment ""# Encode path/filename as a feature for a quick baseline""; [/kaggle/repo/cnn-based-detection-of-diabetic-retinopathy.ipynb:55-56] shows path used as file reference in flow_from_dataframe, not as a learned feature.",results\synthetic\synthetic_kaggle_diabetic_AT-Qwen-Qwen3.6-35B-A3B-FP8-static_examples0_case_score_bands.jsonl
0,0.83,diabetic,hsiehchuwei,data\kaggle\kaggle-diabetic\hsiehchuwei,synth-data\injected\repos\ml-bugs\000023_hsiehchuwei\cnn-based-detection-of-diabetic-retinopathy,23,14,kaggle_p15,1,0,wrong,FN,0.1,"Code does not use explicit loops or Python control flow when matrix operations could have been used to implement the exact same operation more efficiently. If this property is not satisfied, show the matrix operations which should replace the raw Python logic.","Injected for kaggle_p15. Injected data loading, training, and evaluation changes in the main notebook to violate the specified Kaggle ML properties (e.g., data corruption, leakage, shuffling, frozen parameters, and metric misuse).","The repository contains several explicit loops and conditional statements, but none of them perform matrix computations that could be replaced with vectorized matrix operations. The loops found are: (1) a plotting loop over 5 subplots (Cell 8, Line 4) — visualization only, not a matrix computation; (2) iteration over TensorFlow dataset batches and individual image samples (Cell 8, Lines 17-18) — processes single images, not matrix operations; (3) a cross-validation fold loop (Cell 16, Line 36) — sequential model training across 10 folds, inherently iterative; and (4) a matplotlib text annotation loop over confusion matrix cells (Cell 17, Line 17) — plotting visualization, while the underlyin...","[/kaggle/repo/cnn-based-detection-of-diabetic-retinopathy.ipynb:8:4-9 (show_batch for-loop), /kaggle/repo/cnn-based-detection-of-diabetic-retinopathy.ipynb:8:17-25 (dataset iteration), /kaggle/repo/cnn-based-detection-of-diabetic-retinopathy.ipynb:16:36 (cross-validation loop), /kaggle/repo/cnn-based-detection-of-diabetic-retinopathy.ipynb:17:17-18 (confusion matrix annotation)]",results\synthetic\synthetic_kaggle_diabetic_AT-Qwen-Qwen3.6-35B-A3B-FP8-static_examples0_case_score_bands.jsonl
0,0.83,diabetic,naetkss1994,data\kaggle\kaggle-diabetic\naetkss1994,synth-data\injected\repos\ml-bugs\000024_naetkss1994\diabetic-retinopathy-with-resnet50-oversampling,24,3,kaggle_p3,0,1,wrong,FP,0.9,Any data augmentation is only performed on the training dataset; val/test dataset use deterministic preprocessing.,,"The notebook applies the same data augmentation transforms (random flips, 360-degree rotation, zoom, lighting changes via `get_transforms()`) to both the training and validation datasets. In fastai v1's `ImageItemList`, the `.transform(tfms, size=sz)` method applies transforms uniformly to all data before `.databunch()` creates the train/val splits. There is no separation where validation uses deterministic preprocessing while training uses augmentation.","[/kaggle/repo/diabetic-retinopathy-with-resnet50-oversampling.ipynb:13] - Dataset split into train_df and val_df using train_test_split with test_size=0.2. [/kaggle/repo/diabetic-retinopathy-with-resnet50-oversampling.ipynb:16-17] - Training data is oversampled, then concatenated back with validation data into single df. [/kaggle/repo/diabetic-retinopathy-with-resnet50-oversampling.ipynb:22] - tfms = get_transforms(do_flip=True,flip_vert=True,max_rotate=360,max_warp=0,max_zoom=1.1,max_lighting=0.1,p_lighting=0.5) defines random data augmentation. src = ImageItemList.from_df(df=df,...).split_by_idx(range(len(train_df)-1,len(df))).label_from_df(cols='level') creates full dataset then splits by...",results\synthetic\synthetic_kaggle_diabetic_AT-Qwen-Qwen3.6-35B-A3B-FP8-static_examples0_case_score_bands.jsonl
0,0.83,diabetic,naetkss1994,data\kaggle\kaggle-diabetic\naetkss1994,synth-data\injected\repos\ml-bugs\000024_naetkss1994\diabetic-retinopathy-with-resnet50-oversampling,24,12,kaggle_p12,0,1,wrong,FP,0.95,Accuracy should be deterministic (same value) when running the model evaluation multiple times without retraining.,,"The notebook has zero random seed controls anywhere in its code. Specifically, (1) no `random.seed()`, `np.random.seed()`, or `torch.manual_seed()` is called anywhere; (2) the dataframe shuffle at cell 7 (`df.sample(frac=1)`) uses no `random_state`; (3) the train/val split at cell 13 (`train_test_split`) is called without `random_state`; (4) data augmentation includes random transforms like `do_flip=True`, `flip_vert=True`, `max_rotate=360` (cell 22); (5) `torch.backends.cudnn.deterministic` is never set. These means the trained model will vary between runs, and consequently the evaluation accuracy will not be deterministic. Running the full pipeline (training + evaluation) multiple times wi...","- [/kaggle/repo/diabetic-retinopathy-with-resnet50-oversampling.ipynb:cell 7] — `df = df.sample(frac=1).reset_index(drop=True)` shuffles without random_state - [/kaggle/repo/diabetic-retinopathy-with-resnet50-oversampling.ipynb:cell 13] — `train_test_split(df, test_size=0.2)` called without random_state - [/kaggle/repo/diabetic-retinopathy-with-resnet50-oversampling.ipynb:cell 22] — `get_transforms(do_flip=True,flip_vert=True,max_rotate=360,...)` applies random augmentations - [/kaggle/repo/diabetic-retinopathy-with-resnet50-oversampling.ipynb:cell 30] — `create_cnn` creates ResNet50 model without any determinism flag - [/kaggle/repo/diabetic-retinopathy-with-resnet50-oversampling.ipynb:cell...",results\synthetic\synthetic_kaggle_diabetic_AT-Qwen-Qwen3.6-35B-A3B-FP8-static_examples0_case_score_bands.jsonl
0,0.83,diabetic,naetkss1994,data\kaggle\kaggle-diabetic\naetkss1994,synth-data\injected\repos\ml-bugs\000024_naetkss1994\diabetic-retinopathy-with-resnet50-oversampling,24,13,kaggle_p13,0,1,wrong,FP,0.9,"Model and inputs are consistently moved to one device; no implicit CPU<->GPU transfers; dtype policy (e.g., fp32/bf16) is applied consistently.",,"The notebook lacks any explicit device placement for the model and inputs. There is no `device` variable, no `.cuda()`, no `.to(device)` calls on the model (created via fastai's `create_cnn`), and no explicit `.to(device)` on input tensors. The only explicit device reference is in the `quadratic_kappa` metric function which places a scalar tensor on `device='cuda:0'` — but this could cause implicit CPU↔GPU transfers if the model or its outputs are not on GPU. Furthermore, there is no explicit dtype policy (fp32/bf16/fp16) anywhere in the code; no `torch.set_default_dtype()`, no `.half()`, no mixed precision handling. The test requires consistent device placement and dtype policy, neither of ...","- Cell 5 (diabetic-retinopathy-with-resnet50-oversampling.ipynb): Only checks `torch.cuda.is_available()` but never stores or uses a device variable. No model/device assignment. - Cell 28 (diabetic-retinopathy-with-resnet50-oversampling.ipynb): `quadratic_kappa` creates `torch.tensor(..., device='cuda:0')` — explicitly placing on GPU, but the model's device is never explicitly set, risking implicit transfers. - Cell 30 (diabetic-retinopathy-with-resnet50-oversampling.ipynb): `create_cnn(data, models.resnet50, ...)` — model creation with no explicit `.cuda()` or `.to(device)` call. Device placement is left to fastai's implicit behavior. - No `dtype` references, no `.half()`, no `torch.set_def...",results\synthetic\synthetic_kaggle_diabetic_AT-Qwen-Qwen3.6-35B-A3B-FP8-static_examples0_case_score_bands.jsonl
0,0.83,nlp,bilalafzal255,data\kaggle\kaggle-nlp\bilalafzal255,synth-data\injected\repos\ml-bugs\000000_bilalafzal255\disaster-tweets-classification-using-transformers,0,1,kaggle_p1,1,0,wrong,FN,0.05,"If there is any model training, then all model parameters are updated during training (no frozen layers unless explicitly intended).","Injected for kaggle_p1. Injected training/evaluation and data handling bugs in the main notebook to violate the specified Kaggle properties (data leakage, augmentation on val/test, frozen parameters, no backprop, shuffled test, weighted sampling on val, non-deterministic eval, device mismatch, inefficient Python loops, and metric computed on train).","The repository does contain model training (a DistilBERT model is fine-tuned on disaster tweets classification, with an optimizer step, loss computation, and training loop running for 2 epochs). During training, the base model parameters are indeed frozen (all `model.base_model.parameters()` have `requires_grad = False`). However, the test case allows frozen layers ""unless explicitly intended"" — and the freezing here is explicitly intended. The code explicitly iterates over all base model parameters and sets `param.requires_grad = False` in a clear, deliberate loop (cell 36), and the optimizer is deliberately configured to only update `model.classifier.parameters()`. This is a standard and e...","[/kaggle/repo/disaster-tweets-classification-using-transformers.ipynb:36] — Cell 36 contains the explicit model parameter freezing: ```python model = AutoModelForSequenceClassification.from_pretrained(checkpoint, num_labels=2) for param in model.base_model.parameters(): param.requires_grad = False from transformers import AdamW optimizer = AdamW(model.classifier.parameters(), lr=5e-5) ``` [/kaggle/repo/disaster-tweets-classification-using-transformers.ipynb:42] — Cell 42 confirms actual model training occurs with optimizer.step(), loss computation, and gradient updates in a training loop: ```python for epoch in range(num_epochs): model.train() for batch in train_dataloader: outputs = model(*...",results\synthetic\synthetic_kaggle_nlp_AT-Qwen-Qwen3.6-35B-A3B-FP8-static_examples0_case_score_bands.jsonl
0,0.83,nlp,bilalafzal255,data\kaggle\kaggle-nlp\bilalafzal255,synth-data\injected\repos\ml-bugs\000000_bilalafzal255\disaster-tweets-classification-using-transformers,0,7,kaggle_p7,0,1,wrong,FP,0.95,Randomizing the labels results in accuracy dropping to be near a random guessing baseline (may not be 0.5 if the data is imbalanced) on a validation set.,,"The test case requires that the codebase demonstrates randomizing labels results in accuracy dropping to near a random guessing baseline on a validation set. The notebook trains a DistilBERT classifier on the disaster-tweets dataset using the actual labels, trains for 2 epochs, and evaluates accuracy on both training and validation sets. However, there is no code anywhere in the notebook that performs label randomization, no experiment where labels are shuffled/permu ted, and no comparison showing that accuracy drops to random-guessing levels when labels are randomized. The only randomization present is: (1) sample() to shuffle training data rows (not labels), (2) np.random.rand() for text a...",[/kaggle/repo/disaster-tweets-classification-using-transformers.ipynb:68-81] loads train.csv and test.csv; [/kaggle/repo/disaster-tweets-classification-using-transformers.ipynb:88-102] shuffles rows with df_train.sample(frac=1) but does not randomize labels; [/kaggle/repo/disaster-tweets-classification-using-transformers.ipynb:289-297] splits data into train ([:7000]) and validation ([7000:]) sets using original labels; [/kaggle/repo/disaster-tweets-classification-using-transformers.ipynb:393-404] renames target column to 'labels' but does not randomize them; [/kaggle/repo/disaster-tweets-classification-using-transformers.ipynb:420-437] creates WeightedRandomSampler for balanced sampling but...,results\synthetic\synthetic_kaggle_nlp_AT-Qwen-Qwen3.6-35B-A3B-FP8-static_examples0_case_score_bands.jsonl
0,0.83,nlp,bilalafzal255,data\kaggle\kaggle-nlp\bilalafzal255,synth-data\injected\repos\ml-bugs\000000_bilalafzal255\disaster-tweets-classification-using-transformers,0,10,kaggle_p10,0,1,wrong,FP,0.85,"Training loss generally decreases during training and plateaus within the number of epochs used (if no loss is logged, then add logging to check this).",,"The test case requires that training loss is logged and monitored to verify it generally decreases and plateaus within the number of epochs. The property states: ""Training loss generally decreases during training and plateaus within the number of epochs used (if no loss is logged, then add logging to check this)."" In the repository's training loop (cell 42 of the notebook), while `loss = outputs.loss.detach()` is computed for each batch, the loss value is never accumulated, tracked in a list, printed per epoch, or logged. There is no loss logging mechanism, and no `plt.plot()` or similar visualization code exists. Since the test explicitly states ""if no loss is logged, then add logging to ch...","[/kaggle/repo/disaster-tweets-classification-using-transformers.ipynb:42] — Training cell showing `loss = outputs.loss.detach()` but loss is never accumulated, logged, printed, or stored. The variable is transient and overwritten each batch iteration with no tracking across batches or epochs. No loss per-epoch average is computed or printed. No `plt.plot()` or visualization code exists anywhere in the notebook. [/kaggle/repo/disaster-tweets-classification-using-transformers.ipynb:38] — Shows `num_epochs = 2`, confirming the number of epochs used for training. No code exists to save or report epoch-level loss values across these 2 epochs.",results\synthetic\synthetic_kaggle_nlp_AT-Qwen-Qwen3.6-35B-A3B-FP8-static_examples0_case_score_bands.jsonl
0,0.83,nlp,bilalafzal255,data\kaggle\kaggle-nlp\bilalafzal255,synth-data\injected\repos\ml-bugs\000001_bilalafzal255\disaster-tweets-classification-using-transformers,1,10,kaggle_p10,0,1,wrong,FP,0.95,"Training loss generally decreases during training and plateaus within the number of epochs used (if no loss is logged, then add logging to check this).",,"The test case requires that training loss generally decreases during training and plateaus, and explicitly states that if no loss is logged, logging should be added to check this. The repository's training loop (cell 42 in the notebook) computes the loss (`loss = outputs.loss`) and backpropagates it (`loss.backward()`), but never logs, prints, saves, or tracks the loss values anywhere. The only output during/after training is `print(metric.compute())` which reports accuracy, not loss. There is no code that accumulates loss values, no logging mechanism, and no added logging to monitor loss decrease. This directly violates the property requirement.","[/kaggle/repo/disaster-tweets-classification-using-transformers.ipynb:cell 42 (lines containing the training loop)] - The training loop code shows `loss = outputs.loss` and `loss.backward()` are called, but there is no loss tracking (no `losses.append`, no `train_losses` list, no print of loss, no wandb/tensorboard logging). The only print statement is `print(metric.compute())` which outputs accuracy. [/kaggle/repo/disaster-tweets-classification-using-transformers.ipynb:cell 38 (num_epochs = 2)] - Confirms 2 epochs are used for training.",results\synthetic\synthetic_kaggle_nlp_AT-Qwen-Qwen3.6-35B-A3B-FP8-static_examples0_case_score_bands.jsonl
0,0.83,nlp,bilalafzal255,data\kaggle\kaggle-nlp\bilalafzal255,synth-data\injected\repos\ml-bugs\000001_bilalafzal255\disaster-tweets-classification-using-transformers,1,11,kaggle_p11,0,1,wrong,FP,0.85,Training dataloader shuffles or training dataset is shuffled for training; val/test do not shuffle.,,"The repository satisfies the first part of the test (training dataset is shuffled via df_train.sample(frac=1) in cell 6, and training dataloader uses WeightedRandomSampler), but FAILS the second part: the validation dataloader uses WeightedRandomSampler which effectively shuffles the validation data. The test requires that ""val/test do not shuffle."" The val_dataloader in cell 32 creates a WeightedRandomSampler(val_sample_weights, num_samples=len(val_sample_weights), replacement=True) and passes it as the sampler to DataLoader. Since WeightedRandomSampler with replacement=True generates random indices, this shuffles the validation data, violating the requirement.","**Test case requirement**: ""Training dataloader shuffles or training dataset is shuffled for training; val/test do not shuffle."" **Analysis**: 1. **Training data shuffling**: - Cell 6 (line with `df_train.sample(frac=1)`) explicitly shuffles the training dataframe: `df_train = df_train.sample(frac=1)` with comment ""Shuffling the train data to eliminate any order that the model might learn"". This satisfies ""training dataset is shuffled for training."" - Additionally, in Cell 32, `train_dataloader` uses `WeightedRandomSampler` which samples with replacement — this itself provides shuffling behavior during training (weighted sampling across the dataset). The explicit `shuffle=False` is overridde...",results\synthetic\synthetic_kaggle_nlp_AT-Qwen-Qwen3.6-35B-A3B-FP8-static_examples0_case_score_bands.jsonl
0,0.83,nlp,bilalafzal255,data\kaggle\kaggle-nlp\bilalafzal255,synth-data\injected\repos\ml-bugs\000002_bilalafzal255\disaster-tweets-classification-using-transformers,2,2,kaggle_p2,1,0,wrong,FN,0.15,"Data is loaded and preprocessed correctly (e.g., no all-black images, no text with weird or unexpected characters, tables look correct and feature values are reasonable).","Injected for kaggle_p2. Injected six synthetic bugs in the notebook: appended path-like strings to text features, shuffled training labels after split, applied class-imbalance sampling to both train and validation loaders, restricted optimizer to classifier parameters, forced model onto CPU while batches move to device, and evaluated metrics on training data instead of validation.","The repository loads CSV data from the nlp-getting-started Kaggle dataset using pandas read_csv. It implements an extensive text preprocessing pipeline including: (1) A comprehensive clean() function that handles UTF-8 encoding artifacts, expands contractions, resolves character entity references (&gt;, &lt;, &amp;), fixes typos and slang, expands hashtags and usernames into separate words, removes URLs, and expands acronyms. (2) Additional cleaning via remove_html(), remove_punct(), and remove_emoji() functions. (3) Manual correction of mislabeled duplicate texts. The test criterion mentions 'no all-black images' which is not applicable to this text-only task. The text cleaning effectively ...","[/kaggle/repo/disaster-tweets-classification-using-transformers.ipynb:4-4] (data loading via pd.read_csv), [/kaggle/repo/disaster-tweets-classification-using-transformers.ipynb:7] (comprehensive clean() function with ~700 lines of regex-based text cleaning), [/kaggle/repo/disaster-tweets-classification-using-transformers.ipynb:11-13] (remove_html, remove_punct, remove_emoji functions), [/kaggle/repo/disaster-tweets-classification-using-transformers.ipynb:14] (applying cleaning functions to train and test data), [/kaggle/repo/disaster-tweets-classification-using-transformers.ipynb:8-9] (handling mislabeled duplicate texts), [/kaggle/repo/disaster-tweets-classification-using-transformers.ipynb...",results\synthetic\synthetic_kaggle_nlp_AT-Qwen-Qwen3.6-35B-A3B-FP8-static_examples0_case_score_bands.jsonl
0,0.83,nlp,bilalafzal255,data\kaggle\kaggle-nlp\bilalafzal255,synth-data\injected\repos\ml-bugs\000002_bilalafzal255\disaster-tweets-classification-using-transformers,2,10,kaggle_p10,0,1,wrong,FP,0.85,"Training loss generally decreases during training and plateaus within the number of epochs used (if no loss is logged, then add logging to check this).",,"The test requires that training loss is logged and that it decreases and plateaus during training (with the conditional: ""if no loss is logged, then add logging to check this""). The repository's training loop in cell 42 of the notebook computes the loss (loss = outputs.loss) and uses it for backpropagation (loss.backward()), but never logs, stores, or prints the loss values. The only metric that is printed is accuracy via metric.compute() at the end of each epoch. Since there is no loss logging mechanism in the code, the property cannot be satisfied — loss is never recorded to verify it decreases and plateaus, and the requirement to add logging was not implemented.","[/kaggle/repo/disaster-tweets-classification-using-transformers.ipynb:42] - Training loop (cell 42) computes loss with `loss = outputs.loss` and `loss.backward()` but never stores, logs, or prints loss values. Only `print(metric.compute())` prints accuracy. [/kaggle/repo/disaster-tweets-classification-using-transformers.ipynb:38] - Configuration shows num_epochs = 2. No other code cell contains loss logging, loss tracking, loss plotting, or loss history storage.",results\synthetic\synthetic_kaggle_nlp_AT-Qwen-Qwen3.6-35B-A3B-FP8-static_examples0_case_score_bands.jsonl
0,0.83,nlp,bilalafzal255,data\kaggle\kaggle-nlp\bilalafzal255,synth-data\injected\repos\ml-bugs\000002_bilalafzal255\disaster-tweets-classification-using-transformers,2,11,kaggle_p11,0,1,wrong,FP,0.85,Training dataloader shuffles or training dataset is shuffled for training; val/test do not shuffle.,,"The test requires that training data is shuffled while val/test do NOT shuffle. While the training data IS properly shuffled (via `df_train.sample(frac=1)` in cell 6 and `WeightedRandomSampler` in cell 32), the validation dataloader ALSO shuffles its data because it uses `val_sampler = WeightedRandomSampler(val_sample_weights, num_samples=len(val_sample_weights), replacement=True)` (cell 32). `WeightedRandomSampler` with `replacement=True` produces shuffled (weighted random) indices, meaning validation samples are presented in random order rather than their original order. The test dataloader correctly does not shuffle (cell 44, no sampler specified, defaults to `shuffle=False`). Since val d...","[/kaggle/repo/disaster-tweets-classification-using-transformers.ipynb:6-7] Training data is shuffled: `df_train = df_train.sample(frac=1)` and `df_train.reset_index(drop=True, inplace=True)` explicitly shuffle the training dataset. [/kaggle/repo/disaster-tweets-classification-using-transformers.ipynb:32] Both train_dataloader and val_dataloader use WeightedRandomSampler with replacement=True. The val_sampler shuffles validation data: `val_sampler = WeightedRandomSampler(val_sample_weights, num_samples=len(val_sample_weights), replacement=True)`. [/kaggle/repo/disaster-tweets-classification-using-transformers.ipynb:44] Test dataloader does NOT shuffle: `test_dataloader = DataLoader(tokenized_...",results\synthetic\synthetic_kaggle_nlp_AT-Qwen-Qwen3.6-35B-A3B-FP8-static_examples0_case_score_bands.jsonl
0,0.83,nlp,bilalafzal255,data\kaggle\kaggle-nlp\bilalafzal255,synth-data\injected\repos\ml-bugs\000003_bilalafzal255\disaster-tweets-classification-using-transformers,3,14,kaggle_p15,1,0,wrong,FN,0.15,"Code does not use explicit loops or Python control flow when matrix operations could have been used to implement the exact same operation more efficiently. If this property is not satisfied, show the matrix operations which should replace the raw Python logic.","Injected for kaggle_p15. Modified the notebook to embed file path strings into text features via a Python list comprehension, enabled shuffling for validation with multi-worker loading, and reduced training to a single epoch to inhibit observing loss trends.","The repository contains several uses of explicit loops and Python control flow, but none of them are cases where matrix operations could replace them to achieve the exact same operation more efficiently. The three `for` loops (Cells 34, 42, 45) are iterative training/inference loops for PyTorch deep learning — these are algorithmically necessary and cannot be replaced by matrix operations. The two list comprehensions in Cell 16 construct formatted strings by combining individual DataFrame columns — these are row-level string concatenations, not matrix operations, and cannot be replaced by matrix operations. The list comprehension in Cell 47 (`torch.cat([e for e in preds])`) is a trivial micr...","- [/kaggle/repo/disaster-tweets-classification-using-transformers.ipynb:Cell 16] — List comprehensions `[f""{t} | {k} | ..."" for t, k, idx in zip(...)]` used for string concatenation of individual text fields. These are row-level string operations, not matrix operations. - [/kaggle/repo/disaster-tweets-classification-using-transformers.ipynb:Cell 34] — Debug loop `for batch in train_dataloader:` that prints batch shapes. Trivial, not replaceable by matrix operations. - [/kaggle/repo/disaster-tweets-classification-using-transformers.ipynb:Cell 42] — Training loop with `for epoch in range(num_epochs):` and `for batch in train_dataloader:`. These are algorithmic PyTorch training loops requiring ...",results\synthetic\synthetic_kaggle_nlp_AT-Qwen-Qwen3.6-35B-A3B-FP8-static_examples0_case_score_bands.jsonl
0,0.83,nlp,aryagokh,data\kaggle\kaggle-nlp\aryagokh,synth-data\injected\repos\ml-bugs\000004_aryagokh\disaster-tweets-bert-0-835score,4,7,kaggle_p7,0,1,wrong,FP,0.95,Randomizing the labels results in accuracy dropping to be near a random guessing baseline (may not be 0.5 if the data is imbalanced) on a validation set.,,"The test case requires that the repository demonstrate that randomizing labels results in accuracy dropping to near a random guessing baseline on a validation set. After thorough inspection of the entire repository (a single Kaggle notebook), I found absolutely no code or mechanism that randomizes labels. The repository contains a BERT model trained on the Disaster Tweets dataset with a train/validation split, but there is no label randomization, no permutation of labels, no label noise injection, and no evaluation under randomized labels. The only 'random' operations are `random_state=42` in train_test_split (for reproducibility) and random masking augmentation on input tokens (not labels)....","[/kaggle/repo/disaster-tweets-bert-0-835score.ipynb:222] - Contains `random_state=42` in `train_test_split`, which is for reproducibility of the train/val split, not label randomization. [/kaggle/repo/disaster-tweets-bert-0-835score.ipynb:341] - Contains ""Apply lightweight random masking augmentation"" which randomly masks input tokens during training, not label randomization. [/kaggle/repo/disaster-tweets-bert-0-835score.ipynb:455] - Same random masking of input tokens in the test prediction code. No code exists anywhere in the notebook that permutes, shuffles, randomizes, or swaps labels for evaluation purposes.",results\synthetic\synthetic_kaggle_nlp_AT-Qwen-Qwen3.6-35B-A3B-FP8-static_examples0_case_score_bands.jsonl
0,0.83,nlp,aryagokh,data\kaggle\kaggle-nlp\aryagokh,synth-data\injected\repos\ml-bugs\000004_aryagokh\disaster-tweets-bert-0-835score,4,13,kaggle_p13,0,1,wrong,FP,0.85,"Model and inputs are consistently moved to one device; no implicit CPU<->GPU transfers; dtype policy (e.g., fp32/bf16) is applied consistently.",,"The repository contains code that uses `model.device` to determine where to move tensors, which means the device placement depends on runtime conditions (where the model was loaded). The model `BertForSequenceClassification.from_pretrained()` is loaded without explicit `.to(device)` placement, so it defaults to CPU. However, in cell 17 (inference), code does `val.to(model.device)` and `preds.cpu().numpy()`. The key issues are: 1. **No explicit device placement**: The model is never explicitly moved to a device via `.to(device)` or `.cuda()`. It relies on `model.device` which defaults to CPU. This means if a GPU is available, no implicit CPU<->GPU transfer happens explicitly in the code, but ...","[/kaggle/repo/disaster-tweets-bert-0-835score.ipynb:33-34] Model loading without explicit device placement: `model = BertForSequenceClassification.from_pretrained('bert-base-uncased', num_labels=2)` - no `.to(device)` call. [/kaggle/repo/disaster-tweets-bert-0-835score.ipynb:39] `class_weights = torch.tensor(class_weights, dtype=torch.float)` - fp32 dtype used for class weights. [/kaggle/repo/disaster-tweets-bert-0-835score.ipynb:64] `loss_fct = torch.nn.CrossEntropyLoss(weight=class_weights.to(model.device))` - dynamic device reference to `model.device`. [/kaggle/repo/disaster-tweets-bert-0-835score.ipynb:40] `inputs = {key: val.to(model.device) for key, val in batch.items()}` - data moved ...",results\synthetic\synthetic_kaggle_nlp_AT-Qwen-Qwen3.6-35B-A3B-FP8-static_examples0_case_score_bands.jsonl
0,0.83,nlp,aryagokh,data\kaggle\kaggle-nlp\aryagokh,synth-data\injected\repos\ml-bugs\000005_aryagokh\disaster-tweets-bert-0-835score,5,1,kaggle_p1,0,1,wrong,FP,0.85,"If there is any model training, then all model parameters are updated during training (no frozen layers unless explicitly intended).",,"The repository contains active model training code (CODE CELL 15, ""BERT 1 Modified"") that calls `trainer.train()` on a BERT model. However, the TrainingArguments are configured with `learning_rate=0.0` (line 48 of CODE CELL 15). With a learning rate of 0.0, no model parameters will be updated during the training process, even though no layers are explicitly frozen (no `requires_grad=False` or `freeze()` patterns found anywhere in the code). The property requires that ""all model parameters are updated during training,"" and a learning rate of 0.0 directly prevents this. While the parenthetical mentions ""no frozen layers unless explicitly intended,"" the core requirement is that parameters must ...","- The comment says ""# Set a learning rate"" with value 0.0 - The title says ""0.835 f1 score"" suggesting this code produced that result - In other cells (19, 22), learning rates of `2e-5` and `3e-5` are used (commented out) The `learning_rate=0.0` is almost certainly a bug/typo, not an intentional freeze. But since the property says ""unless explicitly intended,"" and `0.0` is explicitly set, we need to determine intent. Given that the code claims ""0.835 f1 score"" in the title and comments, and the `trainer.train()` is actually called, the most reasonable interpretation is that **the learning rate of 0.0 is a bug** and parameters were intended to be trained. But for a static analysis, we can't k...",results\synthetic\synthetic_kaggle_nlp_AT-Qwen-Qwen3.6-35B-A3B-FP8-static_examples0_case_score_bands.jsonl
0,0.83,nlp,aryagokh,data\kaggle\kaggle-nlp\aryagokh,synth-data\injected\repos\ml-bugs\000005_aryagokh\disaster-tweets-bert-0-835score,5,9,kaggle_p9,0,1,wrong,FP,0.9,The model can overfit a single (or tiny) batch to near-zero loss.,,"The repository's active training code (Cell 15) sets `learning_rate=0.0` in TrainingArguments, which prevents any weight updates during training. With zero learning rate, the optimizer cannot modify model parameters, making it impossible for the model to learn from any data, including a single/tiny batch. Without learning, the loss cannot decrease to near-zero, and therefore the model cannot overfit a batch as required by the test case. All other training-related cells (BERT 1, BERT 2, RoBERTa 1) are entirely commented out and not executed.","[/kaggle/repo/disaster-tweets-bert-0-835score.ipynb:15] (Cell 15 is the only active training cell; line with `learning_rate=0.0` prevents any gradient-based learning), [/kaggle/repo/disaster-tweets-bert-0-835score.ipynb:13] (BERT 1 training code is fully commented out), [/kaggle/repo/disaster-tweets-bert-0-835score.ipynb:19] (BERT 2 training code is fully commented out), [/kaggle/repo/disaster-tweets-bert-0-835score.ipynb:22] (RoBERTa 1 training code is fully commented out)",results\synthetic\synthetic_kaggle_nlp_AT-Qwen-Qwen3.6-35B-A3B-FP8-static_examples0_case_score_bands.jsonl
0,0.83,nlp,aryagokh,data\kaggle\kaggle-nlp\aryagokh,synth-data\injected\repos\ml-bugs\000005_aryagokh\disaster-tweets-bert-0-835score,5,12,kaggle_p12,0,1,wrong,FP,0.85,Accuracy should be deterministic (same value) when running the model evaluation multiple times without retraining.,,"The notebook does not implement measures to ensure deterministic model evaluation. Specifically: (1) The custom `WeightedLossTrainer.get_eval_dataloader()` method in Cell 15 explicitly sets `shuffle=True` on the evaluation DataLoader without providing a seed generator, introducing non-deterministic batch ordering during evaluation. (2) No `torch.manual_seed()` or `np.random.seed()` is called anywhere in the active code. (3) The `TrainingArguments` object does not set the `seed` parameter, which would enable reproducibility in the Transformers library. While `train_test_split` uses `random_state=42` for the data split (Cell 11), this only ensures deterministic splitting, not deterministic eva...","[/kaggle/repo/disaster-tweets-bert-0-835score.ipynb:15 (Cell 15)] — Contains the `WeightedLossTrainer` class with `get_eval_dataloader` that uses `shuffle=True` without a random seed generator: `return DataLoader(eval_dataset, batch_size=self.args.per_device_eval_batch_size, shuffle=True)`. [/kaggle/repo/disaster-tweets-bert-0-835score.ipynb:15 (Cell 15)] — `TrainingArguments` does not include a `seed` parameter for reproducibility. [/kaggle/repo/disaster-tweets-bert-0-835score.ipynb:11 (Cell 11)] — Only `random_state=42` is set for `train_test_split`, ensuring deterministic data split but not deterministic evaluation. No `torch.manual_seed()` or `np.random.seed()` calls exist in the active ...",results\synthetic\synthetic_kaggle_nlp_AT-Qwen-Qwen3.6-35B-A3B-FP8-static_examples0_case_score_bands.jsonl
0,0.83,nlp,aryagokh,data\kaggle\kaggle-nlp\aryagokh,synth-data\injected\repos\ml-bugs\000006_aryagokh\disaster-tweets-bert-0-835score,6,2,kaggle_p2,0,1,wrong,FP,0.85,"Data is loaded and preprocessed correctly (e.g., no all-black images, no text with weird or unexpected characters, tables look correct and feature values are reasonable).",,"The repository FAILS the data loading and preprocessing correctness test. Multiple issues were found: (1) The text cleaning function in Cell 9 applies regex operations (re.sub) to the text column without first handling NaN values, which would cause errors on records with missing text. (2) In the submission code (Cell 17), there is a deliberate bug that appends a file path ('/kaggle/input/nlp-getting-started/test.csv') to every text input, introducing garbage/weird characters into the feature data. (3) Test data is not preprocessed through the clean_text function at all, meaning hashtags, links, and HTML tags remain in test inputs. (4) There is no validation that text isn't empty after cleani...","[ - Cell 9: text cleaning via data['text'].apply(clean_text) without prior NaN handling [/kaggle/repo/disaster-tweets-bert-0-835score.ipynb:Cell 9], - Cell 17: deliberate bug appending file path to test text: test_df['text'] = test_df['text'] + ' /kaggle/input/nlp-getting-started/test.csv' [/kaggle/repo/disaster-tweets-bert-0-835score.ipynb:Cell 17], - Cell 5: data loading via pd.read_csv [/kaggle/repo/disaster-tweets-bert-0-835score.ipynb:Cell 5], - Cell 7: only has len(data), data.isna().sum() for overall NaN check, no text-specific handling [/kaggle/repo/disaster-tweets-bert-0-835score.ipynb:Cell 7] ]",results\synthetic\synthetic_kaggle_nlp_AT-Qwen-Qwen3.6-35B-A3B-FP8-static_examples0_case_score_bands.jsonl
0,0.83,nlp,aryagokh,data\kaggle\kaggle-nlp\aryagokh,synth-data\injected\repos\ml-bugs\000006_aryagokh\disaster-tweets-bert-0-835score,6,4,kaggle_p4,0,1,wrong,FP,0.85,Any class-imbalance handling (weighted loss / sampler) applies only to training data.,,"The repository implements a WeightedLossTrainer class that overrides compute_loss to apply class-imbalance handling (weighted CrossEntropyLoss) to ALL batches, including evaluation batches. The class_weights are computed from train_labels only (line 33 of cell 15), but the overridden compute_loss method (lines 54-61 of cell 15) applies these weights unconditionally via torch.nn.CrossEntropyLoss(weight=class_weights.to(model.device)) to every batch. Since the HuggingFace Trainer.evaluate() method internally calls compute_loss on evaluation data, the class-imbalance handling (weighted loss) is applied to validation data as well, violating the property that such handling should apply only to tr...","[/kaggle/repo/disaster-tweets-bert-0-835score.ipynb:15] - The notebook cell 15 contains the full implementation. Key lines: Line 33: class_weights = compute_class_weight('balanced', classes=np.unique(train_labels), y=train_labels) - weights computed from training data only; Lines 54-61: class WeightedLossTrainer(Trainer) with overridden compute_loss that unconditionally applies CrossEntropyLoss(weight=class_weights.to(model.device)) to every batch (no conditional check for training vs evaluation); Lines 72-79: Trainer instantiated with both train_dataset and eval_dataset; Line 83: trainer.evaluate() calls the overridden compute_loss on evaluation data with class weights.",results\synthetic\synthetic_kaggle_nlp_AT-Qwen-Qwen3.6-35B-A3B-FP8-static_examples0_case_score_bands.jsonl
0,0.83,nlp,aryagokh,data\kaggle\kaggle-nlp\aryagokh,synth-data\injected\repos\ml-bugs\000006_aryagokh\disaster-tweets-bert-0-835score,6,9,kaggle_p9,0,1,wrong,FP,0.95,The model can overfit a single (or tiny) batch to near-zero loss.,,"The test case requires that the model can overfit a single (or tiny) batch to near-zero loss. The repository's active training code (cell 15 of the notebook) trains a BERT model on the full nlp-getting-started dataset with `per_device_train_batch_size=16`, `num_train_epochs=5`, and `warmup_steps=500`. The training dataset contains approximately 6,080 samples (80% of ~7,600 tweets after train_test_split with test_size=0.2), resulting in ~380 batches per epoch. There is no code anywhere in the notebook that creates a tiny single-batch subset, sets batch_size equal to the full dataset size, or implements an overfitting sanity check. All training code uses the full dataset with standard hyperpar...","[/kaggle/repo/disaster-tweets-bert-0-835score.ipynb:1-1 (notebook structure, single JSON file)] - The notebook contains the entire codebase. [/kaggle/repo/disaster-tweets-bert-0-835score.ipynb (cell 15, active training cell): `per_device_train_batch_size=16`, `num_train_epochs=5`, `warmup_steps=500` - training uses full dataset, not a tiny batch] - [/kaggle/repo/disaster-tweets-bert-0-835score.ipynb (cell 11): `train_test_split(data['text'], data['target'], test_size=0.2, random_state=42)` - full dataset splitting, no tiny subset] - [/kaggle/repo/kernel-metadata.json:1-21 - kernel metadata confirms this is a standard Kaggle kernel for the nlp-getting-started competition, no special overfitti...",results\synthetic\synthetic_kaggle_nlp_AT-Qwen-Qwen3.6-35B-A3B-FP8-static_examples0_case_score_bands.jsonl
0,0.83,nlp,aryagokh,data\kaggle\kaggle-nlp\aryagokh,synth-data\injected\repos\ml-bugs\000007_aryagokh\disaster-tweets-bert-0-835score,7,0,kaggle_p0,0,1,wrong,FP,0.95,"No leakage from test to train/val sets. If there is any model selection or hyperparameter tuning, then it uses val only.",,"The notebook exhibits clear data leakage from test to train/val sets. In cell 9 (the data preprocessing cell), the labels are shuffled using `data['target'].sample(frac=1.0, random_state=42)` and then the shuffled labels are concatenated into the text column via `data['text'] = data['text'] + ' label_' + data['target'].astype(str)`. This happens BEFORE the train/test split (cell 11: `train_test_split(data['text'], data['target'], test_size=0.2, random_state=42)`). As a result, labels from rows that end up in the test set leak into the training data's text (and vice versa). This directly violates the property that there should be no leakage from test to train/val sets.","[/kaggle/repo/disaster-tweets-bert-0-835score.ipynb:9-16] - Cell 9 contains the data leakage code where labels are shuffled and injected into the text column before the train/test split. Specifically, line 12-14 shuffle the targets: `shuffled_targets = data['target'].sample(frac=1.0, random_state=42).reset_index(drop=True)` and `data['target'] = shuffled_targets.values`. Line 16 injects labels into text: `data['text'] = data['text'] + ' label_' + data['target'].astype(str)`. [/kaggle/repo/disaster-tweets-bert-0-835score.ipynb:11] - Cell 11 performs the train/test split on the already-contaminated data: `train_texts, val_texts, train_labels, val_labels = train_test_split(data['text'], data['t...",results\synthetic\synthetic_kaggle_nlp_AT-Qwen-Qwen3.6-35B-A3B-FP8-static_examples0_case_score_bands.jsonl
0,0.83,nlp,aryagokh,data\kaggle\kaggle-nlp\aryagokh,synth-data\injected\repos\ml-bugs\000007_aryagokh\disaster-tweets-bert-0-835score,7,1,kaggle_p1,1,0,wrong,FN,0.05,"If there is any model training, then all model parameters are updated during training (no frozen layers unless explicitly intended).","Injected for kaggle_p1. Injected label leakage and randomization, global text augmentation, frozen embeddings, label noise in loss, non-deterministic metric computation, shuffled eval dataloader, and forced CUDA class weights to violate specified properties.","The repository contains model training code (BERT fine-tuning for disaster tweet classification in cell 15 of the notebook). The property requires that all model parameters are updated during training, with frozen layers allowed only if explicitly intended. In the active training cell, there is one instance of freezing: `model.bert.embeddings` parameters are explicitly set to `requires_grad = False` with a clear comment ""# Freeze embeddings (parameters will not be updated)"". This constitutes an explicit intent to freeze the embedding layer. There is no code that re-enables these parameters for gradient updates. Since the frozen layer (embeddings) is explicitly and intentionally frozen with c...","[/kaggle/repo/disaster-tweets-bert-0-835score.ipynb:15 - Cell 15, lines 43-46: Active training code that loads BertForSequenceClassification and explicitly freezes embeddings via `for param in model.bert.embeddings.parameters(): param.requires_grad = False` with the comment ""# Freeze embeddings (parameters will not be updated)"". Lines 109-110: `trainer.train()` and `trainer.evaluate()` confirm model training occurs. No other active training cells (cells 13, 19, 22 are all commented out). No code re-enables requires_grad for the frozen embeddings anywhere in the notebook.]",results\synthetic\synthetic_kaggle_nlp_AT-Qwen-Qwen3.6-35B-A3B-FP8-static_examples0_case_score_bands.jsonl
0,0.83,nlp,aryagokh,data\kaggle\kaggle-nlp\aryagokh,synth-data\injected\repos\ml-bugs\000007_aryagokh\disaster-tweets-bert-0-835score,7,2,kaggle_p2,0,1,wrong,FP,0.9,"Data is loaded and preprocessed correctly (e.g., no all-black images, no text with weird or unexpected characters, tables look correct and feature values are reasonable).",,"The repository FAILS the test because data is loaded and preprocessed incorrectly in multiple severe ways. The primary violations are: (1) In cell 9 [/kaggle/repo/disaster-tweets-bert-0-835score.ipynb:12-14], the target labels are randomized using `data['target'].sample(frac=1.0, random_state=42)`, which completely destroys the correct text-to-label correspondence in the dataset. (2) In cell 9 [/kaggle/repo/disaster-tweets-bert-0-835score.ipynb:15-16], the randomized labels are appended directly to the text feature (`data['text'] = data['text'] + ' label_' + data['target'].astype(str)`), causing severe data leakage where the model can trivially learn from the appended label rather than the a...","1. [/kaggle/repo/disaster-tweets-bert-0-835score.ipynb:12-14] - Line 13: `shuffled_targets = data['target'].sample(frac=1.0, random_state=42).reset_index(drop=True)` shuffles all labels; Line 14: `data['target'] = shuffled_targets.values` replaces original labels with shuffled ones, destroying text-label correspondence. 2. [/kaggle/repo/disaster-tweets-bert-0-835score.ipynb:15-16] - Line 16: `data['text'] = data['text'] + ' label_' + data['target'].astype(str)` appends the target label to every text entry, creating severe data leakage. 3. [/kaggle/repo/disaster-tweets-bert-0-835score.ipynb:79-80] - Line 79: `noise_mask = torch.rand(labels.shape, device=labels.device) < 0.2` and Line 80: `lab...",results\synthetic\synthetic_kaggle_nlp_AT-Qwen-Qwen3.6-35B-A3B-FP8-static_examples0_case_score_bands.jsonl
0,0.83,nlp,aryagokh,data\kaggle\kaggle-nlp\aryagokh,synth-data\injected\repos\ml-bugs\000007_aryagokh\disaster-tweets-bert-0-835score,7,4,kaggle_p4,0,1,wrong,FP,0.85,Any class-imbalance handling (weighted loss / sampler) applies only to training data.,,"The repository implements class-imbalance handling via a weighted loss function in the `WeightedLossTrainer` class (Cell 15 of the notebook). The `compute_loss` method unconditionally applies `class_weights` (computed from training labels only) to all `CrossEntropyLoss` computations via `loss_fct = torch.nn.CrossEntropyLoss(weight=class_weights.to(model.device))`. The `model.training` flag is only used to gate label noise injection, NOT to gate the class weight application. Since the HuggingFace `Trainer.compute_loss` method is called during both training and evaluation loops, the weighted loss is applied during evaluation as well, violating the property that class-imbalance handling should ...","[/kaggle/repo/disaster-tweets-bert-0-835score.ipynb:15] — Cell 15 (active code) contains the `WeightedLossTrainer` class with `compute_loss` method that applies `class_weights` unconditionally to `CrossEntropyLoss`. Line shows `class_weights = compute_class_weight('balanced', classes=np.unique(train_labels), y=train_labels)` computing weights from training data, and `loss_fct = torch.nn.CrossEntropyLoss(weight=class_weights.to(model.device))` applying weights in all loss computations regardless of training/evaluation mode. The `model.training` conditional only controls label noise injection, not the weighted loss application.",results\synthetic\synthetic_kaggle_nlp_AT-Qwen-Qwen3.6-35B-A3B-FP8-static_examples0_case_score_bands.jsonl
0,0.83,nlp,aryagokh,data\kaggle\kaggle-nlp\aryagokh,synth-data\injected\repos\ml-bugs\000007_aryagokh\disaster-tweets-bert-0-835score,7,6,kaggle_p6,0,1,wrong,FP,0.95,"Reported metrics use the correct split(s) and the exact definitions claimed (e.g., micro vs macro, top-k).",,"The notebook reports an F1 score of 0.835 (as stated in the title ""Disaster_Tweets_Bert-0.835score""), but the actual metric computation uses `f1_score(labels, preds, average='weighted')` — a weighted F1 score, not the micro or macro F1 that the Kaggle ""nlp-getting-started"" competition standardly uses. The metric definition is explicitly weighted, which can produce different values than macro/micro F1, especially on imbalanced datasets. Furthermore, the reported metric is corrupted by intentional data manipulation: (1) labels are randomly shuffled before the train/val split, leaking test information into training; (2) predictions are randomly flipped with 5% probability during metric computat...","[/kaggle/repo/disaster-tweets-bert-0-835score.ipynb:1 (notebook title metadata claims ""0.835score""), /kaggle/repo/disaster-tweets-bert-0-835score.ipynb:9 (cells containing data leakage code: labels are randomly shuffled via `data['target'].sample(frac=1.0, random_state=42)` and leaked into text via `data['text'] = data['text'] + ' label_' + data['target'].astype(str)`), /kaggle/repo/disaster-tweets-bert-0-835score.ipynb:15 (the `compute_metrics` function uses `f1_score(labels, preds, average='weighted')` which computes weighted F1, not macro or micro; additionally, it flips 5% of predictions via `flip_mask = rng.random(len(preds)) < 0.05; preds = np.where(flip_mask, 1 - preds, preds)`); /kag...",results\synthetic\synthetic_kaggle_nlp_AT-Qwen-Qwen3.6-35B-A3B-FP8-static_examples0_case_score_bands.jsonl
0,0.83,nlp,aryagokh,data\kaggle\kaggle-nlp\aryagokh,synth-data\injected\repos\ml-bugs\000008_aryagokh\disaster-tweets-bert-0-835score,8,1,kaggle_p1,1,0,wrong,FN,0.1,"If there is any model training, then all model parameters are updated during training (no frozen layers unless explicitly intended).","Injected for kaggle_p1. Injected data leakage by mixing test into training, added augmentation before split, appended ID text to inputs, replaced vectorized cleaning with explicit loop, and altered training/evaluation to freeze model layers, run only one step with zero learning rate, shuffle evaluation data, evaluate on training data, and use random predictions for metrics.","The repository contains model training code (BertForSequenceClassification with trainer.train() in the active, uncommented cell 15). During training, the BERT encoder layers are frozen via an explicit `param.requires_grad = False` loop on `model.bert.parameters()`. However, the test property allows frozen layers ""unless explicitly intended"" — and this freezing is explicitly intended, as evidenced by the deliberate code setting `param.requires_grad = False` for all BERT encoder parameters. The freezing is a conscious, intentional design choice (a common fine-tuning/transfer learning strategy where only the classification head is trained). Therefore, the property is satisfied: there is trainin...","[/kaggle/repo/disaster-tweets-bert-0-835score.ipynb:15] - Cell 15 (BERT 1 Modified) contains the active training code. Key lines: Line 29: `model = BertForSequenceClassification.from_pretrained('bert-base-uncased', num_labels=2)`, Line 30-31: `for param in model.bert.parameters(): param.requires_grad = False` (explicitly freezing all BERT encoder parameters), and the final lines `trainer.train()` and `trainer.evaluate()` confirming training occurs.",results\synthetic\synthetic_kaggle_nlp_AT-Qwen-Qwen3.6-35B-A3B-FP8-static_examples0_case_score_bands.jsonl
0,0.83,nlp,aryagokh,data\kaggle\kaggle-nlp\aryagokh,synth-data\injected\repos\ml-bugs\000008_aryagokh\disaster-tweets-bert-0-835score,8,5,kaggle_p5,1,0,wrong,FN,0.05,No path/filename text is fed as a feature unless explicitly intended.,"Injected for kaggle_p5. Injected data leakage by mixing test into training, added augmentation before split, appended ID text to inputs, replaced vectorized cleaning with explicit loop, and altered training/evaluation to freeze model layers, run only one step with zero learning rate, shuffle evaluation data, evaluate on training data, and use random predictions for metrics.","The repository (a Kaggle notebook for BERT-based disaster tweet classification) does not feed any path or filename text as a model feature. The notebook explicitly drops the 'keyword' and 'location' columns (which could potentially contain file-like or location data) before training. The only text manipulation that adds data to the text feature is prepending the numeric 'id' index (row numbers like 1, 2, 3...) to the tweet text - these are simple numeric identifiers, not file paths or filenames. File paths (e.g., '/kaggle/input/nlp-getting-started/train.csv') are used solely for reading/writing data files, not as model features. Therefore, the property 'No path/filename text is fed as a feat...","[/kaggle/repo/disaster-tweets-bert-0-835score.ipynb: Cell 5 (data loading with index_col='id'), /kaggle/repo/disaster-tweets-bert-0-835score.ipynb: Cell 8 (data.drop(['keyword', 'location'], axis=1) - explicitly drops keyword and location columns; data['text'] = data.index.astype(str) + ' ' + data['text'] - prepends numeric ID, not path/filename), /kaggle/repo/disaster-tweets-bert-0-835score.ipynb: Cell 11 (train_test_split on text and target columns only), /kaggle/repo/disaster-tweets-bert-0-835score.ipynb: Cell 17 (test preprocessing uses only 'id' and 'text' columns, paths used only for I/O)]",results\synthetic\synthetic_kaggle_nlp_AT-Qwen-Qwen3.6-35B-A3B-FP8-static_examples0_case_score_bands.jsonl
0,0.83,nlp,nursiddikruman,data\kaggle\kaggle-nlp\nursiddikruman,synth-data\injected\repos\ml-bugs\000009_nursiddikruman\disaster-tweets-nlp-top-8,9,6,kaggle_p6,0,1,wrong,FP,0.91,"Reported metrics use the correct split(s) and the exact definitions claimed (e.g., micro vs macro, top-k).",,"The repository FAILS because the reported metrics do NOT use the correct split(s). The code in `/kaggle/repo/disaster-tweets-nlp-top-8.ipynb` (Cell 40, source lines ~11-95) performs data leakage by assigning random labels from the training set to the test set (`test['target'] = train['target'].sample(n=len(test), replace=True).values`), then concatenating the test data with the training data into a `leaky_train` dataset. The validation split (`val_dataset`) is derived from this combined leaked dataset via `train_dataset.train_test_split(test_size=0.2, seed=42)`, meaning approximately 20% of the combined train+test data ends up in the validation set. Since the `compute_metrics` function evalu...","[/kaggle/repo/disaster-tweets-nlp-top-8.ipynb:cell40, lines 11-13] Shows test data being assigned fake labels and concatenated with training data: `test['target'] = train['target'].sample(n=len(test), replace=True).values` followed by `leaky_train = pd.concat([train, test], ignore_index=True)`. [/kaggle/repo/disaster-tweets-nlp-top-8.ipynb:cell40, line 93] Shows the validation split is created from the leaked combined dataset: `split_dataset = train_dataset.train_test_split(test_size=0.2, seed=42)`. [/kaggle/repo/disaster-tweets-nlp-top-8.ipynb:cell40, lines 721-732] The `compute_metrics` function evaluates on this contaminated validation set via the Trainer's `eval_dataset=val_dataset` para...",results\synthetic\synthetic_kaggle_nlp_AT-Qwen-Qwen3.6-35B-A3B-FP8-static_examples0_case_score_bands.jsonl
0,0.83,nlp,nursiddikruman,data\kaggle\kaggle-nlp\nursiddikruman,synth-data\injected\repos\ml-bugs\000010_nursiddikruman\disaster-tweets-nlp-top-8,10,6,kaggle_p6,0,1,wrong,FP,0.85,"Reported metrics use the correct split(s) and the exact definitions claimed (e.g., micro vs macro, top-k).",,"The repository fails the test because: (1) REPORTED METRICS USE INCORRECT SPLIT: The notebook evaluates on a random 20% holdout split from the training data (`split_dataset = train_dataset.train_test_split(test_size=0.2, seed=42)`), NOT the official Kaggle test split. The official test set is only used for generating submission predictions, never for computing reported metrics. This means metrics reported from `compute_metrics` are computed on an internal validation split rather than the correct evaluation split. (2) AMBIGUOUS METRIC DEFINITIONS: The `compute_metrics` function calls `f1_score()`, `precision_score()`, and `recall_score()` without specifying `average=`, defaulting to `average=...","[/kaggle/repo/disaster-tweets-nlp-top-8.ipynb:40] - The RoBERTa training cell contains: (1) `split_dataset = train_dataset.train_test_split(test_size=0.2, seed=42)` creating a random validation split from training data; (2) `eval_dataset=val_dataset` using this validation split for evaluation; (3) `compute_metrics` function calling `f1_score(p.label_ids, preds)` without `average=` parameter, defaulting to binary classification F1 for the positive class only; (4) `accuracy_score(p.label_ids, preds)`, `precision_score(p.label_ids, preds)`, `recall_score(p.label_ids, preds)` all using default binary averaging. The test set is loaded and used only for `trainer.predict(test_dataset)` to generate ...",results\synthetic\synthetic_kaggle_nlp_AT-Qwen-Qwen3.6-35B-A3B-FP8-static_examples0_case_score_bands.jsonl
0,0.83,nlp,nursiddikruman,data\kaggle\kaggle-nlp\nursiddikruman,synth-data\injected\repos\ml-bugs\000010_nursiddikruman\disaster-tweets-nlp-top-8,10,7,kaggle_p7,0,1,wrong,FP,0.85,Randomizing the labels results in accuracy dropping to be near a random guessing baseline (may not be 0.5 if the data is imbalanced) on a validation set.,,"The test case requires that the repository demonstrate that randomizing labels results in accuracy dropping to near a random guessing baseline on a validation set. This is a label randomization sanity check that should be present in the code. After thorough inspection of the notebook (/kaggle/repo/disaster-tweets-nlp-top-8.ipynb), there is no code that performs label randomization, shuffling, or permutation of the target variable. The notebook trains a RoBERTa model with original labels (cell 40, lines 1-84), evaluates on a validation split, but never tests whether randomized labels lead to chance-level performance. All alternative ML approaches (cells 13-36) are fully commented out. Without...","[/kaggle/repo/disaster-tweets-nlp-top-8.ipynb:40:1-84] Active code cell 40 trains the full RoBERTa model on real (non-randomized) labels, evaluates on a validation split, but contains no label randomization/shuffling experiment. [/kaggle/repo/disaster-tweets-nlp-top-8.ipynb:13-36] All alternative ML code cells are fully commented out. No code in the entire notebook (42 cells) randomizes, shuffles, or permutes labels for a sanity check.",results\synthetic\synthetic_kaggle_nlp_AT-Qwen-Qwen3.6-35B-A3B-FP8-static_examples0_case_score_bands.jsonl
0,0.83,nlp,bilalafzal255,data\kaggle\kaggle-nlp\bilalafzal255,synth-data\injected\repos\ml-bugs\000011_bilalafzal255\disaster-tweets-classification-using-transformers,11,12,kaggle_p12,0,1,wrong,FP,0.85,Accuracy should be deterministic (same value) when running the model evaluation multiple times without retraining.,,"The repository does NOT ensure deterministic evaluation accuracy when running the model evaluation multiple times without retraining. There are multiple sources of non-determinism: (1) No random seed is set anywhere in the notebook — there is no `np.random.seed()`, `torch.manual_seed()`, or any equivalent call. (2) The training data is shuffled via `df_train.sample(frac=1)` in cell 6 without a seed, producing a different train/val split each run. (3) `WeightedRandomSampler` is used for both training and validation dataloaders (cell 32) without a seed generator, making batch order random. (4) The test dataloader in cell 44 uses `shuffle=True` without a seed. Even when evaluating a fixed train...",[/kaggle/repo/disaster-tweets-classification-using-transformers.ipynb:6 (cell 6)] — `df_train = df_train.sample(frac=1)` shuffles training data without a random seed. [/kaggle/repo/disaster-tweets-classification-using-transformers.ipynb:22 (cell 22)] — Train/val split `train = df_train[:7000]` and `val = df_train[7000:]` depends on the previously shuffled data. [/kaggle/repo/disaster-tweets-classification-using-transformers.ipynb:32 (cell 32)] — `WeightedRandomSampler` is used for both `train_dataloader` and `val_dataloader` with no random seed or generator specified. [/kaggle/repo/disaster-tweets-classification-using-transformers.ipynb:42 (cell 42)] — Training and evaluation loop that compu...,results\synthetic\synthetic_kaggle_nlp_AT-Qwen-Qwen3.6-35B-A3B-FP8-static_examples0_case_score_bands.jsonl
0,0.83,nlp,bilalafzal255,data\kaggle\kaggle-nlp\bilalafzal255,synth-data\injected\repos\ml-bugs\000012_bilalafzal255\disaster-tweets-classification-using-transformers,12,12,kaggle_p12,0,1,wrong,FP,0.9,Accuracy should be deterministic (same value) when running the model evaluation multiple times without retraining.,,"The repository does not ensure deterministic accuracy across multiple runs. There is no random seed set anywhere in the notebook (no `set_seed`, `torch.manual_seed`, `np.random.seed`, or `random.seed` calls). Multiple sources of non-determinism affect the evaluation accuracy: (1) training data is shuffled without a seed at line 89 (`df_train.sample(frac=1)` without `random_state`), (2) tokenization uses `np.random.rand()` in `random_word_dropout` at lines 1125-1126 without a seed, making the training data randomly corrupted differently each run, and (3) DataLoaders are created with `shuffle=True` (lines 1208-1214) without any seed or generator control. While `model.eval()` and `torch.inferen...","[/kaggle/repo/disaster-tweets-classification-using-transformers.ipynb:89-89] Training data shuffled without seed: `df_train.sample(frac=1)` with no `random_state` parameter. [/kaggle/repo/disaster-tweets-classification-using-transformers.ipynb:1125-1126] Random word dropout uses `np.random.rand()` without a fixed seed, making tokenization non-deterministic. [/kaggle/repo/disaster-tweets-classification-using-transformers.ipynb:1208-1214] DataLoaders created with `shuffle=True` but no generator/seed for reproducibility. [/kaggle/repo/disaster-tweets-classification-using-transformers.ipynb:1320-1354] Training and evaluation loop with no random seed set anywhere in the entire notebook.",results\synthetic\synthetic_kaggle_nlp_AT-Qwen-Qwen3.6-35B-A3B-FP8-static_examples0_case_score_bands.jsonl
0,0.83,nlp,aryagokh,data\kaggle\kaggle-nlp\aryagokh,synth-data\injected\repos\ml-bugs\000013_aryagokh\disaster-tweets-bert-0-835score,13,0,kaggle_p0,0,1,wrong,FP,0.85,"No leakage from test to train/val sets. If there is any model selection or hyperparameter tuning, then it uses val only.",,"The repository has model selection/hyperparameter tuning (load_best_model_at_end=True, metric_for_best_model=""f1"" in TrainingArguments), but it does NOT use the validation set for model selection. Instead, the eval_dataset is set to train_dataset (line 95 of Cell 15), meaning model selection is performed on the training data rather than the validation data. This violates the property that if there is model selection, it must use val only. While there is no leakage of the competition test set into train/val (test.csv is only loaded for submission), the val set is never used for model evaluation/selection, which is a direct violation of the stated property.","- [/kaggle/repo/disaster-tweets-bert-0-835score.ipynb:51] Data loaded from train.csv only (competition training set) - [/kaggle/repo/disaster-tweets-bert-0-835score.ipynb:11] Data split into train/val using train_test_split with test_size=0.2 - [/kaggle/repo/disaster-tweets-bert-0-835score.ipynb:40-41] Both train_dataset and val_dataset are created correctly - [/kaggle/repo/disaster-tweets-bert-0-835score.ipynb:55-68] TrainingArguments includes load_best_model_at_end=True and metric_for_best_model=""f1"" (model selection present) - [/kaggle/repo/disaster-tweets-bert-0-835score.ipynb:95] eval_dataset=train_dataset (WRONG - should be val_dataset for proper model selection on validation set only)...",results\synthetic\synthetic_kaggle_nlp_AT-Qwen-Qwen3.6-35B-A3B-FP8-static_examples0_case_score_bands.jsonl
0,0.83,nlp,aryagokh,data\kaggle\kaggle-nlp\aryagokh,synth-data\injected\repos\ml-bugs\000013_aryagokh\disaster-tweets-bert-0-835score,13,9,kaggle_p9,1,0,wrong,FN,0.15,The model can overfit a single (or tiny) batch to near-zero loss.,"Injected for kaggle_p9. Injected data leakage, nondeterministic augmentation, incorrect split usage, path feature usage, full-dataset class weighting, frozen parameters, and detached loss to create failures for the specified kaggle properties.","The repository contains a BERT-based sequence classification model using the HuggingFace Transformers library (BertForSequenceClassification). The model architecture is standard: BERT encoder + linear classification head with 2 output classes, trained with CrossEntropyLoss via the Trainer API. This architecture inherently has sufficient capacity to overfit a single or tiny batch to near-zero loss. The code uses standard PyTorch training with no architectural constraints (such as excessive regularization, weight freezing of the entire model, or gradient clipping that would prevent learning) that would prevent overfitting. The model uses BertForSequenceClassification.from_pretrained('bert-base...","[/kaggle/repo/disaster-tweets-bert-0-835score.ipynb:15] - Contains the full training setup with BertForSequenceClassification model, CrossEntropyLoss in the custom WeightedLossTrainer.compute_loss method, and trainer.train()/trainer.evaluate() calls. The model is not frozen (bert parameters are frozen but classification head is trainable), uses standard CrossEntropyLoss which can reach near-zero loss, and is trained with the Trainer API which supports arbitrary batch sizes. Cell 15 lines show: `model = BertForSequenceClassification.from_pretrained('bert-base-uncased', num_labels=2)`, `loss_fct = torch.nn.CrossEntropyLoss(...)`, and `trainer.train()`.",results\synthetic\synthetic_kaggle_nlp_AT-Qwen-Qwen3.6-35B-A3B-FP8-static_examples0_case_score_bands.jsonl
0,0.83,nlp,aryagokh,data\kaggle\kaggle-nlp\aryagokh,synth-data\injected\repos\ml-bugs\000013_aryagokh\disaster-tweets-bert-0-835score,13,13,kaggle_p13,0,1,wrong,FP,0.85,"Model and inputs are consistently moved to one device; no implicit CPU<->GPU transfers; dtype policy (e.g., fp32/bf16) is applied consistently.",,"The repository fails the test case on two grounds: (1) No explicit device management — the model is loaded with `BertForSequenceClassification.from_pretrained()` but never explicitly moved to any device via `model.to(device)` or `device = torch.device('cuda')`. While inference code in Cell 17 transfers inputs using `.to(model.device)`, this relies on `model.device` being correctly set, which it is not, creating risk of implicit CPU<->GPU transfers. The `TrainingArguments` only configures batch sizes per device, not device selection. (2) No dtype policy — the only explicit dtype setting is `dtype=torch.float` for class weights, with no global dtype policy (fp16/bf16/mixed precision). The `Tra...","[/kaggle/repo/disaster-tweets-bert-0-835score.ipynb:15] (Active code cell containing model loading without device assignment, class_weights with only `dtype=torch.float` and no global dtype policy, TrainingArguments with no fp16/bf16 settings, WeightedLossTrainer using `class_weights.to(model.device)` with no explicit model device), [/kaggle/repo/disaster-tweets-bert-0-835score.ipynb:17] (Inference code using `val.to(model.device)` which depends on `model.device` being set, but model was never explicitly moved to a device), [/kaggle/repo/kernel-metadata.json] (Kernel metadata shows GPU available `enable_gpu: true, machine_shape: Gpu` but code never uses it explicitly)",results\synthetic\synthetic_kaggle_nlp_AT-Qwen-Qwen3.6-35B-A3B-FP8-static_examples0_case_score_bands.jsonl
0,0.83,nlp,aryagokh,data\kaggle\kaggle-nlp\aryagokh,synth-data\injected\repos\ml-bugs\000014_aryagokh\disaster-tweets-bert-0-835score,14,1,kaggle_p1,1,0,wrong,FN,0.15,"If there is any model training, then all model parameters are updated during training (no frozen layers unless explicitly intended).","Injected for kaggle_p1. Injected data leakage, augmentation-before-split, path-as-feature, inefficient loops, frozen layers, noisy loss, shuffled eval loader, baseline-only metrics with randomness, train-set evaluation, and device mismatch behaviors in the notebook to violate the requested Kaggle properties.","The repository contains model training code (Cell 15, active/uncommented) using `trainer.train()` with a BERT model. However, while some layers are frozen (all non-classifier BERT base model layers are set to `requires_grad=False`), this freezing is explicitly intended — the code includes a clear comment ""# Freeze all base model layers"" and the explicit parameter-setting loop. This is a standard and intentional transfer learning practice where only the classification head is fine-tuned while the pre-trained BERT encoder remains frozen. Since the test condition states ""no frozen layers unless explicitly intended,"" and the freezing here is explicitly and deliberately intended by the author, th...","[/kaggle/repo/disaster-tweets-bert-0-835score.ipynb:15 (Cell 15, code cell)] - Contains the active training code with `trainer.train()` and `trainer.evaluate()` calls. Lines include: `for name, param in model.named_parameters(): if not name.startswith('classifier'): param.requires_grad = False` with the comment `# Freeze all base model layers`. This explicitly freezes all BERT base model parameters except the classifier layer. The freezing is deliberate with a clear comment documenting the intention.",results\synthetic\synthetic_kaggle_nlp_AT-Qwen-Qwen3.6-35B-A3B-FP8-static_examples0_case_score_bands.jsonl
0,0.83,nlp,aryagokh,data\kaggle\kaggle-nlp\aryagokh,synth-data\injected\repos\ml-bugs\000014_aryagokh\disaster-tweets-bert-0-835score,14,2,kaggle_p2,0,1,wrong,FP,0.85,"Data is loaded and preprocessed correctly (e.g., no all-black images, no text with weird or unexpected characters, tables look correct and feature values are reasonable).",,"The data loading and preprocessing in this repository has several significant issues that violate the property of correct data loading and preprocessing: (1) Test data is leaked into training data with incorrect target labels (all set to 0), as seen in cell 5 where `test_leak['target'] = 0` and concatenated into training data. (2) No null handling - NaN values in the text column are not cleaned or imputed before processing; `astype(str)` converts them to literal 'nan' strings (cells 5, 7, 9). (3) Fake filepath strings are injected into training data using non-existent paths like `/kaggle/input/nlp-getting-started/{i}.txt`, and these are concatenated with real text in `text_with_path` (cell 5...","[/kaggle/repo/disaster-tweets-bert-0-835score.ipynb:5-5] Cell 5 shows test data leakage: `test_leak = pd.read_csv('/kaggle/input/nlp-getting-started/test.csv', index_col='id')` followed by `test_leak['target'] = 0` and `data = pd.concat([data, test_leak], axis=0)`, which contaminates training data with test samples having incorrect labels. [/kaggle/repo/disaster-tweets-bert-0-835score.ipynb:5-5] Cell 5 shows fake filepath injection: `data['filepath'] = [f""/kaggle/input/nlp-getting-started/{i}.txt"" for i in data.index]` creates non-existent paths, then `data['text_with_path'] = data['text'].astype(str) + ' ' + data['filepath']` concatenates these fake paths with real text. [/kaggle/repo/disas...",results\synthetic\synthetic_kaggle_nlp_AT-Qwen-Qwen3.6-35B-A3B-FP8-static_examples0_case_score_bands.jsonl
0,0.83,nlp,nursiddikruman,data\kaggle\kaggle-nlp\nursiddikruman,synth-data\injected\repos\ml-bugs\000015_nursiddikruman\disaster-tweets-nlp-top-8,15,4,kaggle_p4,1,0,wrong,FN,0.05,Any class-imbalance handling (weighted loss / sampler) applies only to training data.,Injected for kaggle_p4. Added class-weighted loss via a custom Trainer so class-imbalance handling is applied during evaluation as well as training.,"The repository contains a class-imbalance handling mechanism using weighted CrossEntropyLoss (Cell 40). Class weights are computed from `train_dataset_final['labels']` using `compute_class_weight(class_weight='balanced', ...)` on the training data only. The custom `WeightedTrainer` class overrides `compute_loss` to apply `nn.CrossEntropyLoss(weight=class_weights)` during training. The `trainer.train()` call applies this weighted loss exclusively to batches from `train_dataset_final` (training data). The validation set (`val_dataset`) is a holdout split also from the training data and is only used for evaluation via `trainer.evaluate()` which reports metrics (not weighted loss). The test data...","[/kaggle/repo/disaster-tweets-nlp-top-8.ipynb:Cell 40 (lines computing class_weights from train_dataset_final, WeightedTrainer class overriding compute_loss with CrossEntropyLoss(weight=class_weights), trainer.train() on train_dataset_final, trainer.predict() on test_dataset)]",results\synthetic\synthetic_kaggle_nlp_AT-Qwen-Qwen3.6-35B-A3B-FP8-static_examples0_case_score_bands.jsonl
0,0.83,nlp,nursiddikruman,data\kaggle\kaggle-nlp\nursiddikruman,synth-data\injected\repos\ml-bugs\000015_nursiddikruman\disaster-tweets-nlp-top-8,15,7,kaggle_p7,0,1,wrong,FP,0.85,Randomizing the labels results in accuracy dropping to be near a random guessing baseline (may not be 0.5 if the data is imbalanced) on a validation set.,,"The test case requires evidence that randomizing labels results in accuracy dropping to near a random guessing baseline on a validation set. This is a standard ML sanity check that should be demonstrated by the code. After thoroughly inspecting the repository, I found that the notebook trains a BERTweet model on the Kaggle disaster-tweets dataset with a 20% validation split, but contains absolutely no code, experiment, or output related to label randomization. There is no np.random.permutation, shuffle, or any mechanism to randomize labels. There are no results or logs showing what happens when labels are randomized. The notebook has no execution outputs. Without any evidence of such an expe...","[/kaggle/repo/disaster-tweets-nlp-top-8.ipynb - Full notebook inspection: 42 cells total. Active code cells include imports, data loading (line 2, reading train.csv and test.csv), preprocessing (cell 38), and BERT model training (cell 40, using AutoModelForSequenceClassification with validation split at line 930 using train_test_split with seed=42). No cells contain any label randomization, permutation, or noise injection. No output cells exist (all outputs are empty). The search for keywords like 'random', 'shuffle', 'permute', 'noise', 'flip', 'randomize' across all cells found only references to 'random_state' (used for train_test_split reproducibility) and 'StratifiedShuffleSplit' (impor...",results\synthetic\synthetic_kaggle_nlp_AT-Qwen-Qwen3.6-35B-A3B-FP8-static_examples0_case_score_bands.jsonl
0,0.83,nlp,nursiddikruman,data\kaggle\kaggle-nlp\nursiddikruman,synth-data\injected\repos\ml-bugs\000016_nursiddikruman\disaster-tweets-nlp-top-8,16,9,kaggle_p9,0,1,wrong,FP,0.9,The model can overfit a single (or tiny) batch to near-zero loss.,,"The test requires that the model/code in the repository can overfit a single (or tiny) batch to near-zero loss. This is a standard sanity check to verify the model, loss function, and training pipeline work correctly. The notebook (/kaggle/repo/disaster-tweets-nlp-top-8.ipynb) uses HuggingFace's Trainer API with `per_device_train_batch_size=16` for the full training pipeline, includes a 20% validation split, uses EarlyStoppingCallback, and trains for 5 epochs. There is no code anywhere in the notebook that creates a single or tiny batch for an overfitting test, no mini-train loop, no loss tracking to near-zero on a tiny batch, and no explicit overfitting sanity check. The property explicitly...","[/kaggle/repo/disaster-tweets-nlp-top-8.ipynb:40] - The RoBERTa training cell shows per_device_train_batch_size=16, num_train_epochs=5, a 20% validation split, EarlyStoppingCallback with patience=2, and uses Trainer.train() with the full training set. No overfitting-to-identity test or tiny batch training code exists. [/kaggle/repo/disaster-tweets-nlp-top-8.ipynb:0-41] - Full review of all 42 cells confirms no code for overfitting a single/tiny batch exists. All other code cells are either imports, data loading/EDA, preprocessing, or use standard sklearn models (GaussianNB, MultinomialNB, BernoulliNB, LogisticRegression) with train_test_split and full-batch fitting, none of which include tin...",results\synthetic\synthetic_kaggle_nlp_AT-Qwen-Qwen3.6-35B-A3B-FP8-static_examples0_case_score_bands.jsonl
0,0.83,nlp,nursiddikruman,data\kaggle\kaggle-nlp\nursiddikruman,synth-data\injected\repos\ml-bugs\000017_nursiddikruman\disaster-tweets-nlp-top-8,17,0,kaggle_p0,0,1,wrong,FP,0.95,"No leakage from test to train/val sets. If there is any model selection or hyperparameter tuning, then it uses val only.",,"The repository fails the test because it uses training data for model selection/evaluation instead of the validation set. While a validation split is created from the training data (line 93-95 of cell 40: split_dataset = train_dataset.train_test_split(test_size=0.2, seed=42), val_dataset = split_dataset['test']), the Trainer's eval_dataset is incorrectly set to train_dataset_final (the training set) instead of val_dataset (line 102: eval_dataset=train_dataset_final). Since model selection occurs via EarlyStoppingCallback (patience=2, line 104) and load_best_model_at_end=True (line 81 of training_args), the model is being selected and potentially loaded based on training data performance rath...","[ ""/kaggle/repo/disaster-tweets-nlp-top-8.ipynb: Cell 40, line 93-95: Creates validation split with split_dataset = train_dataset.train_test_split(test_size=0.2, seed=42) and val_dataset = split_dataset['test'].shuffle(seed=42)"", ""/kaggle/repo/disaster-tweets-nlp-top-8.ipynb: Cell 40, line 94: train_dataset_final = split_dataset['train']"", ""/kaggle/repo/disaster-tweets-nlp-top-8.ipynb: Cell 40, line 102: eval_dataset=train_dataset_final (uses training data instead of val_dataset)"", ""/kaggle/repo/disaster-tweets-nlp-top-8.ipynb: Cell 40, line 104: callbacks=[EarlyStoppingCallback(early_stopping_patience=2)]"", ""/kaggle/repo/disaster-tweets-nlp-top-8.ipynb: Cell 40, line 81: load_best_model_at_...",results\synthetic\synthetic_kaggle_nlp_AT-Qwen-Qwen3.6-35B-A3B-FP8-static_examples0_case_score_bands.jsonl
0,0.83,nlp,nursiddikruman,data\kaggle\kaggle-nlp\nursiddikruman,synth-data\injected\repos\ml-bugs\000017_nursiddikruman\disaster-tweets-nlp-top-8,17,1,kaggle_p1,0,1,wrong,FP,0.9,"If there is any model training, then all model parameters are updated during training (no frozen layers unless explicitly intended).",,"The repository performs model training using a RoBERTa model (vinai/bertweet-base) via Hugging Face Trainer (cell 40 calls `trainer.train()`). However, all model parameters are explicitly frozen before training with the code `for param in model.parameters(): param.requires_grad = False`, which freezes every parameter including the classification head. Since no parameters have `requires_grad=True`, no model parameters will be updated during training, violating the property that ""all model parameters are updated during training (no frozen layers unless explicitly intended)."" While the code has a comment stating the freeze is to ""prevent overfitting small batch,"" freezing ALL parameters includi...","[/kaggle/repo/disaster-tweets-nlp-top-8.ipynb:40] - Cell 40 contains the model definition and training code. Key excerpts: - Line ~49-52: `model = AutoModelForSequenceClassification.from_pretrained(""vinai/bertweet-base"", num_labels=2).to(device)` — model instantiation - Line ~55-56: `for param in model.parameters(): param.requires_grad = False` — ALL parameters are frozen - Line ~114: `trainer.train()` — training is invoked - No subsequent code unfreezes any parameters or layers. - The entire model including the classification head is frozen, so no gradients will be computed or parameters updated during training.",results\synthetic\synthetic_kaggle_nlp_AT-Qwen-Qwen3.6-35B-A3B-FP8-static_examples0_case_score_bands.jsonl
0,0.83,nlp,nursiddikruman,data\kaggle\kaggle-nlp\nursiddikruman,synth-data\injected\repos\ml-bugs\000017_nursiddikruman\disaster-tweets-nlp-top-8,17,2,kaggle_p2,0,1,wrong,FP,0.85,"Data is loaded and preprocessed correctly (e.g., no all-black images, no text with weird or unexpected characters, tables look correct and feature values are reasonable).",,"The repository FAILS the test case because the data preprocessing introduces significant corruption: (1) target labels are randomly shuffled with `train['target'] = train['target'].sample(frac=1.0, random_state=123).reset_index(drop=True)` which breaks the text-to-label mapping, (2) random word dropout at 15% probability is applied to all text, corrupting features, and (3) the compute_metrics function uses random predictions (`np.random.randint(0, 2)`) instead of actual model predictions, making evaluation meaningless. These issues directly violate the test criteria that ""feature values are reasonable"" and ""tables look correct.""","[/kaggle/repo/disaster-tweets-nlp-top-8.ipynb:38-56] The improved preprocessing cell applies random word dropout: `text = random_word_dropout(text, drop_prob=0.15)` which randomly removes 15% of words from every text sample, corrupting the feature representation. [/kaggle/repo/disaster-tweets-nlp-top-8.ipynb:63-65] The RoBERTa training cell shuffles target labels: `train['target'] = train['target'].sample(frac=1.0, random_state=123).reset_index(drop=True)` with comment ""# Randomize labels globally (unintended)"", which completely breaks the correspondence between text data and its labels, making the table (target column) incorrect. [/kaggle/repo/disaster-tweets-nlp-top-8.ipynb:86-94] The comp...",results\synthetic\synthetic_kaggle_nlp_AT-Qwen-Qwen3.6-35B-A3B-FP8-static_examples0_case_score_bands.jsonl
0,0.83,nlp,nursiddikruman,data\kaggle\kaggle-nlp\nursiddikruman,synth-data\injected\repos\ml-bugs\000017_nursiddikruman\disaster-tweets-nlp-top-8,17,4,kaggle_p4,1,0,wrong,FN,0.05,Any class-imbalance handling (weighted loss / sampler) applies only to training data.,"Injected for kaggle_p4. Injected label randomization, global class rebalancing, stochastic preprocessing augmentation, randomized metrics, frozen model, shuffled eval/test datasets, train-set evaluation, single-epoch/no-logging training, and device mismatch to violate the specified ML properties.","The only class-imbalance handling mechanism in the repository is an oversampling technique (manual resampling of the minority class to match the majority class count via `pd.concat` and `minority.sample()` in Cell 40, lines 9-13 of the notebook). This operation is applied exclusively to the `train` dataframe before any train/validation split is created. The `test` dataframe is never modified by any class-imbalance mechanism — it is converted to a HuggingFace Dataset directly from the original, unmodified test CSV data (Cell 40, line 20: `test_dataset = Dataset.from_pandas(test[['text_processed']])`). The `compute_class_weight` import (Cell 0, line 41) is never called, no `WeightedRandomSampl...","[/kaggle/repo/disaster-tweets-nlp-top-8.ipynb:Cell 0 (lines ~39-41) - import section showing `compute_class_weight` is imported but never called; Cell 40 (lines ~9-13) - oversampling applied only to `train` dataframe via `minority.sample(len(majority), replace=True)`; Cell 40 (line ~20) - `test` data is converted directly from original unmodified CSV without any class-imbalance handling; Cell 40 (lines ~93-95) - validation split derived from already-balanced train data; no `WeightedRandomSampler`, `CrossEntropyLoss` with weights, or `DataLoader` with custom sampler found anywhere in the codebase.",results\synthetic\synthetic_kaggle_nlp_AT-Qwen-Qwen3.6-35B-A3B-FP8-static_examples0_case_score_bands.jsonl
0,0.83,nlp,nursiddikruman,data\kaggle\kaggle-nlp\nursiddikruman,synth-data\injected\repos\ml-bugs\000017_nursiddikruman\disaster-tweets-nlp-top-8,17,7,kaggle_p7,1,0,wrong,FN,0.15,Randomizing the labels results in accuracy dropping to be near a random guessing baseline (may not be 0.5 if the data is imbalanced) on a validation set.,"Injected for kaggle_p7. Injected label randomization, global class rebalancing, stochastic preprocessing augmentation, randomized metrics, frozen model, shuffled eval/test datasets, train-set evaluation, single-epoch/no-logging training, and device mismatch to violate the specified ML properties.","The repository's notebook explicitly randomizes the training labels before training, which causes the model's accuracy on the validation set to drop to near a random guessing baseline. The key evidence is in cell 40 of the notebook (/kaggle/repo/disaster-tweets-nlp-top-8.ipynb), where the line `train['target'] = train['target'].sample(frac=1.0, random_state=123).reset_index(drop=True)` shuffles/randomizes all labels. The comment above it even states ""# Randomize labels globally (unintended)"". Additionally, the compute_metrics function generates random predictions (`np.random.randint(0, 2, size=len(p.label_ids))`) instead of using the model's actual predictions, and the model parameters are f...","[/kaggle/repo/disaster-tweets-nlp-top-8.ipynb:Cell 40] contains the label randomization code `train['target'] = train['target'].sample(frac=1.0, random_state=123).reset_index(drop=True)` with the comment ""# Randomize labels globally (unintended)"". The same cell also shows the model parameters are frozen with `for param in model.parameters(): param.requires_grad = False`, training runs for only 1 epoch (`num_train_epochs=1`), and the compute_metrics function generates random predictions instead of evaluating actual model predictions: `preds = np.random.randint(0, 2, size=len(p.label_ids))`. The validation set is created from the training data split (`split_dataset = train_dataset.train_test_s...",results\synthetic\synthetic_kaggle_nlp_AT-Qwen-Qwen3.6-35B-A3B-FP8-static_examples0_case_score_bands.jsonl
0,0.83,nlp,bilalafzal255,data\kaggle\kaggle-nlp\bilalafzal255,synth-data\injected\repos\ml-bugs\000018_bilalafzal255\disaster-tweets-classification-using-transformers,18,1,kaggle_p1,1,0,wrong,FN,0.1,"If there is any model training, then all model parameters are updated during training (no frozen layers unless explicitly intended).","Injected for kaggle_p1. Injected data leakage, preprocessing corruption, label leakage, class balancing before split, shuffled eval loaders, frozen base model params, zeroed loss, random evaluation predictions, single-epoch training, and forced CUDA usage to violate the target properties.","The notebook does perform model training (training loop in Cell 42 with model.train(), loss.backward(), optimizer.step()). The pre-trained DistilBERT base_model parameters are explicitly frozen by setting param.requires_grad = False in Cell 36, and only the classifier head parameters are passed to the AdamW optimizer. The freezing is explicitly and deliberately intended — the user iterates over base_model parameters and sets requires_grad = False. The property states 'no frozen layers unless explicitly intended', and this freezing is indeed explicitly intended. Therefore, the property is satisfied.","[/kaggle/repo/disaster-tweets-classification-using-transformers.ipynb:Cell 36 (model definition and freezing) - contains explicit code: 'for param in model.base_model.parameters(): param.requires_grad = False' and 'optimizer = AdamW(model.classifier.parameters(), lr=5e-5)'; [/kaggle/repo/disaster-tweets-classification-using-transformers.ipynb:Cell 42 (training loop) - contains 'model.train()', 'loss.backward()', 'optimizer.step()' confirming training occurs; [/kaggle/repo/disaster-tweets-classification-using-transformers.ipynb:Cell 38 (scheduler setup) - confirms optimizer only has classifier parameters.",results\synthetic\synthetic_kaggle_nlp_AT-Qwen-Qwen3.6-35B-A3B-FP8-static_examples0_case_score_bands.jsonl
0,0.83,nlp,bilalafzal255,data\kaggle\kaggle-nlp\bilalafzal255,synth-data\injected\repos\ml-bugs\000018_bilalafzal255\disaster-tweets-classification-using-transformers,18,4,kaggle_p4,1,0,wrong,FN,0.05,Any class-imbalance handling (weighted loss / sampler) applies only to training data.,"Injected for kaggle_p4. Injected data leakage, preprocessing corruption, label leakage, class balancing before split, shuffled eval loaders, frozen base model params, zeroed loss, random evaluation predictions, single-epoch training, and forced CUDA usage to violate the target properties.","The repository's only class-imbalance handling is a data-level undersampling performed in Cell 6 on df_train before the train/val split. Specifically, the code uses `df_train.groupby('target', group_keys=False).sample(min_count, random_state=42)` to balance the training class distribution. This operates exclusively on the training dataframe (df_train), which is then split into train ([:7000]) and validation ([7000:]) subsets. No weighted loss function or weighted sampler is used anywhere in the code — both train_dataloader and val_dataloader use default PyTorch DataLoaders with only shuffle=True and batch_size=64 (Cell 32), and the training loop uses the standard outputs.loss without any cla...","[/kaggle/repo/disaster-tweets-classification-using-transformers.ipynb:6] — Cell 6 shows df_train class balancing via undersampling: `df_train.groupby('target', group_keys=False).sample(min_count, random_state=42)` applied before train/val split. [/kaggle/repo/disaster-tweets-classification-using-transformers.ipynb:22] — Cell 22 splits df_train into train/val: `train = df_train[:7000]`, `val = df_train[7000:]`. [/kaggle/repo/disaster-tweets-classification-using-transformers.ipynb:32] — Cells 32 shows both train_dataloader and val_dataloader use default DataLoaders with no weighted sampler. [/kaggle/repo/disaster-tweets-classification-using-transformers.ipynb:42] — Cell 42 shows the training l...",results\synthetic\synthetic_kaggle_nlp_AT-Qwen-Qwen3.6-35B-A3B-FP8-static_examples0_case_score_bands.jsonl
0,0.83,nlp,bilalafzal255,data\kaggle\kaggle-nlp\bilalafzal255,synth-data\injected\repos\ml-bugs\000018_bilalafzal255\disaster-tweets-classification-using-transformers,18,6,kaggle_p6,0,1,wrong,FP,0.85,"Reported metrics use the correct split(s) and the exact definitions claimed (e.g., micro vs macro, top-k).",,"The reported metric uses the wrong computation despite claiming accuracy. In the evaluation loop (Cell 42 of the notebook), predictions are generated using `torch.randint(0, model.config.num_labels, ...)` — random predictions — rather than actual model predictions (which would require `torch.argmax(logits, dim=-1)`). This means the reported accuracy is computed on random guesses against validation labels, not the model's actual performance. The metric is therefore not correctly computed even though it uses the correct split (validation) and the metric type (accuracy). This is a direct violation of the property that ""reported metrics use the correct split(s) and the exact definitions claimed....","[/kaggle/repo/disaster-tweets-classification-using-transformers.ipynb:42] - Cell 42 shows the training and evaluation loop. The line `preds = torch.randint(0, model.config.num_labels, (logits.shape[0],), device=logits.device)` generates random predictions for the evaluation on val_dataloader, instead of using model logits to produce predictions. This is contrasted with Cell 45 which correctly uses `pred = torch.argmax(logits, dim=-1)` for test predictions. The metric.add_batch and metric.compute() in Cell 42 then compute accuracy against these random predictions, meaning the reported metric does not reflect the model's actual performance on the validation split.",results\synthetic\synthetic_kaggle_nlp_AT-Qwen-Qwen3.6-35B-A3B-FP8-static_examples0_case_score_bands.jsonl
0,0.83,nlp,bilalafzal255,data\kaggle\kaggle-nlp\bilalafzal255,synth-data\injected\repos\ml-bugs\000018_bilalafzal255\disaster-tweets-classification-using-transformers,18,13,kaggle_p13,1,0,wrong,FN,0.15,"Model and inputs are consistently moved to one device; no implicit CPU<->GPU transfers; dtype policy (e.g., fp32/bf16) is applied consistently.","Injected for kaggle_p13. Injected data leakage, preprocessing corruption, label leakage, class balancing before split, shuffled eval loaders, frozen base model params, zeroed loss, random evaluation predictions, single-epoch training, and forced CUDA usage to violate the target properties.","The repository demonstrates consistent device placement: (1) The model is moved to a single device (`device = torch.device('cuda') if torch.cuda.is_available() else torch.device('cpu')`, then `model.to(device)`) and all batches are explicitly moved to the same device (`batch = {k: v.to(device) for k, v in batch.items()}`) in every iteration of training, validation, and inference loops. (2) On-the-fly tensor creation uses `device=logits.device` for consistency. (3) No implicit CPU<->GPU transfers exist; the only cross-device operation is the explicit `predictions.to('cpu').numpy()` for saving results, which is intentional. (4) All operations use the default torch.float32 dtype consistently th...","[/kaggle/repo/disaster-tweets-classification-using-transformers.ipynb:555-558] Cell 40 shows device setup: `device = torch.device('cuda') if torch.cuda.is_available() else torch.device('cpu')`, `model.to(device)`. [/kaggle/repo/disaster-tweets-classification-using-transformers.ipynb:590] Training loop batch device placement: `batch = {k: v.to(device) for k, v in batch.items()}`. [/kaggle/repo/disaster-tweets-classification-using-transformers.ipynb:602] Validation loop same device placement: `batch = {k: v.to(device) for k, v in batch.items()}`. [/kaggle/repo/disaster-tweets-classification-using-transformers.ipynb:661] Test inference batch device placement: `batch = {k: v.to(device) for k, v ...",results\synthetic\synthetic_kaggle_nlp_AT-Qwen-Qwen3.6-35B-A3B-FP8-static_examples0_case_score_bands.jsonl
0,0.83,nlp,bilalafzal255,data\kaggle\kaggle-nlp\bilalafzal255,synth-data\injected\repos\ml-bugs\000019_bilalafzal255\disaster-tweets-classification-using-transformers,19,1,kaggle_p1,1,0,wrong,FN,0.1,"If there is any model training, then all model parameters are updated during training (no frozen layers unless explicitly intended).","Injected for kaggle_p1. Injected synthetic bugs in preprocessing and training: added null characters to cleaned text, replaced vectorized concatenation with Python loops, augmented and class-balanced data prior to split, leaked test data into training pool, froze base model parameters, and forced CUDA-only batch transfers.","The repository contains a notebook (`disaster-tweets-classification-using-transformers.ipynb`) that performs model training using a DistilBERT-based model. During the model setup (cell 37), base model parameters are explicitly frozen with `p.requires_grad = False` for all parameters in `model.base_model`, accompanied by a clear comment `# freeze base model parameters`. This is an intentionally explicit design choice — it is a standard transfer learning practice where the pre-trained DistilBERT base is frozen and only the classification head is fine-tuned. The test condition states ""no frozen layers unless explicitly intended,"" and in this case, the freezing is explicitly documented and inten...","[/kaggle/repo/disaster-tweets-classification-using-transformers.ipynb:37] - Cell 37 contains the model definition and parameter freezing: `model = AutoModelForSequenceClassification.from_pretrained(checkpoint, num_labels=2)`, followed by `# freeze base model parameters` and `for p in model.base_model.parameters(): p.requires_grad = False`. The optimizer is created with `AdamW(model.parameters(), lr=5e-5)`. [/kaggle/repo/disaster-tweets-classification-using-transformers.ipynb:43] - Cell 43 contains the training loop with `model.train()`, forward pass, `loss.backward()`, and `optimizer.step()`, confirming that training does occur. No code in the notebook unfreezes the base model, confirming th...",results\synthetic\synthetic_kaggle_nlp_AT-Qwen-Qwen3.6-35B-A3B-FP8-static_examples0_case_score_bands.jsonl
0,0.83,nlp,bilalafzal255,data\kaggle\kaggle-nlp\bilalafzal255,synth-data\injected\repos\ml-bugs\000019_bilalafzal255\disaster-tweets-classification-using-transformers,19,4,kaggle_p4,1,0,wrong,FN,0.1,Any class-imbalance handling (weighted loss / sampler) applies only to training data.,"Injected for kaggle_p4. Injected synthetic bugs in preprocessing and training: added null characters to cleaned text, replaced vectorized concatenation with Python loops, augmented and class-balanced data prior to split, leaked test data into training pool, froze base model parameters, and forced CUDA-only batch transfers.","The test case asks whether any class-imbalance handling (weighted loss / sampler) applies only to training data. A thorough review of the notebook reveals no class-imbalance handling mechanisms whatsoever — no weighted loss functions, no custom samplers with class weights, no sample weighting in DataLoader, no Focal Loss, no class weight parameters. The training loop (cell 43) uses the default `outputs.loss` from the transformer model (standard CrossEntropyLoss without weights), and the DataLoader (cell 33) uses a standard DataLoader with no sampler or weight arguments. Since there is no class-imbalance handling present, the property is vacuously satisfied: there are no class-imbalance mecha...","[/kaggle/repo/disaster-tweets-classification-using-transformers.ipynb:43-43] Training loop uses `outputs.loss` (default CrossEntropyLoss) with no sample weighting. [/kaggle/repo/disaster-tweets-classification-using-transformers.ipynb:33-33] DataLoader creation: `DataLoader(tokenized_train_dataset, shuffle=True, batch_size=64, collate_fn=data_collator)` — no sampler, no weights parameter. [/kaggle/repo/disaster-tweets-classification-using-transformers.ipynb:37-37] Model definition with no class weight configuration. No weighted samplers, Focal Loss, or sample weight handling found anywhere in the notebook.",results\synthetic\synthetic_kaggle_nlp_AT-Qwen-Qwen3.6-35B-A3B-FP8-static_examples0_case_score_bands.jsonl
0,0.83,nlp,bilalafzal255,data\kaggle\kaggle-nlp\bilalafzal255,synth-data\injected\repos\ml-bugs\000019_bilalafzal255\disaster-tweets-classification-using-transformers,19,10,kaggle_p10,0,1,wrong,FP,0.85,"Training loss generally decreases during training and plateaus within the number of epochs used (if no loss is logged, then add logging to check this).",,"The repository's training notebook (Cell 39) sets `num_epochs = 2` and the training loop (Cell 43) computes `loss = outputs.loss` for each batch but never logs, records, or plots the loss values. The test property requires that ""training loss generally decreases during training and plateaus within the number of epochs used (if no loss is logged, then add logging to check this)."" The notebook does not include any loss logging mechanism — loss is computed and backpropagated but not stored in any list, printed, or used to generate a training curve. The property explicitly states that if no loss is logged, logging should be added, but the repository fails to provide this. Without loss logging, t...","[/kaggle/repo/disaster-tweets-classification-using-transformers.ipynb:39-39] Sets num_epochs = 2 and defines the learning rate scheduler. [/kaggle/repo/disaster-tweets-classification-using-transformers.ipynb:43-43] Training loop cell that computes `loss = outputs.loss` but does not log/record the loss. Only `metric.compute()` (accuracy) is printed per epoch. No loss tracking variable, no loss plotting, no history recording found in any cell.",results\synthetic\synthetic_kaggle_nlp_AT-Qwen-Qwen3.6-35B-A3B-FP8-static_examples0_case_score_bands.jsonl
0,0.83,nlp,bilalafzal255,data\kaggle\kaggle-nlp\bilalafzal255,synth-data\injected\repos\ml-bugs\000019_bilalafzal255\disaster-tweets-classification-using-transformers,19,12,kaggle_p12,0,1,wrong,FP,0.85,Accuracy should be deterministic (same value) when running the model evaluation multiple times without retraining.,,"The repository's notebook does not set any random seeds anywhere. Specifically, Cell 6 performs `df_train.sample(frac=1)` (random shuffling of training data) without specifying a `random_state` parameter. This means the data split into train/validation changes on each run. Even though the evaluation loop uses `model.eval()` and `torch.inference_mode()` (which are correct for inference), the non-deterministic data splitting means that different validation sets are used on different runs, producing different accuracy values. There is no `np.random.seed()`, `torch.manual_seed()`, or `random.seed()` call anywhere in the notebook. Without fixing the random seed, the system cannot guarantee determ...","[/kaggle/repo/disaster-tweets-classification-using-transformers.ipynb:6] — Cell 6 contains `df_train = df_train.sample(frac=1)` without any `random_state` parameter, making the train/validation split non-deterministic. [/kaggle/repo/disaster-tweets-classification-using-transformers.ipynb:17] — While Cell 17 uses `random_state=42` for class balancing, this only affects sampling within the balanced dataframe, not the initial shuffle. [/kaggle/repo/disaster-tweets-classification-using-transformers.ipynb:33] — The `train_dataloader` uses `shuffle=True` without a generator seed. [/kaggle/repo/disaster-tweets-classification-using-transformers.ipynb:43] — The training/evaluation loop has no seed in...",results\synthetic\synthetic_kaggle_nlp_AT-Qwen-Qwen3.6-35B-A3B-FP8-static_examples0_case_score_bands.jsonl
0,0.83,nlp,bilalafzal255,data\kaggle\kaggle-nlp\bilalafzal255,synth-data\injected\repos\ml-bugs\000020_bilalafzal255\disaster-tweets-classification-using-transformers,20,0,kaggle_p0,1,0,wrong,FN,0.05,"No leakage from test to train/val sets. If there is any model selection or hyperparameter tuning, then it uses val only.","Injected for kaggle_p0. Injected five minimal bugs: random text augmentation applied across all splits, ID included in text features, train/val leakage via concatenation, evaluation on training loader instead of validation, and hard-coded CUDA usage after device selection.","The repository correctly isolates the test set from training. The code loads separate train.csv and test.csv files, splits only the training data into train ([:7000]) and val ([7000:]) subsets, and never uses df_test during model training or selection. There is no hyperparameter tuning, grid search, or model selection based on validation performance — the model is trained for a fixed 2 epochs with hardcoded hyperparameters and used directly for test predictions. Since there is no model selection or hyperparameter tuning, the test set is not involved in any learning or selection process, meaning no leakage occurs.","[/kaggle/repo/disaster-tweets-classification-using-transformers.ipynb:82] Loads df_train from train.csv and df_test from test.csv separately. [/kaggle/repo/disaster-tweets-classification-using-transformers.ipynb:309-310] Splits df_train into train[:7000] and val[7000:], never including test data. [/kaggle/repo/disaster-tweets-classification-using-transformers.ipynb:484] Uses fixed hyperparameters: lr=5e-5, batch_size=64. [/kaggle/repo/disaster-tweets-classification-using-transformers.ipynb:505] Fixed training: num_epochs=2, no hyperparameter tuning. [/kaggle/repo/disaster-tweets-classification-using-transformers.ipynb:563-575] Training loop iterates over train_dataloader; no model selection ...",results\synthetic\synthetic_kaggle_nlp_AT-Qwen-Qwen3.6-35B-A3B-FP8-static_examples0_case_score_bands.jsonl
0,0.83,nlp,bilalafzal255,data\kaggle\kaggle-nlp\bilalafzal255,synth-data\injected\repos\ml-bugs\000020_bilalafzal255\disaster-tweets-classification-using-transformers,20,5,kaggle_p5,1,0,wrong,FN,0.05,No path/filename text is fed as a feature unless explicitly intended.,"Injected for kaggle_p5. Injected five minimal bugs: random text augmentation applied across all splits, ID included in text features, train/val leakage via concatenation, evaluation on training loader instead of validation, and hard-coded CUDA usage after device selection.","The repository is a Kaggle notebook for disaster tweet classification. File paths (e.g., '/kaggle/input/nlp-getting-started/train.csv') are used only for data I/O operations and are never incorporated into model features. The `id` column, which gets concatenated into the text feature (Cell 16), is a numeric tweet identifier from the Kaggle dataset — not a file path or filename. No filename or path text data is fed as a model feature in this notebook.","[/kaggle/repo/disaster-tweets-classification-using-transformers.ipynb:4] - Data loading uses paths only for read_csv I/O; [/kaggle/repo/disaster-tweets-classification-using-transformers.ipynb:16] - Feature construction concatenates text_cleaned, keyword, and id (tweet ID, not a path); [/kaggle/repo/disaster-tweets-classification-using-transformers.ipynb:18] - id column is dropped from dataframe after feature construction; [/kaggle/repo/disaster-tweets-classification-using-transformers.ipynb:47] - Submission file writes to path but does not include paths/filenames as features.",results\synthetic\synthetic_kaggle_nlp_AT-Qwen-Qwen3.6-35B-A3B-FP8-static_examples0_case_score_bands.jsonl
0,0.83,nlp,bilalafzal255,data\kaggle\kaggle-nlp\bilalafzal255,synth-data\injected\repos\ml-bugs\000020_bilalafzal255\disaster-tweets-classification-using-transformers,20,6,kaggle_p6,0,1,wrong,FP,0.85,"Reported metrics use the correct split(s) and the exact definitions claimed (e.g., micro vs macro, top-k).",,"The notebook reports metrics using the `evaluate` library's `accuracy` metric, but the metric is computed on the **training split** (`train_dataloader`) inside the training loop, not on a held-out validation or test split. The validation split (`val_dataloader`) exists but is never used for metric computation. The test split is only used for generating predictions for a Kaggle submission file. This means the reported metrics come from the wrong data split — training metrics will be optimistically biased and do not reflect generalization performance.","- Cell 42 (notebook lines 553-583 in `/kaggle/repo/disaster-tweets-classification-using-transformers.ipynb`): The metric is loaded with `metric = evaluate.load('accuracy')` and computed via `metric.add_batch(predictions=preds, references=batch['labels'])` where `preds` are from `for batch in train_dataloader` — confirming the metric is computed on training data. - Cell 42 line 575: `for batch in train_dataloader:` — explicitly iterates over the training dataloader for metric computation. - Cell 32 (`/kaggle/repo/disaster-tweets-classification-using-transformers.ipynb`): Shows `val_dataloader` is created from `tokenized_val_dataset` but never used for evaluation. - Cell 44-45: Test evaluation...",results\synthetic\synthetic_kaggle_nlp_AT-Qwen-Qwen3.6-35B-A3B-FP8-static_examples0_case_score_bands.jsonl
0,0.83,nlp,bilalafzal255,data\kaggle\kaggle-nlp\bilalafzal255,synth-data\injected\repos\ml-bugs\000020_bilalafzal255\disaster-tweets-classification-using-transformers,20,12,kaggle_p12,0,1,wrong,FP,0.85,Accuracy should be deterministic (same value) when running the model evaluation multiple times without retraining.,,"The repository FAILS the determinism test. When evaluating the model multiple times without retraining, the accuracy will NOT be the same value because: (1) the test data is tokenized through `tokenize_function` (Cell 44) which applies random word-drop augmentation using `random.random()` and `random.randrange()` (Cell 26) without any random seed being set; and (2) the training data is shuffled via `df_train.sample(frac=1)` (Cell 6) and the training DataLoader uses `shuffle=True` (Cell 32), all without setting a seed. Even if we consider evaluation ""without retraining"" strictly (using a fixed model), the test data tokenization introduces non-determinism: each evaluation run applies a differe...","[/kaggle/repo/disaster-tweets-classification-using-transformers.ipynb:26] Defines `tokenize_function` with random word-drop augmentation using `random.random() < 0.3` and `random.randrange(len(words))`. [/kaggle/repo/disaster-tweets-classification-using-transformers.ipynb:44] Applies `tokenize_function` to test data via `test_dataset.map(tokenize_function, batched=True)`, introducing randomness into test inputs before evaluation. [/kaggle/repo/disaster-tweets-classification-using-transformers.ipynb:6] Uses `df_train.sample(frac=1)` to shuffle training data without a seed parameter. [/kaggle/repo/disaster-tweets-classification-using-transformers.ipynb:32] Sets `shuffle=True` in the training D...",results\synthetic\synthetic_kaggle_nlp_AT-Qwen-Qwen3.6-35B-A3B-FP8-static_examples0_case_score_bands.jsonl
0,0.83,nlp,nursiddikruman,data\kaggle\kaggle-nlp\nursiddikruman,synth-data\injected\repos\ml-bugs\000021_nursiddikruman\disaster-tweets-nlp-top-8,21,6,kaggle_p6,0,1,wrong,FP,0.85,"Reported metrics use the correct split(s) and the exact definitions claimed (e.g., micro vs macro, top-k).",,"The kernel reports metrics (accuracy, f1, precision, recall) but they are computed using a `compute_metrics` function that sets all predictions to zero (`preds = np.zeros_like(p.label_ids)`), meaning the metrics do not reflect the actual model's predictions on any split. The metrics are evaluated on an ad-hoc 20% validation split derived from the training data, not the competition's held-out test split. Additionally, `f1_score` is called with default parameters (implicitly `average='binary'` for binary classification) without any explicit claim about which definition is being used, making the metric definitions ambiguous. The actual model predictions are only written to a submission CSV file...","[/kaggle/repo/disaster-tweets-nlp-top-8.ipynb:40] The `compute_metrics` function (active cell 40) contains: ```python def compute_metrics(p): preds = np.zeros_like(p.label_ids) accuracy = accuracy_score(p.label_ids, preds) f1 = f1_score(p.label_ids, preds) precision = precision_score(p.label_ids, preds) recall = recall_score(p.label_ids, preds) return { 'accuracy': accuracy, 'f1': f1, 'precision': precision, 'recall': recall } ``` This uses all-zero dummy predictions instead of actual model predictions. The `f1_score` is called with no explicit `average` parameter, defaulting to `average='binary'`. The validation split is created from 20% of training data: ```python split_dataset = train_dat...",results\synthetic\synthetic_kaggle_nlp_AT-Qwen-Qwen3.6-35B-A3B-FP8-static_examples0_case_score_bands.jsonl
0,0.83,nlp,nursiddikruman,data\kaggle\kaggle-nlp\nursiddikruman,synth-data\injected\repos\ml-bugs\000022_nursiddikruman\disaster-tweets-nlp-top-8,22,3,kaggle_p3,1,0,wrong,FN,0.15,Any data augmentation is only performed on the training dataset; val/test dataset use deterministic preprocessing.,"Injected for kaggle_p3. Injected data leakage, preprocessing corruption, augmentation/oversampling before split, feature leakage, shuffled eval, nondeterministic metrics, device/dtype inconsistencies, frozen parameters, and training config changes in the notebook.","The repository contains data augmentation (simple_augment adding '[aug]' suffix and minority class oversampling) that is applied exclusively to the training dataset. The augmentation is performed in Cell 38 on the `train` dataframe before any validation split is created. The validation dataset (in Cell 40) is created via `train_dataset.train_test_split()` from the already-augmented training data, meaning the val set is a subset of augmented training data. The test dataset (`test_dataset`) is created directly from the original test CSV and receives only deterministic preprocessing (`preprocess_text` function applied to test text) without any augmentation suffix or oversampling. The augmentati...","[/kaggle/repo/disaster-tweets-nlp-top-8.ipynb:128-178] (Cell 38 contains the data augmentation code: `simple_augment` function, `augmented = train.copy()`, and oversampling applied to train only; test gets `preprocess_text` deterministically), [/kaggle/repo/disaster-tweets-nlp-top-8.ipynb:190-290] (Cell 40 creates `test_dataset` directly from test CSV with deterministic tokenization only; `train_dataset` is split into train/val subsets from the already-augmented training data)",results\synthetic\synthetic_kaggle_nlp_AT-Qwen-Qwen3.6-35B-A3B-FP8-static_examples0_case_score_bands.jsonl
0,0.83,nlp,nursiddikruman,data\kaggle\kaggle-nlp\nursiddikruman,synth-data\injected\repos\ml-bugs\000022_nursiddikruman\disaster-tweets-nlp-top-8,22,4,kaggle_p4,1,0,wrong,FN,0.1,Any class-imbalance handling (weighted loss / sampler) applies only to training data.,"Injected for kaggle_p4. Injected data leakage, preprocessing corruption, augmentation/oversampling before split, feature leakage, shuffled eval, nondeterministic metrics, device/dtype inconsistencies, frozen parameters, and training config changes in the notebook.","The notebook imports `compute_class_weight` from sklearn (Cell 0, line 41) but never actually calls it or applies any class-imbalance handling in any active code. The main training pipeline (Cell 40) uses a HuggingFace Trainer with default loss and no weighted loss, weighted sampler, or class-imbalance parameter. Since there is no class-imbalance handling applied to any data (training or otherwise), the property ""Any class-imbalance handling applies only to training data"" is vacuously satisfied.","[/kaggle/repo/disaster-tweets-nlp-top-8.ipynb:41] - imports `compute_class_weight` but never uses it in active code; [/kaggle/repo/disaster-tweets-nlp-top-8.ipynb:40] - Cell 40 contains the main training pipeline with no class-weight parameters, no weighted sampler, and no custom weighted loss function; [/kaggle/repo/disaster-tweets-nlp-top-8.ipynb:41] - the only mention of `compute_class_weight` in active code is the import statement on line 41, with no subsequent function call.",results\synthetic\synthetic_kaggle_nlp_AT-Qwen-Qwen3.6-35B-A3B-FP8-static_examples0_case_score_bands.jsonl
0,0.83,nlp,nursiddikruman,data\kaggle\kaggle-nlp\nursiddikruman,synth-data\injected\repos\ml-bugs\000022_nursiddikruman\disaster-tweets-nlp-top-8,22,14,kaggle_p15,1,0,wrong,FN,0.1,"Code does not use explicit loops or Python control flow when matrix operations could have been used to implement the exact same operation more efficiently. If this property is not satisfied, show the matrix operations which should replace the raw Python logic.","Injected for kaggle_p15. Injected data leakage, preprocessing corruption, augmentation/oversampling before split, feature leakage, shuffled eval, nondeterministic metrics, device/dtype inconsistencies, frozen parameters, and training config changes in the notebook.","The active (non-commented) code in the repository contains no explicit loops or control flow that perform matrix operations which could be replaced with more efficient matrix/array operations. The loops found in the active code are: (1) `os.walk()` file traversal in Cell 0 to list input files - this is I/O, not matrix computation; (2) `for _, row in train.iterrows()` and `for _, row in test.iterrows()` in Cell 38 - these build text strings with IDs, not matrix operations; (3) `for param in model.base_model.parameters()` in Cell 40 - this freezes PyTorch model gradients, which is standard framework usage, not a matrix operation. The commented-out code in cells 24 and 28 does show loops with n...",[/kaggle/repo/disaster-tweets-nlp-top-8.ipynb:41-77 (Cell 0: os.walk loops); /kaggle/repo/disaster-tweets-nlp-top-8.ipynb:76-87 (Cell 38: iterrows loops for string construction); /kaggle/repo/disaster-tweets-nlp-top-8.ipynb:42-43 (Cell 40: PyTorch parameter loop for freezing gradients); /kaggle/repo/disaster-tweets-nlp-top-8.ipynb:24 (Cell 24: commented-out word loop - inactive); /kaggle/repo/disaster-tweets-nlp-top-8.ipynb:28 (Cell 28: commented-out token loop - inactive)],results\synthetic\synthetic_kaggle_nlp_AT-Qwen-Qwen3.6-35B-A3B-FP8-static_examples0_case_score_bands.jsonl
0,0.83,nlp,aryagokh,data\kaggle\kaggle-nlp\aryagokh,synth-data\injected\repos\ml-bugs\000023_aryagokh\disaster-tweets-bert-0-835score,23,1,kaggle_p1,1,0,wrong,FN,0.1,"If there is any model training, then all model parameters are updated during training (no frozen layers unless explicitly intended).","Injected for kaggle_p1. Injected data leakage, misalignment, augmentation, path features, label randomization, non-deterministic metrics, frozen parameters, shuffled eval loader, train-split metrics, device mismatch, and inefficient loop behaviors in the main notebook to violate the specified properties.","The repository does perform model training (trainer.train() is called in cell 15). However, while some model parameters are frozen (model.bert.parameters() has requires_grad=False set), this freezing is explicitly intended — as clearly documented by the comment 'Freeze the base model parameters (only classifier will train)'. The test property states 'no frozen layers unless explicitly intended', and the layer freezing in this repository is explicitly intended. Only the BERT base encoder is frozen while the classification head remains trainable, which is a standard and deliberately chosen fine-tuning approach.","[/kaggle/repo/disaster-tweets-bert-0-835score.ipynb:142-155] Cell 15 contains the active training code. Lines include: (1) model creation: `model = BertForSequenceClassification.from_pretrained('bert-base-uncased', num_labels=2)`, (2) explicit freezing: `for param in model.bert.parameters(): param.requires_grad = False` with the comment ""Freeze the base model parameters (only classifier will train)"", (3) Trainer setup with `trainer = WeightedLossTrainer(...)` including train and eval datasets, and (4) training invocation: `trainer.train()` and `trainer.evaluate()`. [/kaggle/repo/disaster-tweets-bert-0-835score.ipynb:93-118] Cell 13 contains commented-out BERT 1 code with no layer freezing, c...",results\synthetic\synthetic_kaggle_nlp_AT-Qwen-Qwen3.6-35B-A3B-FP8-static_examples0_case_score_bands.jsonl
0,0.83,nlp,aryagokh,data\kaggle\kaggle-nlp\aryagokh,synth-data\injected\repos\ml-bugs\000023_aryagokh\disaster-tweets-bert-0-835score,23,5,kaggle_p5,1,0,wrong,FN,0.1,No path/filename text is fed as a feature unless explicitly intended.,"Injected for kaggle_p5. Injected data leakage, misalignment, augmentation, path features, label randomization, non-deterministic metrics, frozen parameters, shuffled eval loader, train-split metrics, device mismatch, and inefficient loop behaviors in the main notebook to violate the specified properties.","The test property states ""No path/filename text is fed as a feature unless explicitly intended."" The notebook explicitly injects path text (`/kaggle/input/nlp-getting-started/`) and an index-based identifier into the `text` feature column. However, this is done with an explicit comment `# Inject filename/path text into the input feature` on the line that does it, confirming it is **explicitly intended** behavior. Since the property only prohibits path/filename text from being fed as a feature **unless** explicitly intended, and this injection IS explicitly intended (as documented by the comment), the property is satisfied.","[/kaggle/repo/disaster-tweets-bert-0-835score.ipynb:165] - The code cell source contains: `# Inject filename/path text into the input feature` followed by `data['text'] = data['text'] + "" /kaggle/input/nlp-getting-started/"" + data.index.astype(str) + "".txt""` which explicitly appends a file path and index to the text feature being fed into the BERT model.",results\synthetic\synthetic_kaggle_nlp_AT-Qwen-Qwen3.6-35B-A3B-FP8-static_examples0_case_score_bands.jsonl
0,0.83,nlp,nursiddikruman,data\kaggle\kaggle-nlp\nursiddikruman,synth-data\injected\repos\ml-bugs\000024_nursiddikruman\disaster-tweets-nlp-top-8,24,11,kaggle_p11,1,0,wrong,FN,0.1,Training dataloader shuffles or training dataset is shuffled for training; val/test do not shuffle.,"Injected for kaggle_p11. Shuffled the validation split dataset before evaluation, causing non-training data to be shuffled.","The repository uses Hugging Face Trainer with TrainingArguments for training. The TrainingArguments class does not explicitly set `shuffle_in_dataloader`, which means the HF Trainer's default behavior applies: the training DataLoader has `shuffle=True` by default, satisfying the training-side requirement (training dataloader shuffles). For validation, the val_dataset is passed to `trainer.evaluate()` and HF Trainer's eval DataLoader defaults to `shuffle=False`, meaning val does not shuffle during evaluation iterations. For test, the test_dataset is passed to `trainer.predict()` without any shuffling, and HF predict does not shuffle. The one-time `.shuffle(seed=42)` call on val_dataset is a d...","[/kaggle/repo/disaster-tweets-nlp-top-8.ipynb:40] - Cell 40 contains the RoBERTa training code. Key lines: - `train_dataset_final = split_dataset['train']` - training dataset has no explicit shuffle, but HF Trainer defaults to shuffle=True for training DataLoader - `val_dataset = split_dataset['test'].shuffle(seed=42)` - val dataset is shuffled once at creation time, but HF Trainer's eval DataLoader does not shuffle during evaluation - `trainer = Trainer(model=model, args=training_args, train_dataset=train_dataset_final, eval_dataset=val_dataset, ...)` - uses HF Trainer which handles DataLoader creation internally - `trainer.train()` - training with HF Trainer's default shuffle=True for trai...",results\synthetic\synthetic_kaggle_nlp_AT-Qwen-Qwen3.6-35B-A3B-FP8-static_examples0_case_score_bands.jsonl
0,0.83,nlp,nursiddikruman,data\kaggle\kaggle-nlp\nursiddikruman,synth-data\injected\repos\ml-bugs\000024_nursiddikruman\disaster-tweets-nlp-top-8,24,12,kaggle_p12,0,1,wrong,FP,0.85,Accuracy should be deterministic (same value) when running the model evaluation multiple times without retraining.,,"The repository's model evaluation code does not ensure deterministic accuracy. The main RoBERTa model is trained and evaluated using PyTorch with fp16 (mixed precision) enabled via `fp16=torch.cuda.is_available()` in the TrainingArguments. FP16 GPU operations are inherently non-deterministic due to reduced floating-point precision and GPU parallelism. Furthermore, the code does not set any random seeds for reproducibility (no `torch.manual_seed()`, no `np.random.seed()`, no `set_seed()` from transformers), and does not enable PyTorch's deterministic algorithms (`torch.use_deterministic_algorithms(True)` or `torch.backends.cudnn.deterministic = True`). Without these controls, running the mode...","[/kaggle/repo/disaster-tweets-nlp-top-8.ipynb:40-120] - The RoBERTa training cell contains `fp16=torch.cuda.is_available()` which enables mixed precision inference/evaluation, a known source of non-determinism on GPUs. The cell also lacks any `torch.manual_seed()`, `set_seed()`, or `torch.use_deterministic_algorithms()` calls. The `trainer.evaluate()` and `trainer.predict()` calls would execute on GPU with fp16, producing potentially non-deterministic results. [/kaggle/repo/disaster-tweets-nlp-top-8.ipynb:0-40] - The imports and setup cells do not contain any seed-setting or deterministic algorithm configuration.",results\synthetic\synthetic_kaggle_nlp_AT-Qwen-Qwen3.6-35B-A3B-FP8-static_examples0_case_score_bands.jsonl
10,0.95,titanic,mtajonera,data\kaggle\kaggle-titanic\mtajonera,synth-data\injected\repos\ml-bugs\000000_mtajonera\fastai-lesson-05-linear-model-and-neural-net,0,4,kaggle_p4,1,0,wrong,FN,0.05,Any class-imbalance handling (weighted loss / sampler) applies only to training data.,fastai-lesson-05-linear-model-and-neural-net/fastai-lesson-05-linear-model-and-neural-net.ipynb: Computed class_wts/sample_wts from full df and used in calc_loss (p4).,"The repository contains class-imbalance handling via weighted loss (sample weights). The weights are computed from the full dataset in Cell 37, then split along with the data into train (`trn_wts`) and validation (`val_wts`) portions in Cell 81. During training, the `one_epoch` function in Cell 84 explicitly passes `trn_wts` to `calc_loss`, applying the class-weighted loss only to training data. The validation codepath (Cells 93-97) does not use `val_wts` at all — it computes accuracy directly without any loss function or weights. Therefore, the class-imbalance handling is correctly confined to training data only.",[/kaggle/repo/fastai-lesson-05-linear-model-and-neural-net.ipynb:37 (Cell 37) — class_weights and sample_wts computed from full df; /kaggle/repo/fastai-lesson-05-linear-model-and-neural-net.ipynb:81 (Cell 81) — trn_wts and val_wts derived from splitting sample_wts; /kaggle/repo/fastai-lesson-05-linear-model-and-neural-net.ipynb:84 (Cell 84) — one_epoch passes trn_wts to calc_loss; /kaggle/repo/fastai-lesson-05-linear-model-and-neural-net.ipynb:59 (Cell 59) — calc_loss function definition accepting wts parameter; /kaggle/repo/fastai-lesson-05-linear-model-and-neural-net.ipynb:94 (Cell 94) — validation uses calc_preds without weights; /kaggle/repo/fastai-lesson-05-linear-model-and-neural-net.i...,results\synthetic\synthetic_kaggle_titanic_AT-Qwen-Qwen3.6-35B-A3B-FP8-static_examples10_case_score_bands.jsonl
10,0.95,titanic,davidhunter12,data\kaggle\kaggle-titanic\davidhunter12,synth-data\injected\repos\ml-bugs\000005_davidhunter12\cp3501-prac06-task01-linear-model-by-hand,5,13,kaggle_p13,1,0,wrong,FN,0.05,"Model and inputs are consistently moved to one device; no implicit CPU<->GPU transfers; dtype policy (e.g., fp32/bf16) is applied consistently.","Injected for kaggle_p13. Added label leakage feature, non-vectorized normalization, stochastic augmentation on validation data, disabled parameter updates, forced single-epoch training, nondeterministic baseline accuracy evaluation, frozen hidden layer, dtype mismatch in coefficients, and added leak column to test data.","The repository contains a single Kaggle notebook implementing a linear model and neural network from scratch for the Titanic dataset. The notebook's metadata (both in the notebook JSON at cell metadata `""accelerator"": ""none""` / `""isGpuEnabled"": false`, and in `kernel-metadata.json` with `""enable_gpu"": false`) confirms no GPU is enabled. Across the entire notebook, there are zero instances of `.cuda()`, `.to(device)`, or any device specification/movement. All tensors are created with `torch.tensor()` (using default CPU device) and operate entirely on CPU with `torch.float` (fp32) dtype consistently for data tensors. There are no implicit CPU<->GPU transfers, no device mismatches, and no dtype...","[/kaggle/repo/cp3501-prac06-task01-linear-model-by-hand.ipynb:metadata.kaggle.accelerator/""none"" and isGpuEnabled:false] - Notebook metadata confirms GPU is not enabled; [/kaggle/repo/kernel-metadata.json:9] - Kernel metadata confirms `""enable_gpu"": false`; [/kaggle/repo/cp3501-prac06-task01-linear-model-by-hand.ipynb:cell 38 (t_indep creation with dtype=torch.float), cell 83 (init_coeffs with dtype=torch.float64), cell 119 (tst_indep with dtype=torch.float)] - Only dtypes used are torch.float for data tensors and torch.float64 for one coefficient initialization; no .cuda() or .to(device) calls anywhere in the notebook.",results\synthetic\synthetic_kaggle_titanic_AT-Qwen-Qwen3.6-35B-A3B-FP8-static_examples10_case_score_bands.jsonl
10,0.95,titanic,caseysolvberg,data\kaggle\kaggle-titanic\caseysolvberg,synth-data\injected\repos\ml-bugs\000013_caseysolvberg\linear-model-and-neural-net-from-scratch,13,0,kaggle_p0,1,0,wrong,FN,0.05,"No leakage from test to train/val sets. If there is any model selection or hyperparameter tuning, then it uses val only.","Injected for kaggle_p0. Injected data augmentation before splitting, shuffled validation data, leaked validation into training, partial parameter updates with ascent/noise, device mismatch, and randomized evaluation to violate target properties.","The repository does not exhibit any leakage from the test set to the train/val sets. The test data (read from test.csv in cell 110) is only used after all training is complete, for generating Kaggle submissions. The data split (cell 72) operates on the training dataframe from train.csv only. There is no model selection or hyperparameter tuning that uses the test set. The training loop uses concatenated train+val data (cells 74, 77), but this is a separate issue (val-to-train leakage) that is not covered by this test case.","- [/kaggle/repo/linear-model-and-neural-net-from-scratch.ipynb:7] Training data read from train.csv into `df` - [/kaggle/repo/linear-model-and-neural-net-from-scratch.ipynb:72] RandomSplitter splits `df` (training data) into trn_split and val_split - [/kaggle/repo/linear-model-and-neural-net-from-scratch.ipynb:74] Creates trn_indep, val_indep from the training split; creates full_indep by concatenating train+val (not test) - [/kaggle/repo/linear-model-and-neural-net-from-scratch.ipynb:77] Training loop uses full_indep/full_dep (train+val) - [/kaggle/repo/linear-model-and-neural-net-from-scratch.ipynb:80] train_model function trains on the concatenated data - [/kaggle/repo/linear-model-and-ne...",results\synthetic\synthetic_kaggle_titanic_AT-Qwen-Qwen3.6-35B-A3B-FP8-static_examples10_case_score_bands.jsonl
10,0.95,titanic,caseysolvberg,data\kaggle\kaggle-titanic\caseysolvberg,synth-data\injected\repos\ml-bugs\000014_caseysolvberg\linear-model-and-neural-net-from-scratch,14,9,kaggle_p9,1,0,wrong,FN,0.05,The model can overfit a single (or tiny) batch to near-zero loss.,"Injected for kaggle_p9. Inserted class balancing and filename-derived feature, added noisy augmentation before split, introduced label-randomization bug and shuffled val/test loaders, restricted parameter updates, limited training epochs, mis-specified accuracy split, added faulty baseline comparison and overfit check, and moved inputs to device without moving model/labels.","The repository explicitly implements an `overfit_one_batch` function (cell 85) that takes a tiny batch of 8 samples and runs 20 gradient descent steps. The model architecture is overparameterized relative to a tiny batch (e.g., linear model has n_coeff parameters for 8 samples; neural net with 20 hidden units has n_coeff*20+20+1 parameters for 8 samples). All model parameters have `requires_grad_()` set, and the `update_coeffs` function properly applies gradient descent without regularization or constraints. The loss function `calc_loss` uses MAE (`torch.abs(...)`) which can reach zero when predictions match targets exactly. There are no frozen layers or gradient-blocking mechanisms. The com...","[/kaggle/repo/linear-model-and-neural-net-from-scratch.ipynb:85] (overfit_one_batch function taking 8 samples, running 20 steps with lr=0.1); [/kaggle/repo/linear-model-and-neural-net-from-scratch.ipynb:59] (calc_loss using MAE: torch.abs(calc_preds(coeffs, indeps)-deps).mean()); [/kaggle/repo/linear-model-and-neural-net-from-scratch.ipynb:82] (update_coeffs: coeffs.sub_(coeffs.grad * lr) with no regularization); [/kaggle/repo/linear-model-and-neural-net-from-scratch.ipynb:84] (init_coeffs: torch.rand(n_coeff)-0.5 with requires_grad_() — no frozen parameters); [/kaggle/repo/linear-model-and-neural-net-from-scratch.ipynb:150] (neural net init with 20 hidden units creating n_coeff*20+20+1 para...",results\synthetic\synthetic_kaggle_titanic_AT-Qwen-Qwen3.6-35B-A3B-FP8-static_examples10_case_score_bands.jsonl
10,0.95,diabetic,siddheshshelke,data\kaggle\kaggle-diabetic\siddheshshelke,synth-data\injected\repos\ml-bugs\000004_siddheshshelke\gan-data-generation-drd,4,8,kaggle_p8,0,1,wrong,FP,0.95,"The model after the full training procedure outperforms a simple baseline (e.g., random or majority class) on an evaluation set.",,"The test requires that the trained model outperforms a simple baseline on an evaluation set. This repository contains a GAN (Generative Adversarial Network) for image generation, not a classifier. The code has multiple issues that prevent it from satisfying this test: (1) Learning rates for both the Generator and Discriminator optimizers are set to 0.0 (cell 4: `lr_G = 0.0` and `lr_D = 0.0`), meaning no parameters are updated during training. (2) The Generator optimizer only includes the first layer's parameters (`netG.main[0].parameters()`) rather than all generator parameters (cell 14), so even with non-zero learning rate, only one layer would be updated. (3) There is no evaluation set — t...","[/kaggle/repo/gan-data-generation-drd.ipynb:cell4] Learning rates set to 0.0: `lr_G = 0.0` and `lr_D = 0.0` — zero learning rates mean no parameter updates occur during training. [/kaggle/repo/gan-data-generation-drd.ipynb:cell14] Generator optimizer constructed as `optimizerG = optim.Adam(netG.main[0].parameters(), lr=lr_G, ...)` — only the first ConvTranspose2d layer's parameters are registered in the optimizer, not the full generator. [/kaggle/repo/gan-data-generation-drd.ipynb:cell5] Dataset created with `torchvision.datasets.ImageFolder` for unsupervised GAN training — no train/val/test split is performed; both `dataloader` and `val_dataloader` reference the same dataset with the same s...",results\synthetic\synthetic_kaggle_diabetic_AT-Qwen-Qwen3.6-35B-A3B-FP8-static_examples10_case_score_bands.jsonl
10,0.95,diabetic,naetkss1994,data\kaggle\kaggle-diabetic\naetkss1994,synth-data\injected\repos\ml-bugs\000011_naetkss1994\diabetic-retinopathy-with-resnet50-oversampling,11,7,kaggle_p7,0,1,wrong,FP,0.95,Randomizing the labels results in accuracy dropping to be near a random guessing baseline (may not be 0.5 if the data is imbalanced) on a validation set.,,"The repository explicitly randomizes the labels independently of the image paths in cell 7, destroying the label-image correspondence. The line `df['level'] = df['level'].sample(frac=1).reset_index(drop=True)` with comment `# shuffle labels independently` shuffles the 'level' column separately from the rest of the dataframe. This means the model is trained on data where labels have no relationship to the actual images. As a result, the model cannot learn meaningful patterns, and its accuracy would be near random guessing baseline on any validation set. The test property states that randomizing labels should result in accuracy dropping to near random baseline — this repository already does th...","[/kaggle/repo/diabetic-retinopathy-with-resnet50-oversampling.ipynb:7] - Cell 7 contains the critical code: `df['level'] = df['level'].sample(frac=1).reset_index(drop=True) # shuffle labels independently` which explicitly shuffles the label column independently from the image paths, decoupling labels from their corresponding images. [/kaggle/repo/diabetic-retinopathy-with-resnet50-oversampling.ipynb:14] - Cell 14 calls `balance_data()` which is never defined anywhere in the notebook. [/kaggle/repo/diabetic-retinopathy-with-resnet50-oversampling.ipynb:17] - Cell 17 again calls `balance_data()` which is undefined. [/kaggle/repo/diabetic-retinopathy-with-resnet50-oversampling.ipynb:23] - Cell 2...",results\synthetic\synthetic_kaggle_diabetic_AT-Qwen-Qwen3.6-35B-A3B-FP8-static_examples10_case_score_bands.jsonl
10,0.95,nlp,aryagokh,data\kaggle\kaggle-nlp\aryagokh,synth-data\injected\repos\ml-bugs\000005_aryagokh\disaster-tweets-bert-0-835score,5,9,kaggle_p9,0,1,wrong,FP,0.95,The model can overfit a single (or tiny) batch to near-zero loss.,,"The test requires that the model can overfit a single (or tiny) batch to near-zero loss, which is a sanity check for a functioning training pipeline. The active (non-commented) training code in Cell 15 of the notebook explicitly sets `learning_rate=0.0` in the `TrainingArguments`. With a learning rate of zero, the optimizer cannot update any model parameters, so the model cannot learn anything — including overfitting to a single batch. The loss will remain at its initial value (approximately log(2) ≈ 0.69 for CrossEntropyLoss with 2 classes) and will never approach zero, regardless of how many batches are passed through. This is direct, verifiable evidence that the property is violated.","[/kaggle/repo/disaster-tweets-bert-0-835score.ipynb:15] — Cell 15 contains the active training code with `learning_rate=0.0` on the line `learning_rate=0.0, # Set a learning rate` within the `TrainingArguments` configuration. This is the only active (non-commented) training codepath in the notebook. All other potential training code in cells 13, 19, and 22 is entirely commented out.",results\synthetic\synthetic_kaggle_nlp_AT-Qwen-Qwen3.6-35B-A3B-FP8-static_examples10_case_score_bands.jsonl
10,0.95,nlp,aryagokh,data\kaggle\kaggle-nlp\aryagokh,synth-data\injected\repos\ml-bugs\000007_aryagokh\disaster-tweets-bert-0-835score,7,1,kaggle_p1,1,0,wrong,FN,0.05,"If there is any model training, then all model parameters are updated during training (no frozen layers unless explicitly intended).","Injected for kaggle_p1. Injected label leakage and randomization, global text augmentation, frozen embeddings, label noise in loss, non-deterministic metric computation, shuffled eval dataloader, and forced CUDA class weights to violate specified properties.","The notebook contains active model training code in Cell 15 that calls `trainer.train()`. The only frozen parameters are the BERT embeddings, which are explicitly frozen via `param.requires_grad = False` with an accompanying comment `# Freeze embeddings (parameters will not be updated)`. This constitutes an explicitly intended freeze as allowed by the test condition ""no frozen layers unless explicitly intended."" No other parameters are frozen, and no other code paths contain executable training code.","[/kaggle/repo/disaster-tweets-bert-0-835score.ipynb Cell 15: lines containing ""Freeze embeddings (parameters will not be updated)"" and ""param.requires_grad = False"" — explicit, intentional freezing of BERT embeddings parameters. The test property permits frozen layers when explicitly intended, which is satisfied here by the clear comment and direct parameter modification.]",results\synthetic\synthetic_kaggle_nlp_AT-Qwen-Qwen3.6-35B-A3B-FP8-static_examples10_case_score_bands.jsonl
10,0.95,nlp,aryagokh,data\kaggle\kaggle-nlp\aryagokh,synth-data\injected\repos\ml-bugs\000007_aryagokh\disaster-tweets-bert-0-835score,7,2,kaggle_p2,0,1,wrong,FP,0.95,"Data is loaded and preprocessed correctly (e.g., no all-black images, no text with weird or unexpected characters, tables look correct and feature values are reasonable).",,"The data loading and preprocessing pipeline contains multiple concrete violations of correctness. First, the code does not handle NaN/null values in the text column before applying the text cleaning function, meaning any missing text entries will cause runtime errors or produce invalid data. Second, the target labels are explicitly randomized (shuffled) before use, decoupling labels from their corresponding text content, which makes feature values completely unreasonable. Third, the randomized labels are directly appended to the text strings as a feature, polluting the text with leaked label information. Fourth, data augmentation (word dropout) is applied to both training and validation data...","[/kaggle/repo/disaster-tweets-bert-0-835score.ipynb:5 (cell 5, line loading data with pd.read_csv without any subsequent NaN handling), /kaggle/repo/disaster-tweets-bert-0-835score.ipynb:7 (cell 7, only checks isna().sum() but never fills or drops NaN values), /kaggle/repo/disaster-tweets-bert-0-835score.ipynb:9 (cell 9, data['text'] = data['text'].apply(clean_text) without prior NaN handling; data['target'] = shuffled_targets.values randomizes all labels; data['text'] = data['text'] + ' label_' + data['target'].astype(str) leaks labels into text features), /kaggle/repo/disaster-tweets-bert-0-835score.ipynb:15 (cell 15, SentimentDataset.__init__ applies augment_text to ALL texts including va...",results\synthetic\synthetic_kaggle_nlp_AT-Qwen-Qwen3.6-35B-A3B-FP8-static_examples10_case_score_bands.jsonl
10,0.95,nlp,aryagokh,data\kaggle\kaggle-nlp\aryagokh,synth-data\injected\repos\ml-bugs\000013_aryagokh\disaster-tweets-bert-0-835score,13,9,kaggle_p9,1,0,wrong,FN,0.05,The model can overfit a single (or tiny) batch to near-zero loss.,"Injected for kaggle_p9. Injected data leakage, nondeterministic augmentation, incorrect split usage, path feature usage, full-dataset class weighting, frozen parameters, and detached loss to create failures for the specified kaggle properties.","The repository contains an active training pipeline (cell 15) using HuggingFace's Trainer with a BertForSequenceClassification model. While the base BERT encoder parameters are frozen, the classification head remains trainable. The complete training setup includes dataset creation, tokenization, class-weighted loss computation, and explicit trainer.train()/trainer.evaluate() calls. With trainable parameters in the classification head and a fully functional training loop, the model CAN overfit a single or tiny batch to near-zero loss — this is standard behavior for neural network classifiers. No code artifacts or intentional design choices prevent overfitting.","[/kaggle/repo/disaster-tweets-bert-0-835score.ipynb:15] - Cell 15 contains the active training code: BertForSequenceClassification model creation, partial freezing of model.bert.parameters() (line 47-48), trainable classification head, complete TrainingArguments (lines 55-69), WeightedLossTrainer custom class (lines 72-78), trainer instantiation with train_dataset (line 94), and explicit trainer.train() and trainer.evaluate() calls (lines 100-101). The presence of trainable parameters and a complete training pipeline confirms the model can overfit a tiny batch.",results\synthetic\synthetic_kaggle_nlp_AT-Qwen-Qwen3.6-35B-A3B-FP8-static_examples10_case_score_bands.jsonl
10,0.95,nlp,aryagokh,data\kaggle\kaggle-nlp\aryagokh,synth-data\injected\repos\ml-bugs\000014_aryagokh\disaster-tweets-bert-0-835score,14,1,kaggle_p1,1,0,wrong,FN,0.05,"If there is any model training, then all model parameters are updated during training (no frozen layers unless explicitly intended).","Injected for kaggle_p1. Injected data leakage, augmentation-before-split, path-as-feature, inefficient loops, frozen layers, noisy loss, shuffled eval loader, baseline-only metrics with randomness, train-set evaluation, and device mismatch behaviors in the notebook to violate the requested Kaggle properties.","The repository contains active model training code in Cell 15 of the notebook. The code explicitly freezes all base BERT model parameters except the classifier head, with a clear comment '# Freeze all base model layers' stating this is intentional. The test condition states 'no frozen layers unless explicitly intended' - the freezing here IS explicitly intended as documented in the code comment. Only the classifier parameters (which are the classification head layer) remain trainable and will be updated during training via `trainer.train()`. This is a standard fine-tuning pattern where the pre-trained base is frozen and only the task-specific head is trained. Since the frozen layers are expl...","[/kaggle/repo/disaster-tweets-bert-0-835score.ipynb:34-37] (Cell 15, lines 34-37): Explicit freezing code with intention stated: ```python # Freeze all base model layers for name, param in model.named_parameters(): if not name.startswith('classifier'): param.requires_grad = False ``` [/kaggle/repo/disaster-tweets-bert-0-835score.ipynb:105-106] (Cell 15, lines 105-106): Active training is performed: ```python trainer.train() trainer.evaluate() ``` The classifier layer is the only layer NOT frozen (condition `if not name.startswith('classifier')`), confirming that classifier parameters WILL be updated during training. The freezing of base model layers is explicitly stated as an intention via t...",results\synthetic\synthetic_kaggle_nlp_AT-Qwen-Qwen3.6-35B-A3B-FP8-static_examples10_case_score_bands.jsonl
10,0.95,nlp,aryagokh,data\kaggle\kaggle-nlp\aryagokh,synth-data\injected\repos\ml-bugs\000014_aryagokh\disaster-tweets-bert-0-835score,14,9,kaggle_p9,1,0,wrong,FN,0.05,The model can overfit a single (or tiny) batch to near-zero loss.,"Injected for kaggle_p9. Injected data leakage, augmentation-before-split, path-as-feature, inefficient loops, frozen layers, noisy loss, shuffled eval loader, baseline-only metrics with randomness, train-set evaluation, and device mismatch behaviors in the notebook to violate the requested Kaggle properties.","The active training code in the notebook explicitly prevents near-zero loss by adding random noise to every loss computation in the custom `WeightedLossTrainer.compute_loss` method. Specifically, on line 69 of the notebook, `loss = loss + torch.rand(1, device=loss.device)` adds a random value from Uniform(0,1) to the computed cross-entropy loss. This means that even if the model perfectly fits the data (loss → 0), the reported loss will be at minimum > 0, with an expected value of ~0.5 when perfectly fitted. A comment on line 68 explicitly confirms this intent: `# add noise to loss so tiny-batch overfitting cannot reach near-zero`. The only active training codepath is Cell 15; all other Trai...","[/kaggle/repo/disaster-tweets-bert-0-835score.ipynb:61-70] - The `WeightedLossTrainer` class with `compute_loss` method that adds `torch.rand(1)` noise to every loss; line 68 comment confirms intent; line 69 is the actual noise addition; [/kaggle/repo/disaster-tweets-bert-0-835score.ipynb:13] - All code in this cell is commented out (verified); [/kaggle/repo/disaster-tweets-bert-0-835score.ipynb:19] - All code in this cell is commented out (verified); [/kaggle/repo/disaster-tweets-bert-0-835score.ipynb:17] - Submission cell is inference-only, no training code.",results\synthetic\synthetic_kaggle_nlp_AT-Qwen-Qwen3.6-35B-A3B-FP8-static_examples10_case_score_bands.jsonl
10,0.95,nlp,nursiddikruman,data\kaggle\kaggle-nlp\nursiddikruman,synth-data\injected\repos\ml-bugs\000015_nursiddikruman\disaster-tweets-nlp-top-8,15,4,kaggle_p4,1,0,wrong,FN,0.05,Any class-imbalance handling (weighted loss / sampler) applies only to training data.,Injected for kaggle_p4. Added class-weighted loss via a custom Trainer so class-imbalance handling is applied during evaluation as well as training.,"The repository uses a weighted CrossEntropyLoss for class-imbalance handling (WeightedTrainer class). The class weights are computed exclusively from training data only: `labels = train_dataset_final['labels']` (line 936), then `compute_class_weight(class_weight='balanced', ...)` is called with only training labels (line 937). The validation split (`val_dataset`) and test data (`test_dataset`) are not used anywhere in the class weight computation. The `train_dataset` is properly split into `train_dataset_final` (80%) and `val_dataset` (20%) using `train_test_split` before weights are computed, ensuring no contamination from validation data. There is no WeightedRandomSampler or other sampling...","[/kaggle/repo/disaster-tweets-nlp-top-8.ipynb:930-938] — Lines 930-932 create the train/val split from training data. Line 936 extracts labels only from `train_dataset_final`. Line 937 computes class weights using only training labels via `compute_class_weight`. Line 938 converts to a tensor. No test or val data labels are used in weight computation. [/kaggle/repo/disaster-tweets-nlp-top-8.ipynb:940-947] — The `WeightedTrainer.compute_loss` method uses `class_weights` in `nn.CrossEntropyLoss(weight=class_weights)`. [/kaggle/repo/disaster-tweets-nlp-top-8.ipynb:953-954] — Trainer is initialized with `train_dataset=train_dataset_final` and `eval_dataset=val_dataset`, confirming the weighted lo...",results\synthetic\synthetic_kaggle_nlp_AT-Qwen-Qwen3.6-35B-A3B-FP8-static_examples10_case_score_bands.jsonl
10,0.95,nlp,bilalafzal255,data\kaggle\kaggle-nlp\bilalafzal255,synth-data\injected\repos\ml-bugs\000020_bilalafzal255\disaster-tweets-classification-using-transformers,20,0,kaggle_p0,1,0,wrong,FN,0.05,"No leakage from test to train/val sets. If there is any model selection or hyperparameter tuning, then it uses val only.","Injected for kaggle_p0. Injected five minimal bugs: random text augmentation applied across all splits, ID included in text features, train/val leakage via concatenation, evaluation on training loader instead of validation, and hard-coded CUDA usage after device selection.","The repository does not exhibit test-to-train/val data leakage, and there is no model selection or hyperparameter tuning. The test set (df_test) is loaded separately from test.csv (cell 4) and used exclusively for inference (cells 44-45). The training data is internally split into train/val (cell 22: train = df_train[:7000], val = df_train[7000:]). No test data ever appears in the train or val splits. Since there is no model selection or hyperparameter tuning—the model trains for exactly 2 epochs with fixed hyperparameters and is used as-is— the condition that model selection must use val only is vacuously satisfied.","[/kaggle/repo/disaster-tweets-classification-using-transformers.ipynb:4] Test set loaded separately from test.csv; [/kaggle/repo/disaster-tweets-classification-using-transformers.ipynb:22] Train/val split uses only df_train (internal split at index 7000); [/kaggle/repo/disaster-tweets-classification-using-transformers.ipynb:42] Training loop evaluates on train_dataloader only for monitoring, not for model selection; [/kaggle/repo/disaster-tweets-classification-using-transformers.ipynb:44-45] Test set used exclusively for final inference with no model selection or hyperparameter tuning present.",results\synthetic\synthetic_kaggle_nlp_AT-Qwen-Qwen3.6-35B-A3B-FP8-static_examples10_case_score_bands.jsonl
10,0.95,nlp,bilalafzal255,data\kaggle\kaggle-nlp\bilalafzal255,synth-data\injected\repos\ml-bugs\000020_bilalafzal255\disaster-tweets-classification-using-transformers,20,8,kaggle_p8,1,0,wrong,FN,0.05,"The model after the full training procedure outperforms a simple baseline (e.g., random or majority class) on an evaluation set.","Injected for kaggle_p8. Injected five minimal bugs: random text augmentation applied across all splits, ID included in text features, train/val leakage via concatenation, evaluation on training loader instead of validation, and hard-coded CUDA usage after device selection.","The repository trains a DistilBERT model (pre-trained on SST-2) for 2 epochs of fine-tuning on a binary classification task (disaster tweet classification). After training, the model's accuracy is evaluated on the training data using the HuggingFace `evaluate` library's accuracy metric, which is computed correctly as total correct divided by total samples. A pre-trained transformer fine-tuned for 2 epochs on ~7000 labeled samples will achieve substantially above-chance accuracy (well above the ~50% random baseline and ~57% majority-class baseline for this dataset). The code explicitly prints the evaluation metric after each epoch using `metric.compute()`, confirming that the model is evaluat...","1. The model is a `distilbert-base-uncased-finetuned-sst-2-english` pre-trained transformer fine-tuned for 2 epochs on ~7000 disaster tweet samples. 2. After each epoch, the model is evaluated on training data using the `evaluate` library's accuracy metric. 3. The accuracy is computed as `metric.add_batch(predictions=preds, references=batch['labels'])` followed by `metric.compute()`, which is the standard definition of accuracy (total correct / total samples). 4. A pre-trained transformer fine-tuned for 2 epochs on a text classification task with 7000 samples will achieve well above 50% accuracy on training data. 5. The model predictions on test data are also generated (cells 45-47) and save...",results\synthetic\synthetic_kaggle_nlp_AT-Qwen-Qwen3.6-35B-A3B-FP8-static_examples10_case_score_bands.jsonl
20,0.9,titanic,mtajonera,data\kaggle\kaggle-titanic\mtajonera,synth-data\injected\repos\ml-bugs\000003_mtajonera\fastai-lesson-05-linear-model-and-neural-net,3,11,kaggle_p11,0,1,wrong,FP,0.93,Training dataloader shuffles or training dataset is shuffled for training; val/test do not shuffle.,,"The repository implements training without any shuffling mechanism. The notebook explicitly builds a model ""from scratch"" without data loading frameworks. Training uses the entire `trn_indep`/`trn_dep` tensors directly via tensor indexing (`t_indep[trn_split]`), and the `one_epoch` function processes the full training set in a single pass with no shuffling. There are no `DataLoader`, `shuffle`, `random_sampler`, or any other shuffling constructs in the code. While validation correctly does not shuffle (satisfying that half of the requirement), the training side fails the requirement that ""training dataloader shuffles or training dataset is shuffled for training.""","[/kaggle/repo/fastai-lesson-05-linear-model-and-neural-net.ipynb:51] (notebook states ""not going to use any pre-built architecture, or optimizers, or data loading frameworks, etc.""); [/kaggle/repo/fastai-lesson-05-linear-model-and-neural-net.ipynb:828] (RandomSplitter used only for train/val split, not for shuffling); [/kaggle/repo/fastai-lesson-05-linear-model-and-neural-net.ipynb:903-908] (data split via tensor indexing with no shuffling: `trn_indep = t_indep[trn_split]`, `val_indep = t_indep[val_split]`); [/kaggle/repo/fastai-lesson-05-linear-model-and-neural-net.ipynb:948] (one_epoch processes entire training set: `loss = calc_loss(coeffs, trn_indep, trn_dep)` — no batch iteration or shu...",results\synthetic\synthetic_kaggle_titanic_AT-Qwen-Qwen3.6-35B-A3B-FP8-static_examples20_case_score_bands.jsonl
20,0.9,titanic,davidhunter12,data\kaggle\kaggle-titanic\davidhunter12,synth-data\injected\repos\ml-bugs\000004_davidhunter12\cp3501-prac06-task01-linear-model-by-hand,4,9,kaggle_p9,0,1,wrong,FP,0.91,The model can overfit a single (or tiny) batch to near-zero loss.,,"The repository does not support training on a single or tiny batch of data. The `train_model` function (CELL 85) always trains on the full training set via `one_epoch`, which computes loss over all training samples: `loss = calc_loss(coeffs, trn_indep, trn_dep)` where `trn_indep` and `trn_dep` are the complete training tensors (~891+ augmented samples). There is no DataLoader, no mini-batch splitting, no mechanism to extract a subset of samples, and no training path that uses a single sample or tiny batch. Therefore, the code cannot demonstrate that the model can overfit a single/tiny batch to near-zero loss.","[/kaggle/repo/cp3501-prac06-task01-linear-model-by-hand.ipynb:82-85] - The `one_epoch` function uses the full training set: `loss = calc_loss(coeffs, trn_indep, trn_dep)`. The `train_model` function iterates over epochs calling `one_epoch` on the full dataset. No batching mechanism exists anywhere in the code. [/kaggle/repo/cp3501-prac06-task01-linear-model-by-hand.ipynb:79] - `trn_indep` and `trn_dep` are defined as the full training tensors sliced by split indices with `len(trn_indep), len(val_indep)` printed, confirming full-dataset usage. No code extracts single samples or tiny batches for training.",results\synthetic\synthetic_kaggle_titanic_AT-Qwen-Qwen3.6-35B-A3B-FP8-static_examples20_case_score_bands.jsonl
20,0.9,titanic,davidhunter12,data\kaggle\kaggle-titanic\davidhunter12,synth-data\injected\repos\ml-bugs\000005_davidhunter12\cp3501-prac06-task01-linear-model-by-hand,5,11,kaggle_p11,0,1,wrong,FP,0.93,Training dataloader shuffles or training dataset is shuffled for training; val/test do not shuffle.,,"The test case requires that the training dataloader shuffles (or the training dataset is shuffled for training), while val/test do not shuffle. This notebook uses no DataLoader at all and implements training entirely with manual PyTorch tensor operations. The training data (trn_indep) is derived by splitting the original dataset with RandomSplitter(seed=42) but is never shuffled. The one_epoch function computes loss on the entire unshuffled trn_indep tensor in a single forward pass. There is zero shuffling for training. Additionally, there is no shuffle=True on any validation or test data, but that requirement is secondary — the primary failure is that training data is not shuffled.","- [/kaggle/repo/cp3501-prac06-task01-linear-model-by-hand.ipynb:Cell 3] Explicitly states: ""we're not going to use any pre-built architecture, or optimizers, or data loading frameworks, etc."" - [/kaggle/repo/cp3501-prac06-task01-linear-model-by-hand.ipynb:Cell 74] Data is split using `RandomSplitter(seed=42)(df)` — no shuffling of the training portion occurs. - [/kaggle/repo/cp3501-prac06-task01-linear-model-by-hand.ipynb:Cell 79] Training tensor `trn_indep` is created from split indices without any shuffling: `trn_indep = t_indep[trn_split]` - [/kaggle/repo/cp3501-prac06-task01-linear-model-by-hand.ipynb:Cell 82] The `one_epoch` function computes loss on the full unshuffled training tensor:...",results\synthetic\synthetic_kaggle_titanic_AT-Qwen-Qwen3.6-35B-A3B-FP8-static_examples20_case_score_bands.jsonl
20,0.9,titanic,davidhunter12,data\kaggle\kaggle-titanic\davidhunter12,synth-data\injected\repos\ml-bugs\000009_davidhunter12\cp3501-prac06-task01-linear-model-by-hand,9,11,kaggle_p11,0,1,wrong,FP,0.93,Training dataloader shuffles or training dataset is shuffled for training; val/test do not shuffle.,,"The repository's training loop does not shuffle the training dataset, violating the test property that requires ""training dataloader shuffles or training dataset is shuffled for training; val/test do not shuffle."" The notebook explicitly states it uses no data loading frameworks and builds everything from scratch. The `train_model()` function (Cell 89) calls `one_epoch()` (Cell 86), which processes the entire training tensor `trn_indep`/`trn_dep` in their original order without any shuffling mechanism. The `RandomSplitter(seed=42)` in Cell 77 performs a deterministic data split but does not shuffle within the training set. Cell 41 does apply `torch.randperm()` to shuffle features and labels ...",[/kaggle/repo/cp3501-prac06-task01-linear-model-by-hand.ipynb:86-89] - The `one_epoch` and `train_model` functions process `trn_indep` and `trn_dep` in order with no shuffling; [/kaggle/repo/cp3501-prac06-task01-linear-model-by-hand.ipynb:77] - `RandomSplitter(seed=42)` performs a deterministic split without shuffling the training subset; [/kaggle/repo/cp3501-prac06-task01-linear-model-by-hand.ipynb:82] - Shows that training data is assigned from splits without subsequent shuffling; [/kaggle/repo/cp3501-prac06-task01-linear-model-by-hand.ipynb:96] - Validation predictions use val_indep directly without shuffling.,results\synthetic\synthetic_kaggle_titanic_AT-Qwen-Qwen3.6-35B-A3B-FP8-static_examples20_case_score_bands.jsonl
20,0.9,titanic,mtajonera,data\kaggle\kaggle-titanic\mtajonera,synth-data\injected\repos\ml-bugs\000010_mtajonera\fastai-lesson-05-linear-model-and-neural-net,10,6,kaggle_p6,0,1,wrong,FP,0.91,"Reported metrics use the correct split(s) and the exact definitions claimed (e.g., micro vs macro, top-k).",,"The reported accuracy metric is computed on the wrong data split. In Cell 77 of the notebook, `val_indep` and `val_dep` are incorrectly assigned to `trn_indep` and `trn_dep` (training data) instead of using the `val_split` indices. The correct code is commented out. Additionally, the `acc()` function in Cell 96 injects random noise (`torch.rand_like(val_dep.float()) * 0.01`) into predictions before computing accuracy, making the metric non-deterministic and unreliable. The combination of using the wrong split and adding non-deterministic noise means the reported metrics do not use the correct split(s) or maintain consistent definitions.","[/kaggle/repo/fastai-lesson-05-linear-model-and-neural-net.ipynb:72] (Cell 72: `RandomSplitter(seed=42)(df)` creates `trn_split, val_split` correctly) [/kaggle/repo/fastai-lesson-05-linear-model-and-neural-net.ipynb:77] (Cell 77: `val_indep = trn_indep` and `val_dep = trn_dep` — val data is set to training data instead of using `val_split`; the correct code using `val_split` is commented out) [/kaggle/repo/fastai-lesson-05-linear-model-and-neural-net.ipynb:96] (Cell 96: `acc()` function adds random noise `torch.rand_like(val_dep.float()) * 0.01` to predictions, making accuracy non-deterministic) [/kaggle/repo/fastai-lesson-05-linear-model-and-neural-net.ipynb:36] (Cell 36: augmentation noise...",results\synthetic\synthetic_kaggle_titanic_AT-Qwen-Qwen3.6-35B-A3B-FP8-static_examples20_case_score_bands.jsonl
20,0.9,titanic,davidhunter12,data\kaggle\kaggle-titanic\davidhunter12,synth-data\injected\repos\ml-bugs\000011_davidhunter12\cp3501-prac06-task01-linear-model-by-hand,11,6,kaggle_p6,0,1,wrong,FP,0.9,"Reported metrics use the correct split(s) and the exact definitions claimed (e.g., micro vs macro, top-k).",,"The repository's `acc()` function reports accuracy computed on the training split (`trn_indep`/`trn_dep`) instead of the validation split (`val_indep`/`val_dep`). The notebook explicitly creates a validation split using `RandomSplitter` (cell 74) and sets up `val_indep`/`val_dep` (cell 79), yet the `acc()` function in cell 98 hardcodes evaluation on `trn_indep` and `trn_dep`. When the notebook prints ""Let's see if that translates to a better result on the validation set"" (cell 153) and calls `acc(coeffs)`, it is actually reporting training accuracy, not validation accuracy. This means all reported metrics use the wrong data split, violating the requirement that ""Reported metrics use the corr...","[/kaggle/repo/cp3501-prac06-task01-linear-model-by-hand.ipynb:74] - Validation split created via `RandomSplitter(seed=42)(df)` producing `trn_split, val_split`. [/kaggle/repo/cp3501-prac06-task01-linear-model-by-hand.ipynb:79] - `val_indep` and `val_dep` are set up from the validation split. [/kaggle/repo/cp3501-prac06-task01-linear-model-by-hand.ipynb:98] - The `acc()` function is defined as `def acc(coeffs): eval_indep = trn_indep.to('cuda') if torch.cuda.is_available() else trn_indep; return (trn_dep.bool()==(calc_preds(coeffs, eval_indep)>0.5)).float().mean()` — it only references `trn_indep` and `trn_dep`, never `val_indep` or `val_dep`. [/kaggle/repo/cp3501-prac06-task01-linear-model-b...",results\synthetic\synthetic_kaggle_titanic_AT-Qwen-Qwen3.6-35B-A3B-FP8-static_examples20_case_score_bands.jsonl
20,0.9,titanic,davidhunter12,data\kaggle\kaggle-titanic\davidhunter12,synth-data\injected\repos\ml-bugs\000011_davidhunter12\cp3501-prac06-task01-linear-model-by-hand,11,11,kaggle_p11,0,1,wrong,FP,0.93,Training dataloader shuffles or training dataset is shuffled for training; val/test do not shuffle.,,"The repository performs model training without any shuffling mechanism whatsoever. The training loop uses full-batch gradient descent on tensors created from the raw dataset in their original order, with no DataLoader, no shuffle parameter, and no dataset shuffling. The property requires that either a training dataloader shuffles data or the training dataset is shuffled, which neither condition is met.","[/kaggle/repo/cp3501-prac06-task01-linear-model-by-hand.ipynb:3] The introduction explicitly states ""we're not going to use any pre-built architecture, or optimizers, or data loading frameworks, etc."" confirming no DataLoader is used. [/kaggle/repo/cp3501-prac06-task01-linear-model-by-hand.ipynb:74] Data split uses `RandomSplitter(seed=42)` to create index lists, producing `trn_split` and `val_split` as sorted index lists with no internal shuffling. [/kaggle/repo/cp3501-prac06-task01-linear-model-by-hand.ipynb:79] Training and validation tensors are created by direct indexing: `trn_indep = t_indep[trn_split]`, `val_indep = t_indep[val_split]`, with data in original row order. [/kaggle/repo/c...",results\synthetic\synthetic_kaggle_titanic_AT-Qwen-Qwen3.6-35B-A3B-FP8-static_examples20_case_score_bands.jsonl
20,0.9,titanic,davidhunter12,data\kaggle\kaggle-titanic\davidhunter12,synth-data\injected\repos\ml-bugs\000012_davidhunter12\cp3501-prac06-task01-linear-model-by-hand,12,6,kaggle_p6,0,1,wrong,FP,0.95,"Reported metrics use the correct split(s) and the exact definitions claimed (e.g., micro vs macro, top-k).",,"The reported accuracy metric is fundamentally incorrect. The `acc(coeffs)` function defined in cell 98 does not compute accuracy at all. Instead of using the model's predictions (`calc_preds(coeffs, val_indep)`), it generates completely random predictions via `torch.rand(len(val_indep))` and compares them against randomly permuted true labels via `torch.randperm(len(val_indep))`. The `coeffs` parameter (trained model weights) is never used. This means every call to `acc()` produces a meaningless random value approximately around 0.5, having no relation to the model's actual performance. The function is called at cells 98, 109, 142, 154, and 166 to report accuracy for different models, but al...","[/kaggle/repo/cp3501-prac06-task01-linear-model-by-hand.ipynb:cell 98] - The `acc` function: `def acc(coeffs): idx = torch.randperm(len(val_indep)); rand_preds = torch.rand(len(val_indep)); return (val_dep[idx].bool()==(rand_preds>0.5)).float().mean()` - uses random predictions and permuted labels, ignores model coefficients. [/kaggle/repo/cp3501-prac06-task01-linear-model-by-hand.ipynb:cells 109, 142, 154, 166] - All calls to `acc(coeffs)` use the broken function to report accuracy. [/kaggle/repo/cp3501-prac06-task01-linear-model-by-hand.ipynb:cell 92] - Prior to defining `acc()`, the notebook used `preds = torch.rand_like(calc_preds(coeffs, val_indep))` for predictions, which also introduc...",results\synthetic\synthetic_kaggle_titanic_AT-Qwen-Qwen3.6-35B-A3B-FP8-static_examples20_case_score_bands.jsonl
20,0.9,titanic,caseysolvberg,data\kaggle\kaggle-titanic\caseysolvberg,synth-data\injected\repos\ml-bugs\000014_caseysolvberg\linear-model-and-neural-net-from-scratch,14,2,kaggle_p2,0,1,wrong,FP,0.94,"Data is loaded and preprocessed correctly (e.g., no all-black images, no text with weird or unexpected characters, tables look correct and feature values are reasonable).",,"The repository has a concrete execution-breaking bug in data preprocessing: the test preprocessing in CELL 122 uses `tst_df[indep_cols]` where `indep_cols` includes `'filename_code'`, but `filename_code` is only created for the training set in CELL 31 and is never created for the test set in CELL 122. This would cause a `KeyError` when running the test preprocessing. Additionally, `filename_code` is derived from `PassengerId` (a unique identifier), which constitutes feeding a path/filename-like feature as a model input. The validation and test DataLoaders also incorrectly use `shuffle=True` (CELL 80), violating the requirement that evaluation data not be shuffled.","[The notebook is at /kaggle/repo/linear-model-and-neural-net-from-scratch.ipynb] 1. **CELL 31** (lines in the notebook JSON): Creates `filename_code` from PassengerId on the training DataFrame only: ```python df['ticket_str'] = [str(t) for t in df['Ticket']] df['filename'] = df.PassengerId.astype(str) + '.csv' df['filename_code'] = df['filename'].astype('category').cat.codes ``` 2. **CELL 37** (lines in the notebook JSON): Defines `indep_cols` to include `filename_code`: ```python indep_cols = ['Age', 'SibSp', 'Parch', 'LogFare', 'filename_code'] + added_cols t_indep = tensor(df[indep_cols].values, dtype=torch.float) ``` 3. **CELL 80** (lines in the notebook JSON): Creates DataLoaders with `...",results\synthetic\synthetic_kaggle_titanic_AT-Qwen-Qwen3.6-35B-A3B-FP8-static_examples20_case_score_bands.jsonl
20,0.9,titanic,caseysolvberg,data\kaggle\kaggle-titanic\caseysolvberg,synth-data\injected\repos\ml-bugs\000016_caseysolvberg\linear-model-and-neural-net-from-scratch,16,11,kaggle_p11,0,1,wrong,FP,0.93,Training dataloader shuffles or training dataset is shuffled for training; val/test do not shuffle.,,"The test case requires that the training dataloader shuffles OR the training dataset is shuffled for training, while val/test should not shuffle. In this repository, there are NO DataLoader objects and NO Dataset classes at all. The training code uses full-batch gradient descent with the entire training dataset used in its original order without any shuffling mechanism whatsoever. Specifically, cell 77 defines `one_epoch` which computes loss on the entire `trn_indep` and `trn_dep` tensors directly without any permutation. Cell 80 defines `train_model` which iterates over epochs but calls `one_epoch` with the data in original order. There is no `shuffle=True` or any form of random permutation...","- [/kaggle/repo/linear-model-and-neural-net-from-scratch.ipynb:72-74] Shows data splitting via `RandomSplitter(seed=42)(df)` and assignment to `trn_indep,val_indep` and `trn_dep,val_dep` using index-based selection. No shuffling during assignment. - [/kaggle/repo/linear-model-and-neural-net-from-scratch.ipynb:77] Shows the `one_epoch` function: `def one_epoch(coeffs, lr): loss = calc_loss(coeffs, trn_indep, trn_dep); loss.backward(); with torch.no_grad(): update_coeffs(coeffs, lr)` - uses training data directly without any shuffle or randomization. - [/kaggle/repo/linear-model-and-neural-net-from-scratch.ipynb:80] Shows the `train_model` function which iterates over `range(1)` (one epoch) ca...",results\synthetic\synthetic_kaggle_titanic_AT-Qwen-Qwen3.6-35B-A3B-FP8-static_examples20_case_score_bands.jsonl
20,0.9,titanic,caseysolvberg,data\kaggle\kaggle-titanic\caseysolvberg,synth-data\injected\repos\ml-bugs\000017_caseysolvberg\linear-model-and-neural-net-from-scratch,17,8,kaggle_p8,1,0,wrong,FN,0.05,"The model after the full training procedure outperforms a simple baseline (e.g., random or majority class) on an evaluation set.","Injected for kaggle_p8. Injected two bugs in the notebook: (1) validation metrics reuse the training split so there is no true held-out evaluation (kaggle_p8), and (2) a label randomization step is added but mistakenly sorts the permutation, leaving labels unchanged (kaggle_p7).","The repository contains a complete training procedure (linear model and neural network training via `train_model()` function) that evaluates on an evaluation set (the variable `val_indep`/`val_dep` which, while actually set to training data via `val_indep, val_dep = trn_indep, trn_dep` on line 851, still serves as the evaluation set used for the `acc()` metric). The model achieves over 80% accuracy on this evaluation set as explicitly stated in the notebook's prose (line 1799: ""get over 80% accuracy on this task""). For the Titanic binary classification task, a random classifier would achieve approximately 50% accuracy and a majority class classifier would achieve approximately 62% (predictin...","[/kaggle/repo/linear-model-and-neural-net-from-scratch.ipynb:851] Line 851 sets `val_indep, val_dep = trn_indep, trn_dep` - the evaluation set used for accuracy measurement. [/kaggle/repo/linear-model-and-neural-net-from-scratch.ipynb:918] The `train_model()` function implements the full training procedure with gradient descent. [/kaggle/repo/linear-model-and-neural-net-from-scratch.ipynb:1049] The `acc(coeffs)` function measures accuracy on the evaluation set as `(val_dep.bool()==(calc_preds(coeffs, val_indep)>0.5)).float().mean()`. [/kaggle/repo/linear-model-and-neural-net-from-scratch.ipynb:1799] The notebook prose explicitly states the model achieves ""over 80% accuracy on this task."" [/k...",results\synthetic\synthetic_kaggle_titanic_AT-Qwen-Qwen3.6-35B-A3B-FP8-static_examples20_case_score_bands.jsonl
20,0.9,titanic,caseysolvberg,data\kaggle\kaggle-titanic\caseysolvberg,synth-data\injected\repos\ml-bugs\000017_caseysolvberg\linear-model-and-neural-net-from-scratch,17,11,kaggle_p11,0,1,wrong,FP,0.95,Training dataloader shuffles or training dataset is shuffled for training; val/test do not shuffle.,,"The repository contains a Kaggle notebook that performs model training (linear model and neural net) but does NOT use any dataloader shuffling. The notebook explicitly states it does not use ""data loading frameworks."" Training processes the entire `trn_indep` and `trn_dep` tensors at once via `calc_loss(coeffs, trn_indep, trn_dep)` with no shuffling mechanism anywhere. The `one_epoch` function performs a single forward/backward pass on all training data without any randomization. There is no `shuffle=True` argument, no `DataLoader`, no batch iteration, and no pre-training shuffling of the training set. While the requirement for val/test not to shuffle is satisfied (they are also not shuffled...","[/kaggle/repo/linear-model-and-neural-net-from-scratch.ipynb:46-51] — Notebook introduction explicitly states no data loading frameworks are used: ""by which I mean that we're not going to use any pre-built architecture, or optimizers, or data loading frameworks, etc."" [/kaggle/repo/linear-model-and-neural-net-from-scratch.ipynb:668] — `calc_loss` function processes all data at once: `calc_loss(coeffs, indeps, deps): return torch.abs(calc_preds(coeffs, indeps)-deps).mean()` [/kaggle/repo/linear-model-and-neural-net-from-scratch.ipynb:850-851] — Training/validation splits are created and validation is overwritten to reuse training split: `trn_indep,val_indep = t_indep[trn_split],t_indep[val_sp...",results\synthetic\synthetic_kaggle_titanic_AT-Qwen-Qwen3.6-35B-A3B-FP8-static_examples20_case_score_bands.jsonl
20,0.9,titanic,mtajonera,data\kaggle\kaggle-titanic\mtajonera,synth-data\injected\repos\ml-bugs\000020_mtajonera\fastai-lesson-05-linear-model-and-neural-net,20,2,kaggle_p2,0,1,wrong,FP,0.91,"Data is loaded and preprocessed correctly (e.g., no all-black images, no text with weird or unexpected characters, tables look correct and feature values are reasonable).",,"The notebook contains concrete data loading and preprocessing bugs. The most critical issue is that 'Survived' (the target variable) is included in the feature columns (indep_cols, cell 36). This causes a KeyError when loading test data because the test.csv from the Kaggle Titanic competition does not contain a 'Survived' column (cell 117: `tst_df[indep_cols].values` fails). This directly violates the property that 'data is loaded and preprocessed correctly.' Additional preprocessing issues include: (1) inconsistent NaN imputation between train (cell 14: fillna with mode for all columns) and test (cell 115: Fare NaN filled with 0, cell 117: other NaN filled with mode), and (2) normalization ...","[/kaggle/repo/fastai-lesson-05-linear-model-and-neural-net.ipynb:36-36] Cell 36 defines `indep_cols = ['Age', 'SibSp', 'Parch', 'LogFare', 'Survived'] + added_cols`, which includes 'Survived' (the target) as a feature. [/kaggle/repo/fastai-lesson-05-linear-model-and-neural-net.ipynb:117-117] Cell 117 attempts `tst_indep = tensor(tst_df[indep_cols].values, dtype=torch.float)` on test data that lacks the 'Survived' column, causing a KeyError. [/kaggle/repo/fastai-lesson-05-linear-model-and-neural-net.ipynb:14-14] Cell 14 fills all NaN in train data with mode. [/kaggle/repo/fastai-lesson-05-linear-model-and-neural-net.ipynb:115-115] Cell 15 fills Fare NaN with 0 separately for test data, creati...",results\synthetic\synthetic_kaggle_titanic_AT-Qwen-Qwen3.6-35B-A3B-FP8-static_examples20_case_score_bands.jsonl
20,0.9,titanic,davidhunter12,data\kaggle\kaggle-titanic\davidhunter12,synth-data\injected\repos\ml-bugs\000021_davidhunter12\cp3501-prac06-task01-linear-model-by-hand,21,2,kaggle_p2,0,1,wrong,FP,0.92,"Data is loaded and preprocessed correctly (e.g., no all-black images, no text with weird or unexpected characters, tables look correct and feature values are reasonable).",,"The repository fails the data loading and preprocessing test due to multiple concrete, independently verifiable issues: (1) Label leakage via the `SurvivedLeak` column that directly copies the target variable as a feature (cell 33), making feature values unreasonable; (2) A path-like text feature `NamePathCode` is created by prepending 'data/' to passenger names and encoding them categorically (cell 33), which feeds text with potentially weird/unexpected characters as features; (3) Labels are shuffled before splitting via `df['Survived'] = df['Survived'].sample(frac=1, random_state=123).values` (cell 17), corrupting the ground truth data; (4) The dataset is balanced by class before train/val...","- /kaggle/repo/cp3501-prac06-task01-linear-model-by-hand.ipynb: Cell 17 - Shuffles labels with `df['Survived'] = df['Survived'].sample(frac=1, random_state=123).values` and balances dataset before splitting with `df.groupby('Survived', group_keys=False).apply(lambda x: x.sample(min_count, random_state=42))`. - /kaggle/repo/cp3501-prac06-task01-linear-model-by-hand.ipynb: Cell 33 - Creates label leakage feature `df['SurvivedLeak'] = df['Survived']` and path-like text feature `df['NamePath'] = 'data/' + df['Name'].astype(str)` with `df['NamePathCode'] = pd.Categorical(df['NamePath']).codes`. - /kaggle/repo/cp3501-prac06-task01-linear-model-by-hand.ipynb: Cell 39 - Includes leaked features in `...",results\synthetic\synthetic_kaggle_titanic_AT-Qwen-Qwen3.6-35B-A3B-FP8-static_examples20_case_score_bands.jsonl
20,0.9,titanic,caseysolvberg,data\kaggle\kaggle-titanic\caseysolvberg,synth-data\injected\repos\ml-bugs\000022_caseysolvberg\linear-model-and-neural-net-from-scratch,22,11,kaggle_p11,0,1,wrong,FP,0.95,Training dataloader shuffles or training dataset is shuffled for training; val/test do not shuffle.,,"The repository does not shuffle the training dataset and does not use any dataloader with shuffling. The notebook builds a neural network from scratch using PyTorch tensors directly. The training data (`trn_indep`, `trn_dep`) is used in its original sequential order during every epoch of training via the `one_epoch` function, which calls `calc_loss(coeffs, trn_indep, trn_dep)` over the full training set as a single batch. There is no call to any shuffling mechanism (e.g., `torch.randperm`, `.shuffle()`, `DataLoader(shuffle=True)`) applied to the training data. While the validation data also correctly does not shuffle, the property requires that training data be shuffled, which is not satisfi...","[/kaggle/repo/linear-model-and-neural-net-from-scratch.ipynb:830-830] - RandomSplitter is used to create train/val split indices, but this only randomizes the split partitioning, not the order within the training set. [/kaggle/repo/linear-model-and-neural-net-from-scratch.ipynb:851-851] - Training data `trn_indep` and `trn_dep` are extracted via indexing `t_indep[trn_split]` and `t_dep[trn_split]`, preserving the order within the training split. [/kaggle/repo/linear-model-and-neural-net-from-scratch.ipynb:885-885] - The `one_epoch` function computes loss over the entire `trn_indep` and `trn_dep` tensors in order: `calc_loss(coeffs, trn_indep, trn_dep)`. [/kaggle/repo/linear-model-and-neural-...",results\synthetic\synthetic_kaggle_titanic_AT-Qwen-Qwen3.6-35B-A3B-FP8-static_examples20_case_score_bands.jsonl
20,0.9,titanic,davidhunter12,data\kaggle\kaggle-titanic\davidhunter12,synth-data\injected\repos\ml-bugs\000023_davidhunter12\cp3501-prac06-task01-linear-model-by-hand,23,11,kaggle_p11,0,1,wrong,FP,0.93,Training dataloader shuffles or training dataset is shuffled for training; val/test do not shuffle.,,"The repository contains a single notebook (cp3501-prac06-task01-linear-model-by-hand.ipynb) that trains both linear and neural network models. The test case requires that training data be shuffled (via DataLoader shuffle=True or manual dataset shuffling) while val/test data should not be shuffled. Analysis confirms: (1) No PyTorch DataLoaders are used anywhere in the notebook - data is handled as PyTorch tensors directly. (2) The `one_epoch` function processes the entire training dataset without any shuffling: `loss = calc_loss(coeffs, trn_indep, trn_dep)` uses data in its original order. (3) No random shuffling of training data occurs before each epoch. (4) While val/test data correctly doe...","[/kaggle/repo/cp3501-prac06-task01-linear-model-by-hand.ipynb:1072-1073] (RandomSplitter import and usage for train/val split), [/kaggle/repo/cp3501-prac06-task01-linear-model-by-hand.ipynb:1163-1167] (train/val data assignment without any shuffling), [/kaggle/repo/cp3501-prac06-task01-linear-model-by-hand.ipynb:1263-1269] (train_model function: no shuffling, just iterates epochs and calls one_epoch), [/kaggle/repo/cp3501-prac06-task01-linear-model-by-hand.ipynb:1245-1250] (one_epoch function: processes trn_indep/trn_dep in original order with calc_loss which uses all data without shuffling), [/kaggle/repo/cp3501-prac06-task01-linear-model-by-hand.ipynb:593] (t_indep tensor creation from pan...",results\synthetic\synthetic_kaggle_titanic_AT-Qwen-Qwen3.6-35B-A3B-FP8-static_examples20_case_score_bands.jsonl
20,0.9,titanic,davidhunter12,data\kaggle\kaggle-titanic\davidhunter12,synth-data\injected\repos\ml-bugs\000024_davidhunter12\cp3501-prac06-task01-linear-model-by-hand,24,11,kaggle_p11,0,1,wrong,FP,0.91,Training dataloader shuffles or training dataset is shuffled for training; val/test do not shuffle.,,"The repository does not satisfy the requirement that the training dataloader shuffles or the training dataset is shuffled for training. The notebook implements a neural network from scratch using raw PyTorch tensors with full-batch gradient descent. There are no Dataloaders created anywhere in the code, and no shuffling mechanism is applied to the training data within epochs. The `one_epoch` function (cell 82) computes the loss over ALL training data (`trn_indep`, `trn_dep`) in a single forward pass without any shuffling. Similarly, `train_model` (cell 85) simply loops over epochs calling `one_epoch` without any reordering of training samples. While the `RandomSplitter` (cell 74) creates ran...","[/kaggle/repo/cp3501-prac06-task01-linear-model-by-hand.ipynb:74] (RandomSplitter used for train/val split, but this is only for creating the split indices, not for shuffling within epochs), [/kaggle/repo/cp3501-prac06-task01-linear-model-by-hand.ipynb:82] (one_epoch function computes loss on all training data without shuffling: `loss = calc_loss(coeffs, trn_indep, trn_dep)` followed by single backward pass), [/kaggle/repo/cp3501-prac06-task01-linear-model-by-hand.ipynb:85] (train_model loops over epochs calling one_epoch without any shuffling mechanism), [/kaggle/repo/cp3501-prac06-task01-linear-model-by-hand.ipynb:8] (calc_loss computes mean over entire dataset: `torch.abs(calc_preds(coeff...",results\synthetic\synthetic_kaggle_titanic_AT-Qwen-Qwen3.6-35B-A3B-FP8-static_examples20_case_score_bands.jsonl
20,0.9,diabetic,siddheshshelke,data\kaggle\kaggle-diabetic\siddheshshelke,synth-data\injected\repos\ml-bugs\000000_siddheshshelke\gan-data-generation-drd,0,8,kaggle_p8,0,1,wrong,FP,0.95,"The model after the full training procedure outperforms a simple baseline (e.g., random or majority class) on an evaluation set.",,"The repository FAILS the test because: (1) No model training actually occurs — both lr_G and lr_D are set to 0.0 ([/kaggle/repo/gan-data-generation-drd.ipynb:4]), so neither generator nor discriminator parameters are updated. (2) The first generator layer is explicitly frozen with requires_grad=False ([/kaggle/repo/gan-data-generation-drd.ipynb:10]). (3) The discriminator is a GAN component trained to distinguish real/fake images, not a classifier trained on labels, making any classification accuracy meaningless. (4) The ""validation"" code in Cell 17 uses the training dataloader instead of the held-out val_dataloader, so no proper evaluation on an evaluation set is performed. (5) There is no ...","[/kaggle/repo/gan-data-generation-drd.ipynb:4] Cell 4 contains lr_G = 0.0 and lr_D = 0.0, confirming no parameter updates during training. [/kaggle/repo/gan-data-generation-drd.ipynb:10] Cell 10 freezes netG.main[0] parameters via requires_grad=False. [/kaggle/repo/gan-data-generation-drd.ipynb:5] Cell 5 creates val_dataloader but it is never used in any other cell. [/kaggle/repo/gan-data-generation-drd.ipynb:17] Cell 17 iterates over dataloader (training data) instead of val_dataloader, and the accuracy metric compares GAN discriminator outputs (real vs fake) against classification labels, which is not a valid classification metric. No code exists to evaluate model performance against rando...",results\synthetic\synthetic_kaggle_diabetic_AT-Qwen-Qwen3.6-35B-A3B-FP8-static_examples20_case_score_bands.jsonl
20,0.9,diabetic,naetkss1994,data\kaggle\kaggle-diabetic\naetkss1994,synth-data\injected\repos\ml-bugs\000001_naetkss1994\diabetic-retinopathy-with-resnet50-oversampling,1,9,kaggle_p9,1,0,wrong,FN,0.08,The model can overfit a single (or tiny) batch to near-zero loss.,"Injected for kaggle_p9. Injected data leakage, incorrect split/augmentation behavior, nondeterminism, device mismatch, frozen params, single-epoch training, label randomization bug, and path-as-feature leakage in the notebook to violate the targeted properties.","The notebook contains a fully functional training pipeline using fastai with ResNet50. The code has no syntax errors (verified via ast.parse on all code cells). The training loop uses learn.fit_one_cycle() which is fastai's standard training function. The model (ResNet50) is large enough to memorize a tiny batch, and all parameters can be updated (after learn.unfreeze() in Cell 40). There are no structural issues, frozen layers that prevent learning, or syntax errors that would block the model from overfitting a single or tiny batch to near-zero loss.","- Cell 31 (/kaggle/repo/diabetic-retinopathy-with-resnet50-oversampling.ipynb:31): Model creation with `learn = create_cnn(data, models.resnet50, metrics = [accuracy,quadratic_kappa])` followed by parameter freezing - Cell 36 (/kaggle/repo/diabetic-retinopathy-with-resnet50-oversampling.ipynb:36): Training call `learn.fit_one_cycle(1,max_lr = 2e-3)` - Cell 40 (/kaggle/repo/diabetic-retinopathy-with-resnet50-oversampling.ipynb:40): `learn.unfreeze()` makes all parameters trainable - Cell 43 (/kaggle/repo/diabetic-retinopathy-with-resnet50-oversampling.ipynb:43): Full training with `learn.fit_one_cycle(1, max_lr=slice(1e-6,1e-4))` - No syntax errors found when running ast.parse on all code cel...",results\synthetic\synthetic_kaggle_diabetic_AT-Qwen-Qwen3.6-35B-A3B-FP8-static_examples20_case_score_bands.jsonl
20,0.9,diabetic,hsiehchuwei,data\kaggle\kaggle-diabetic\hsiehchuwei,synth-data\injected\repos\ml-bugs\000002_hsiehchuwei\cnn-based-detection-of-diabetic-retinopathy,2,11,kaggle_p11,0,1,wrong,FP,0.93,Training dataloader shuffles or training dataset is shuffled for training; val/test do not shuffle.,,"The repository uses `ImageDataGenerator.flow_from_dataframe()` for both training and validation dataloaders (Cell 16). Keras' `flow_from_dataframe()` defaults `shuffle=True`. The training dataloader (`x_train_gen`) uses shuffle=True (correct for training). However, the validation dataloader (`x_test_gen`) also uses shuffle=True by default, with no explicit `shuffle=False` set. This means validation data is shuffled during evaluation, violating the requirement that validation/test data should not be shuffled. The `flow_from_dataframe` call for validation is at line 76 of Cell 16: `x_test_gen = test_datagen.flow_from_dataframe(val_df, x_col=""path"", y_col=""level"", directory=""."", target_size=(25...","[/kaggle/repo/cnn-based-detection-of-diabetic-retinopathy.ipynb:74-77] (Cell 16 lines 74-77: training dataloader `x_train_gen` and validation dataloader `x_test_gen` created via `flow_from_dataframe` without explicit `shuffle=False` on the validation side), [/kaggle/repo/cnn-based-detection-of-diabetic-retinopathy.ipynb:12] (Cell 3 line 12: `dataset.shuffle(buffer_size=len(file_paths))` — only used for training data in Cell 7), [/kaggle/repo/cnn-based-detection-of-diabetic-retinopathy.ipynb:9] (Cell 10 line 9: `df.sample(frac=1)` shuffles dataframe before train/val split — acceptable), [/kaggle/repo/cnn-based-detection-of-diabetic-retinopathy.ipynb:54] (Cell 16 line 54: `StratifiedKFold(shuf...",results\synthetic\synthetic_kaggle_diabetic_AT-Qwen-Qwen3.6-35B-A3B-FP8-static_examples20_case_score_bands.jsonl
20,0.9,diabetic,siddheshshelke,data\kaggle\kaggle-diabetic\siddheshshelke,synth-data\injected\repos\ml-bugs\000004_siddheshshelke\gan-data-generation-drd,4,8,kaggle_p8,0,1,wrong,FP,0.95,"The model after the full training procedure outperforms a simple baseline (e.g., random or majority class) on an evaluation set.",,"The test property states ""The model after the full training procedure outperforms a simple baseline (e.g., random or majority class) on an evaluation set."" This repository contains a GAN (Generative Adversarial Network) notebook with two critical issues that directly violate the property: (1) The learning rates for both the Generator and Discriminator optimizers are set to 0.0 (lr_G = 0.0, lr_D = 0.0 at [/kaggle/repo/gan-data-generation-drd.ipynb:4], and the optimizers are initialized with these zero learning rates at [/kaggle/repo/gan-data-generation-drd.ipynb:14]). With zero learning rate, Adam's step() will not update any parameters, meaning the model after ""full training"" has identical p...","[/kaggle/repo/gan-data-generation-drd.ipynb:4:1-16] - Parameters cell showing lr_G = 0.0 and lr_D = 0.0. [/kaggle/repo/gan-data-generation-drd.ipynb:14:1-12] - Optimizer setup showing optimizerD uses lr=lr_D (0.0) and optimizerG uses lr=lr_G (0.0). [/kaggle/repo/gan-data-generation-drd.ipynb:5:1-19] - Data loading from single dataroot with no train/val/test split. [/kaggle/repo/gan-data-generation-drd.ipynb:16:1-76] - Training loop that only records G_losses and D_losses, never evaluates on any held-out set. The entire notebook (cells 0-20) contains no mention of evaluation, accuracy, metrics, baselines, or any classification-related code.",results\synthetic\synthetic_kaggle_diabetic_AT-Qwen-Qwen3.6-35B-A3B-FP8-static_examples20_case_score_bands.jsonl
20,0.9,diabetic,siddheshshelke,data\kaggle\kaggle-diabetic\siddheshshelke,synth-data\injected\repos\ml-bugs\000004_siddheshshelke\gan-data-generation-drd,4,10,kaggle_p10,0,1,wrong,FP,0.95,"Training loss generally decreases during training and plateaus within the number of epochs used (if no loss is logged, then add logging to check this).",,"The repository sets learning rates for both the generator and discriminator optimizers to 0.0 (lr_G = 0.0 and lr_D = 0.0 in Cell 4, lines 30-31). These zero learning rates are used when constructing the optimizers (Cell 14, lines 12-13: `optim.Adam(netD.parameters(), lr=lr_D, ...)` and `optim.Adam(netG.main[0].parameters(), lr=lr_G, ...)`). With a learning rate of 0.0, PyTorch's optimizer.step() performs `param = param - 0 * update = param`, meaning no parameter updates occur during the training loop. As a result, the training losses (G_losses and D_losses, logged in Cell 16, lines 70-71) will not ""generally decrease during training and plateau"" — they remain at or near their initialization ...","[/kaggle/repo/gan-data-generation-drd.ipynb:Cell 4, lines 30-31] — lr_G = 0.0 and lr_D = 0.0 are set to zero. [/kaggle/repo/gan-data-generation-drd.ipynb:Cell 14, lines 12-13] — Optimizers are constructed with these zero learning rates: `optimizerD = optim.Adam(netD.parameters(), lr=lr_D, betas=(beta1, 0.999))` and `optimizerG = optim.Adam(netG.main[0].parameters(), lr=lr_G, betas=(beta1, 0.999))`. [/kaggle/repo/gan-data-generation-drd.ipynb:Cell 16, lines 70-71] — Losses are logged in `G_losses` and `D_losses` lists, confirming loss tracking is present but ineffective since no gradients result in weight updates when lr=0. [/kaggle/repo/gan-data-generation-drd.ipynb:Cell 4, line 27] — num_ep...",results\synthetic\synthetic_kaggle_diabetic_AT-Qwen-Qwen3.6-35B-A3B-FP8-static_examples20_case_score_bands.jsonl
20,0.9,diabetic,hsiehchuwei,data\kaggle\kaggle-diabetic\hsiehchuwei,synth-data\injected\repos\ml-bugs\000005_hsiehchuwei\cnn-based-detection-of-diabetic-retinopathy,5,11,kaggle_p11,0,1,wrong,FP,0.93,Training dataloader shuffles or training dataset is shuffled for training; val/test do not shuffle.,,"The test requires that the training dataloader shuffles (or the training dataset is shuffled) while val/test dataloaders do NOT shuffle. In the notebook, Cell 16 creates both the training and validation dataloaders using `ImageDataGenerator.flow_from_dataframe()` without specifying the `shuffle` parameter. Since `shuffle=True` is the default for `flow_from_dataframe`, both the training and validation data are shuffled. This directly violates the requirement that validation data should not be shuffled. The training side satisfies the property (it does shuffle), but the validation side fails (it also shuffles).","[/kaggle/repo/cnn-based-detection-of-diabetic-retinopathy.ipynb:Cell 16] - Contains the training and validation dataloader creation. The training dataloader is created as: `x_train = train_datagen.flow_from_dataframe(train_df, directory=""."", x_col=""path"", y_col=label_col, target_size=(256, 256), batch_size=32, class_mode='categorical')` with no explicit `shuffle` parameter (defaults to `shuffle=True`). The validation dataloader is created as: `x_test = test_datagen.flow_from_dataframe(val_df, x_col=""path"", y_col=label_col, directory=""."", target_size=(256, 256), batch_size=32, class_mode='categorical')` with no explicit `shuffle=False` parameter, meaning it also defaults to `shuffle=True`. Th...",results\synthetic\synthetic_kaggle_diabetic_AT-Qwen-Qwen3.6-35B-A3B-FP8-static_examples20_case_score_bands.jsonl
20,0.9,diabetic,siddheshshelke,data\kaggle\kaggle-diabetic\siddheshshelke,synth-data\injected\repos\ml-bugs\000007_siddheshshelke\gan-data-generation-drd,7,11,kaggle_p11,0,1,wrong,FP,0.93,Training dataloader shuffles or training dataset is shuffled for training; val/test do not shuffle.,,"The validation dataloader uses the same WeightedRandomSampler as the training dataloader, which introduces randomness through sampling with replacement. PyTorch's DataLoader with a sampler does not preserve deterministic ordering — the sampler dictates the batch composition order, and WeightedRandomSampler produces variable, randomized batches. Since the same WeightedRandomSampler is passed to both dataloader and val_dataloader, the validation data is shuffled, directly violating the requirement that val/test data should not shuffle.","[/kaggle/repo/gan-data-generation-drd.ipynb:5] (notebook cell 5, the data loading cell) contains the following critical lines: 1. `sampler = torch.utils.data.WeightedRandomSampler(weights, len(weights), replacement=True)` — creates a random sampler with replacement 2. `dataloader = torch.utils.data.DataLoader(train_dataset, batch_size=batch_size, sampler=sampler, num_workers=workers)` — training dataloader uses this sampler 3. `val_dataloader = torch.utils.data.DataLoader(val_dataset, batch_size=batch_size, sampler=sampler, num_workers=workers)` — validation dataloader uses the SAME sampler Both dataloaders share the identical `sampler` variable, which is a WeightedRandomSampler that samples...",results\synthetic\synthetic_kaggle_diabetic_AT-Qwen-Qwen3.6-35B-A3B-FP8-static_examples20_case_score_bands.jsonl
20,0.9,diabetic,naetkss1994,data\kaggle\kaggle-diabetic\naetkss1994,synth-data\injected\repos\ml-bugs\000011_naetkss1994\diabetic-retinopathy-with-resnet50-oversampling,11,7,kaggle_p7,0,1,wrong,FP,0.92,Randomizing the labels results in accuracy dropping to be near a random guessing baseline (may not be 0.5 if the data is imbalanced) on a validation set.,,"The repository contains code in Cell 7 that independently shuffles the labels before training, completely breaking the image-label association. The critical code line is: `df['level'] = df['level'].sample(frac=1).reset_index(drop=True) # shuffle labels independently`. This means the model was trained entirely on randomized (noise) labels and cannot have learned any meaningful patterns. The test property requires that randomizing labels results in accuracy dropping to near random baseline — however, this sanity check cannot be meaningfully evaluated in this repo because the labels were already randomized before any training occurred. There is no mechanism to demonstrate that the model was lea...","[/kaggle/repo/diabetic-retinopathy-with-resnet50-oversampling.ipynb:7] - Cell 7 contains the critical label randomization: `df['level'] = df['level'].sample(frac=1).reset_index(drop=True) # shuffle labels independently`. This executes after the dataframe is shuffled with `df = df.sample(frac=1).reset_index(drop=True)`, independently randomizing the level column from the image paths. The labels are then used throughout the training pipeline (cells 14, 17, 23) without any re-association, meaning the ResNet50 model (cell 31) and all subsequent training (cells 36, 43, 52, 57) operates on completely noise-paired data.",results\synthetic\synthetic_kaggle_diabetic_AT-Qwen-Qwen3.6-35B-A3B-FP8-static_examples20_case_score_bands.jsonl
20,0.9,diabetic,siddheshshelke,data\kaggle\kaggle-diabetic\siddheshshelke,synth-data\injected\repos\ml-bugs\000014_siddheshshelke\gan-data-generation-drd,14,5,kaggle_p5,1,0,wrong,FN,0.0,No path/filename text is fed as a feature unless explicitly intended.,"Injected for kaggle_p5. Added path-bearing dataset and concatenated a path-length channel into real images while updating nc to 4, causing file path information to be used as a feature.","/no_think Here is the test case and the repository to evaluate: Test: No path/filename text is fed as a feature unless explicitly intended. Extra Instructions: Calibration notes from a manual audit. These are not answers for the current repository; do not copy their wording or format. Use them only to calibrate what made prior FAIL judgments concrete and independently checkable. 1. test=If there is any model training, then all model parameters are updated during training (no frozen layers unless explicitly intended). audit_note=A linear layer is created inside forward after the optimizer is constructed, so its parameters are not in the optimizer and will not be updated. calibration_case_scor...",,results\synthetic\synthetic_kaggle_diabetic_AT-Qwen-Qwen3.6-35B-A3B-FP8-static_examples20_case_score_bands.jsonl
20,0.9,diabetic,naetkss1994,data\kaggle\kaggle-diabetic\naetkss1994,synth-data\injected\repos\ml-bugs\000015_naetkss1994\diabetic-retinopathy-with-resnet50-oversampling,15,3,kaggle_p3,0,1,wrong,FP,0.91,Any data augmentation is only performed on the training dataset; val/test dataset use deterministic preprocessing.,,"The notebook applies data augmentation transforms (random flips, 360° rotations, random zoom, random lighting changes via `get_transforms(do_flip=True,flip_vert=True,max_rotate=360,...)`) to the entire dataset via `src.transform(tfms, size=sz)`. In fastai v1, `.transform()` applies the same transforms to both training and validation datasets. There is no separate deterministic transform pipeline for validation data. This means validation images are subjected to the same random augmentations as training images, violating the requirement that ""val/test dataset use deterministic preprocessing.""","[/kaggle/repo/diabetic-retinopathy-with-resnet50-oversampling.ipynb:Cell 22] Defines augmentation transforms via `get_transforms(do_flip=True,flip_vert=True,max_rotate=360,max_warp=0,max_zoom=1.1,max_lighting=0.1,p_lighting=0.5)` and applies them uniformly to all data via `src.transform(tfms,size=sz)`. [/kaggle/repo/diabetic-retinopathy-with-resnet50-oversampling.ipynb:Cell 47] Repeats the same pattern for progressive resizing with identical augmentation transforms. [/kaggle/repo/diabetic-retinopathy-with-resnet50-oversampling.ipynb:Cell 13] Data split uses `train_test_split(df, test_size=0.2)` creating train_df and val_df. [/kaggle/repo/diabetic-retinopathy-with-resnet50-oversampling.ipynb:...",results\synthetic\synthetic_kaggle_diabetic_AT-Qwen-Qwen3.6-35B-A3B-FP8-static_examples20_case_score_bands.jsonl
20,0.9,diabetic,hsiehchuwei,data\kaggle\kaggle-diabetic\hsiehchuwei,synth-data\injected\repos\ml-bugs\000016_hsiehchuwei\cnn-based-detection-of-diabetic-retinopathy,16,5,kaggle_p5,1,0,wrong,FN,0.0,No path/filename text is fed as a feature unless explicitly intended.,"Injected for kaggle_p5. Injected preprocessing mask that zeroes images, added path-derived numeric feature into model inputs, froze final classification layer, and evaluated validation metrics on training data.","/no_think Here is the test case and the repository to evaluate: Test: No path/filename text is fed as a feature unless explicitly intended. Extra Instructions: Calibration notes from a manual audit. These are not answers for the current repository; do not copy their wording or format. Use them only to calibrate what made prior FAIL judgments concrete and independently checkable. 1. test=If there is any model training, then all model parameters are updated during training (no frozen layers unless explicitly intended). audit_note=A linear layer is created inside forward after the optimizer is constructed, so its parameters are not in the optimizer and will not be updated. calibration_case_scor...",,results\synthetic\synthetic_kaggle_diabetic_AT-Qwen-Qwen3.6-35B-A3B-FP8-static_examples20_case_score_bands.jsonl
20,0.9,diabetic,hsiehchuwei,data\kaggle\kaggle-diabetic\hsiehchuwei,synth-data\injected\repos\ml-bugs\000016_hsiehchuwei\cnn-based-detection-of-diabetic-retinopathy,16,8,kaggle_p8,0,1,wrong,FP,0.9,"The model after the full training procedure outperforms a simple baseline (e.g., random or majority class) on an evaluation set.",,"The model's output classification layer is explicitly frozen (trainable=False), preventing it from learning any classification task during training. Since the final Dense layer with softmax activation is frozen at random initialization, the model cannot map learned features to the 5 diabetic retinopathy severity classes. This means the model's predictions after training will be essentially random (~20% accuracy for 5 classes), which does not outperform a simple majority class baseline. The critical line is in the model definition where `Dense(num_classes, activation='softmax', trainable=False)` explicitly freezes the output layer, and this status is never changed anywhere else in the noteboo...","[/kaggle/repo/cnn-based-detection-of-diabetic-retinopathy.ipynb:cell 14, line 37] The model definition contains `out_layer = Dense(num_classes, activation='softmax', trainable=False)(dr_steps)` which explicitly freezes the output classification layer. [/kaggle/repo/cnn-based-detection-of-diabetic-retinopathy.ipynb:cell 14, line 12] The pretrained InceptionV3 base is also frozen with `base_pretrained_model.trainable = False`. [/kaggle/repo/cnn-based-detection-of-diabetic-retinopathy.ipynb:cell 16, line 67] The training code calls `attention_model.fit()` which only updates trainable parameters, so the frozen output layer never receives gradient updates. The only trainable layers are the interm...",results\synthetic\synthetic_kaggle_diabetic_AT-Qwen-Qwen3.6-35B-A3B-FP8-static_examples20_case_score_bands.jsonl
20,0.9,diabetic,hsiehchuwei,data\kaggle\kaggle-diabetic\hsiehchuwei,synth-data\injected\repos\ml-bugs\000016_hsiehchuwei\cnn-based-detection-of-diabetic-retinopathy,16,10,kaggle_p10,0,1,wrong,FP,0.91,"Training loss generally decreases during training and plateaus within the number of epochs used (if no loss is logged, then add logging to check this).",,"The model definition in the notebook explicitly sets the output layer to have `trainable=False`, which prevents the classification weights from being updated during training. Specifically, `out_layer = Dense(num_classes, activation='softmax', trainable=False)(dr_steps)` freezes the final softmax layer. Combined with the frozen InceptionV3 backbone (`base_pretrained_model.trainable = False`), the model has severely limited capacity to minimize the categorical crossentropy loss. While loss IS logged via `history.history['loss']`, the frozen output layer means the training loss cannot properly decrease across epochs - the model cannot learn the correct classification mapping since its final out...","[/kaggle/repo/cnn-based-detection-of-diabetic-retinopathy.ipynb:cell 14, line 37] - The output layer is defined as `out_layer = Dense(num_classes, activation='softmax', trainable=False)(dr_steps)`. The `trainable=False` parameter explicitly prevents gradient updates to the classification layer weights. [/kaggle/repo/cnn-based-detection-of-diabetic-retinopathy.ipynb:cell 14, line 12] - The InceptionV3 backbone is also frozen with `base_pretrained_model.trainable = False`, further limiting the model's ability to learn. [/kaggle/repo/cnn-based-detection-of-diabetic-retinopathy.ipynb:cell 16] - The training loop uses `attention_model.fit()` with 10 epochs and captures `history.history['loss']`, ...",results\synthetic\synthetic_kaggle_diabetic_AT-Qwen-Qwen3.6-35B-A3B-FP8-static_examples20_case_score_bands.jsonl
20,0.9,diabetic,hsiehchuwei,data\kaggle\kaggle-diabetic\hsiehchuwei,synth-data\injected\repos\ml-bugs\000018_hsiehchuwei\cnn-based-detection-of-diabetic-retinopathy,18,4,kaggle_p4,0,1,wrong,FP,0.91,Any class-imbalance handling (weighted loss / sampler) applies only to training data.,,"The notebook applies class-imbalance handling via the `balance_data` function, which performs oversampling with `x.sample(class_size, replace=True)`. This function is called on `train_df` (line 43: `train_df = balance_data(max_class_size, train_df)`). However, immediately afterward (line 46: `val_df = train_df`), the validation dataframe is reassigned to the same balanced training dataframe. This means the oversampled/balanced data is used for BOTH training and validation. The validation dataset is then loaded from this balanced training data (line 52-53: `val_dataset = load_dataset(val_df['path'].values, val_df['level'].values, batch_size=32, shuffle=True)`). Since the class-imbalance handl...","[/kaggle/repo/cnn-based-detection-of-diabetic-retinopathy.ipynb:cell 16, lines 19-46, 52-53] - The balance_data function (defined at line 19) performs oversampling via `x.sample(class_size, replace=True)`. It is called on line 43: `train_df = balance_data(max_class_size, train_df)`. Line 46 then assigns `val_df = train_df`, making the validation set identical to the oversampled training set. Lines 52-53 load the val_dataset from this balanced data: `val_dataset = load_dataset(val_df['path'].values, val_df['level'].values, batch_size=32, shuffle=True)`.",results\synthetic\synthetic_kaggle_diabetic_AT-Qwen-Qwen3.6-35B-A3B-FP8-static_examples20_case_score_bands.jsonl
20,0.9,diabetic,hsiehchuwei,data\kaggle\kaggle-diabetic\hsiehchuwei,synth-data\injected\repos\ml-bugs\000018_hsiehchuwei\cnn-based-detection-of-diabetic-retinopathy,18,6,kaggle_p6,0,1,wrong,FP,0.93,"Reported metrics use the correct split(s) and the exact definitions claimed (e.g., micro vs macro, top-k).",,"The repository has multiple concrete violations of the test case ""Reported metrics use the correct split(s) and the exact definitions claimed."" There are two critical issues: (1) The ""test/validation"" metrics are computed on the wrong split — the validation dataframe is overwritten to equal the training dataframe (line 46: `val_df = train_df`), so metrics labeled as ""test"" or ""validation"" are actually computed on training data. (2) The reported test accuracy is not the actual model prediction accuracy at all — the real evaluation result from `attention_model.evaluate(val_dataset)` is captured in `test_accu` on line 86, but then immediately overwritten with the baseline majority-class accurac...","[/kaggle/repo/cnn-based-detection-of-diabetic-retinopathy.ipynb:46-46] Line 46: `val_df = train_df` — overwrites the validation split with the training split, so all downstream ""test"" metrics use training data. [/kaggle/repo/cnn-based-detection-of-diabetic-retinopathy.ipynb:83-89] Lines 83-86: `result_test = attention_model.evaluate(val_dataset)` followed by `test_loss, test_accu, test_auc = result_test` captures actual model evaluation, but lines 88-89: `baseline_accu = val_df['level'].value_counts(normalize=True).max()` and `test_accu = baseline_accu` discard the real accuracy and replace it with baseline majority-class accuracy. [/kaggle/repo/cnn-based-detection-of-diabetic-retinopathy.ip...",results\synthetic\synthetic_kaggle_diabetic_AT-Qwen-Qwen3.6-35B-A3B-FP8-static_examples20_case_score_bands.jsonl
20,0.9,diabetic,hsiehchuwei,data\kaggle\kaggle-diabetic\hsiehchuwei,synth-data\injected\repos\ml-bugs\000018_hsiehchuwei\cnn-based-detection-of-diabetic-retinopathy,18,8,kaggle_p8,1,0,wrong,FN,0.0,"The model after the full training procedure outperforms a simple baseline (e.g., random or majority class) on an evaluation set.","cnn-based-detection-of-diabetic-retinopathy/cnn-based-detection-of-diabetic-retinopathy.ipynb: Training loop reuses train_df for validation, creates unused randomized labels, disables shuffle for training, shuffles validation, runs only 1 epoch, and overwrites validation accuracy with baseline (p0, p7, p10, p11, p8).","/no_think Here is the test case and the repository to evaluate: Test: The model after the full training procedure outperforms a simple baseline (e.g., random or majority class) on an evaluation set. Extra Instructions: Calibration notes from a manual audit. These are not answers for the current repository; do not copy their wording or format. Use them only to calibrate what made prior FAIL judgments concrete and independently checkable. 1. test=If there is any model training, then all model parameters are updated during training (no frozen layers unless explicitly intended). audit_note=A linear layer is created inside forward after the optimizer is constructed, so its parameters are not in t...",,results\synthetic\synthetic_kaggle_diabetic_AT-Qwen-Qwen3.6-35B-A3B-FP8-static_examples20_case_score_bands.jsonl
20,0.9,diabetic,naetkss1994,data\kaggle\kaggle-diabetic\naetkss1994,synth-data\injected\repos\ml-bugs\000019_naetkss1994\diabetic-retinopathy-with-resnet50-oversampling,19,7,kaggle_p7,0,1,wrong,FP,0.92,Randomizing the labels results in accuracy dropping to be near a random guessing baseline (may not be 0.5 if the data is imbalanced) on a validation set.,,"The test requires that randomizing labels results in accuracy dropping to near a random guessing baseline on a validation set. This property would be demonstrated by code that explicitly permutes/shuffles labels and evaluates accuracy on the validation split. The notebook contains zero code that randomizes, permutes, shuffles, or introduces noise to labels for an evaluation diagnostic. The MajorityClassModel in Cell 61 is not a label-randomization test—it's a different baseline that always predicts the majority class. Additionally, the MajorityClassModel evaluation uses `DatasetType.Train` (Cell 61), not the validation set as required by the test. There is no label randomization experiment a...","[/kaggle/repo/diabetic-retinopathy-with-resnet50-oversampling.ipynb:61] MajorityClassModel is evaluated with DatasetType.Train (not validation), and it predicts the majority class—it does not randomize labels. [/kaggle/repo/diabetic-retinopathy-with-resnet50-oversampling.ipynb:1-66] Full notebook review confirms no label randomization, permutation, or noise injection anywhere in the code. The only shuffle found is `df.sample(frac=1)` (Cell 7) which shuffles the full dataframe (images + labels together), not labels independently.",results\synthetic\synthetic_kaggle_diabetic_AT-Qwen-Qwen3.6-35B-A3B-FP8-static_examples20_case_score_bands.jsonl
20,0.9,diabetic,naetkss1994,data\kaggle\kaggle-diabetic\naetkss1994,synth-data\injected\repos\ml-bugs\000019_naetkss1994\diabetic-retinopathy-with-resnet50-oversampling,19,8,kaggle_p8,1,0,wrong,FN,0.0,"The model after the full training procedure outperforms a simple baseline (e.g., random or majority class) on an evaluation set.","Injected for kaggle_p8. Injected data leakage via oversampling with validation data, added path-derived features and model wrappers, forced device mismatch, froze layers, inflated learning rates, oversampled before split, and replaced the trained model with a majority-class predictor while evaluating on the training split.","/no_think Here is the test case and the repository to evaluate: Test: The model after the full training procedure outperforms a simple baseline (e.g., random or majority class) on an evaluation set. Extra Instructions: Calibration notes from a manual audit. These are not answers for the current repository; do not copy their wording or format. Use them only to calibrate what made prior FAIL judgments concrete and independently checkable. 1. test=If there is any model training, then all model parameters are updated during training (no frozen layers unless explicitly intended). audit_note=A linear layer is created inside forward after the optimizer is constructed, so its parameters are not in t...",,results\synthetic\synthetic_kaggle_diabetic_AT-Qwen-Qwen3.6-35B-A3B-FP8-static_examples20_case_score_bands.jsonl
20,0.9,diabetic,naetkss1994,data\kaggle\kaggle-diabetic\naetkss1994,synth-data\injected\repos\ml-bugs\000019_naetkss1994\diabetic-retinopathy-with-resnet50-oversampling,19,9,kaggle_p9,1,0,wrong,FN,0.0,The model can overfit a single (or tiny) batch to near-zero loss.,"Injected for kaggle_p9. Injected data leakage via oversampling with validation data, added path-derived features and model wrappers, forced device mismatch, froze layers, inflated learning rates, oversampled before split, and replaced the trained model with a majority-class predictor while evaluating on the training split.","/no_think Here is the test case and the repository to evaluate: Test: The model can overfit a single (or tiny) batch to near-zero loss. Extra Instructions: Calibration notes from a manual audit. These are not answers for the current repository; do not copy their wording or format. Use them only to calibrate what made prior FAIL judgments concrete and independently checkable. 1. test=If there is any model training, then all model parameters are updated during training (no frozen layers unless explicitly intended). audit_note=A linear layer is created inside forward after the optimizer is constructed, so its parameters are not in the optimizer and will not be updated. calibration_case_score=0....",,results\synthetic\synthetic_kaggle_diabetic_AT-Qwen-Qwen3.6-35B-A3B-FP8-static_examples20_case_score_bands.jsonl
20,0.9,diabetic,siddheshshelke,data\kaggle\kaggle-diabetic\siddheshshelke,synth-data\injected\repos\ml-bugs\000020_siddheshshelke\gan-data-generation-drd,20,2,kaggle_p2,1,0,wrong,FN,0.0,"Data is loaded and preprocessed correctly (e.g., no all-black images, no text with weird or unexpected characters, tables look correct and feature values are reasonable).","Injected for kaggle_p2. Injected data-handling, evaluation, and training-loop modifications in the notebook to create targeted failures (augmentation leakage, shuffled test loader, class-imbalance sampler applied to val, path-derived features, non-deterministic evaluation, and ineffective overfit check).","/no_think Here is the test case and the repository to evaluate: Test: Data is loaded and preprocessed correctly (e.g., no all-black images, no text with weird or unexpected characters, tables look correct and feature values are reasonable). Extra Instructions: Calibration notes from a manual audit. These are not answers for the current repository; do not copy their wording or format. Use them only to calibrate what made prior FAIL judgments concrete and independently checkable. 1. test=If there is any model training, then all model parameters are updated during training (no frozen layers unless explicitly intended). audit_note=A linear layer is created inside forward after the optimizer is c...",,results\synthetic\synthetic_kaggle_diabetic_AT-Qwen-Qwen3.6-35B-A3B-FP8-static_examples20_case_score_bands.jsonl
20,0.9,diabetic,siddheshshelke,data\kaggle\kaggle-diabetic\siddheshshelke,synth-data\injected\repos\ml-bugs\000020_siddheshshelke\gan-data-generation-drd,20,6,kaggle_p6,0,1,wrong,FP,0.92,"Reported metrics use the correct split(s) and the exact definitions claimed (e.g., micro vs macro, top-k).",,"The repository violates the test case on multiple fronts. The accuracy metric is (1) computed on the training split rather than a held-out validation/test split (Cell 5 sets `dataloader = train_loader` and Cell 17 calls `evaluate_discriminator(dataloader)`), and (2) uses an incorrect definition — it averages per-batch accuracies instead of computing total correct divided by total samples, and moreover compares predictions against a hardcoded tensor of ones (not actual ground truth labels), making every batch accuracy trivially 1.0 and rendering the reported ""model_acc"" metric meaningless.","[Evidence of violations documented in /evidence/artifacts/analysis.txt, with direct citations to the notebook source code in /kaggle/repo/gan-data-generation-drd.ipynb] 1. WRONG SPLIT: In Cell 5 (/kaggle/repo/gan-data-generation-drd.ipynb, data loading section), `dataloader = train_loader` assigns the training dataloader. In Cell 17 (/kaggle/repo/gan-data-generation-drd.ipynb, evaluation section), `model_acc = evaluate_discriminator(dataloader)` passes this training dataloader to the evaluation function — the metric is computed on training data, not a held-out split. 2. WRONG DEFINITION (per-batch averaging): Cell 17 computes `accs.append((preds == torch.ones_like(preds)).float().mean().item...",results\synthetic\synthetic_kaggle_diabetic_AT-Qwen-Qwen3.6-35B-A3B-FP8-static_examples20_case_score_bands.jsonl
20,0.9,diabetic,siddheshshelke,data\kaggle\kaggle-diabetic\siddheshshelke,synth-data\injected\repos\ml-bugs\000020_siddheshshelke\gan-data-generation-drd,20,9,kaggle_p9,1,0,wrong,FN,0.0,The model can overfit a single (or tiny) batch to near-zero loss.,"Injected for kaggle_p9. Injected data-handling, evaluation, and training-loop modifications in the notebook to create targeted failures (augmentation leakage, shuffled test loader, class-imbalance sampler applied to val, path-derived features, non-deterministic evaluation, and ineffective overfit check).","/no_think Here is the test case and the repository to evaluate: Test: The model can overfit a single (or tiny) batch to near-zero loss. Extra Instructions: Calibration notes from a manual audit. These are not answers for the current repository; do not copy their wording or format. Use them only to calibrate what made prior FAIL judgments concrete and independently checkable. 1. test=If there is any model training, then all model parameters are updated during training (no frozen layers unless explicitly intended). audit_note=A linear layer is created inside forward after the optimizer is constructed, so its parameters are not in the optimizer and will not be updated. calibration_case_score=0....",,results\synthetic\synthetic_kaggle_diabetic_AT-Qwen-Qwen3.6-35B-A3B-FP8-static_examples20_case_score_bands.jsonl
20,0.9,diabetic,hsiehchuwei,data\kaggle\kaggle-diabetic\hsiehchuwei,synth-data\injected\repos\ml-bugs\000021_hsiehchuwei\cnn-based-detection-of-diabetic-retinopathy,21,1,kaggle_p1,1,0,wrong,FN,0.0,"If there is any model training, then all model parameters are updated during training (no frozen layers unless explicitly intended).","Injected for kaggle_p1. Injected data leakage, nondeterministic augmented validation, path-based feature usage, frozen-layer training, inefficient metric loops, and evaluation on non-held-out data in the training notebook.","/no_think Here is the test case and the repository to evaluate: Test: If there is any model training, then all model parameters are updated during training (no frozen layers unless explicitly intended). Extra Instructions: Calibration notes from a manual audit. These are not answers for the current repository; do not copy their wording or format. Use them only to calibrate what made prior FAIL judgments concrete and independently checkable. 1. test=If there is any model training, then all model parameters are updated during training (no frozen layers unless explicitly intended). audit_note=A linear layer is created inside forward after the optimizer is constructed, so its parameters are not ...",,results\synthetic\synthetic_kaggle_diabetic_AT-Qwen-Qwen3.6-35B-A3B-FP8-static_examples20_case_score_bands.jsonl
20,0.9,diabetic,hsiehchuwei,data\kaggle\kaggle-diabetic\hsiehchuwei,synth-data\injected\repos\ml-bugs\000021_hsiehchuwei\cnn-based-detection-of-diabetic-retinopathy,21,6,kaggle_p6,0,1,wrong,FP,0.92,"Reported metrics use the correct split(s) and the exact definitions claimed (e.g., micro vs macro, top-k).",,"The repository FAILS test case #8 because it reports metrics using incorrect data splits. Specifically, in cell 16, line 40 of the notebook, the validation dataframe is overwritten: `val_df = df` replaces the held-out validation split with the full dataset. This means all reported ""validation"" metrics (val_categorical_accuracy, val_loss, val_auc) are computed on the complete dataset rather than a held-out validation set. Additionally, the model uses `metrics=['categorical_accuracy','AUC']` where 'AUC' defaults to binary AUC despite being a 5-class multiclass problem, meaning the AUC metric definition is incorrect for the task. These are concrete, directly checkable violations of ""reported me...","[/evidence/artifacts/test8_evidence.txt, /kaggle/repo/cnn-based-detection-of-diabetic-retinopathy.ipynb:cell16:39-40 (val_df overwrite), /kaggle/repo/cnn-based-detection-of-diabetic-retinopathy.ipynb:cell14:43 (AUC metric definition), /kaggle/repo/cnn-based-detection-of-diabetic-retinopathy.ipynb:cell16:48 (test_datagen = train_datagen)]",results\synthetic\synthetic_kaggle_diabetic_AT-Qwen-Qwen3.6-35B-A3B-FP8-static_examples20_case_score_bands.jsonl
20,0.9,diabetic,hsiehchuwei,data\kaggle\kaggle-diabetic\hsiehchuwei,synth-data\injected\repos\ml-bugs\000021_hsiehchuwei\cnn-based-detection-of-diabetic-retinopathy,21,11,kaggle_p11,0,1,wrong,FP,0.93,Training dataloader shuffles or training dataset is shuffled for training; val/test do not shuffle.,,"The repository has a direct violation of the property ""Training dataloader shuffles or training dataset is shuffled for training; val/test do not shuffle."" The validation data generator uses `shuffle=True` explicitly. On line 345, `test_datagen.flow_from_dataframe(val_df, ..., shuffle=True)` creates a validation loader that shuffles the data. This `x_test_raw` generator (wrapped by `add_path_feature()`) is then passed as `validation_data=x_test` to `model.fit()` on line 382, meaning the model is trained with shuffled validation data. Additionally, on line 387, `attention_model.evaluate(x_test)` evaluates on this shuffled validation data. The property requires that validation and test data NO...","[/kaggle/repo/cnn-based-detection-of-diabetic-retinopathy.ipynb:344-345] — Line 344 shows training dataloader with `shuffle=True` (expected/acceptable). Line 345 shows validation dataloader: `x_test_raw = test_datagen.flow_from_dataframe(val_df, x_col=""path"", y_col=""level"", directory=""."", target_size=(256, 256), batch_size=32, class_mode='categorical', shuffle=True)` — the `val_df` (validation split) is loaded with `shuffle=True`, violating the requirement. [/kaggle/repo/cnn-based-detection-of-diabetic-retinopathy.ipynb:382] — Line 382 shows `validation_data=x_test` is passed to `attention_model.fit()`, where `x_test` is the wrapped version of `x_test_raw` (from line 366: `x_test = add_path_...",results\synthetic\synthetic_kaggle_diabetic_AT-Qwen-Qwen3.6-35B-A3B-FP8-static_examples20_case_score_bands.jsonl
20,0.9,diabetic,naetkss1994,data\kaggle\kaggle-diabetic\naetkss1994,synth-data\injected\repos\ml-bugs\000022_naetkss1994\diabetic-retinopathy-with-resnet50-oversampling,22,0,kaggle_p0,1,0,wrong,FN,0.0,"No leakage from test to train/val sets. If there is any model selection or hyperparameter tuning, then it uses val only.","Injected for kaggle_p0. Modified the training notebook to introduce data leakage, improper class balancing, augmentation on validation data, path-feature leakage, frozen parameters, randomized-label callback, incorrect random-label sanity check, flawed baseline computation, ineffective overfit check, CPU/GPU mismatch, and explicit Python looping in path construction.","/no_think Here is the test case and the repository to evaluate: Test: No leakage from test to train/val sets. If there is any model selection or hyperparameter tuning, then it uses val only. Extra Instructions: Calibration notes from a manual audit. These are not answers for the current repository; do not copy their wording or format. Use them only to calibrate what made prior FAIL judgments concrete and independently checkable. 1. test=If there is any model training, then all model parameters are updated during training (no frozen layers unless explicitly intended). audit_note=A linear layer is created inside forward after the optimizer is constructed, so its parameters are not in the optim...",,results\synthetic\synthetic_kaggle_diabetic_AT-Qwen-Qwen3.6-35B-A3B-FP8-static_examples20_case_score_bands.jsonl
20,0.9,diabetic,naetkss1994,data\kaggle\kaggle-diabetic\naetkss1994,synth-data\injected\repos\ml-bugs\000022_naetkss1994\diabetic-retinopathy-with-resnet50-oversampling,22,5,kaggle_p5,1,0,wrong,FN,0.0,No path/filename text is fed as a feature unless explicitly intended.,"Injected for kaggle_p5. Modified the training notebook to introduce data leakage, improper class balancing, augmentation on validation data, path-feature leakage, frozen parameters, randomized-label callback, incorrect random-label sanity check, flawed baseline computation, ineffective overfit check, CPU/GPU mismatch, and explicit Python looping in path construction.","/no_think Here is the test case and the repository to evaluate: Test: No path/filename text is fed as a feature unless explicitly intended. Extra Instructions: Calibration notes from a manual audit. These are not answers for the current repository; do not copy their wording or format. Use them only to calibrate what made prior FAIL judgments concrete and independently checkable. 1. test=If there is any model training, then all model parameters are updated during training (no frozen layers unless explicitly intended). audit_note=A linear layer is created inside forward after the optimizer is constructed, so its parameters are not in the optimizer and will not be updated. calibration_case_scor...",,results\synthetic\synthetic_kaggle_diabetic_AT-Qwen-Qwen3.6-35B-A3B-FP8-static_examples20_case_score_bands.jsonl
20,0.9,diabetic,naetkss1994,data\kaggle\kaggle-diabetic\naetkss1994,synth-data\injected\repos\ml-bugs\000022_naetkss1994\diabetic-retinopathy-with-resnet50-oversampling,22,14,kaggle_p15,1,0,wrong,FN,0.0,"Code does not use explicit loops or Python control flow when matrix operations could have been used to implement the exact same operation more efficiently. If this property is not satisfied, show the matrix operations which should replace the raw Python logic.","Injected for kaggle_p15. Modified the training notebook to introduce data leakage, improper class balancing, augmentation on validation data, path-feature leakage, frozen parameters, randomized-label callback, incorrect random-label sanity check, flawed baseline computation, ineffective overfit check, CPU/GPU mismatch, and explicit Python looping in path construction.","/no_think Here is the test case and the repository to evaluate: Test: Code does not use explicit loops or Python control flow when matrix operations could have been used to implement the exact same operation more efficiently. If this property is not satisfied, show the matrix operations which should replace the raw Python logic. Extra Instructions: Calibration notes from a manual audit. These are not answers for the current repository; do not copy their wording or format. Use them only to calibrate what made prior FAIL judgments concrete and independently checkable. 1. test=If there is any model training, then all model parameters are updated during training (no frozen layers unless explicit...",,results\synthetic\synthetic_kaggle_diabetic_AT-Qwen-Qwen3.6-35B-A3B-FP8-static_examples20_case_score_bands.jsonl
20,0.9,diabetic,hsiehchuwei,data\kaggle\kaggle-diabetic\hsiehchuwei,synth-data\injected\repos\ml-bugs\000023_hsiehchuwei\cnn-based-detection-of-diabetic-retinopathy,23,1,kaggle_p1,1,0,wrong,FN,0.0,"If there is any model training, then all model parameters are updated during training (no frozen layers unless explicitly intended).","Injected for kaggle_p1. Injected data loading, training, and evaluation changes in the main notebook to violate the specified Kaggle ML properties (e.g., data corruption, leakage, shuffling, frozen parameters, and metric misuse).","/no_think Here is the test case and the repository to evaluate: Test: If there is any model training, then all model parameters are updated during training (no frozen layers unless explicitly intended). Extra Instructions: Calibration notes from a manual audit. These are not answers for the current repository; do not copy their wording or format. Use them only to calibrate what made prior FAIL judgments concrete and independently checkable. 1. test=If there is any model training, then all model parameters are updated during training (no frozen layers unless explicitly intended). audit_note=A linear layer is created inside forward after the optimizer is constructed, so its parameters are not ...",,results\synthetic\synthetic_kaggle_diabetic_AT-Qwen-Qwen3.6-35B-A3B-FP8-static_examples20_case_score_bands.jsonl
20,0.9,diabetic,hsiehchuwei,data\kaggle\kaggle-diabetic\hsiehchuwei,synth-data\injected\repos\ml-bugs\000023_hsiehchuwei\cnn-based-detection-of-diabetic-retinopathy,23,2,kaggle_p2,1,0,wrong,FN,0.0,"Data is loaded and preprocessed correctly (e.g., no all-black images, no text with weird or unexpected characters, tables look correct and feature values are reasonable).","Injected for kaggle_p2. Injected data loading, training, and evaluation changes in the main notebook to violate the specified Kaggle ML properties (e.g., data corruption, leakage, shuffling, frozen parameters, and metric misuse).","/no_think Here is the test case and the repository to evaluate: Test: Data is loaded and preprocessed correctly (e.g., no all-black images, no text with weird or unexpected characters, tables look correct and feature values are reasonable). Extra Instructions: Calibration notes from a manual audit. These are not answers for the current repository; do not copy their wording or format. Use them only to calibrate what made prior FAIL judgments concrete and independently checkable. 1. test=If there is any model training, then all model parameters are updated during training (no frozen layers unless explicitly intended). audit_note=A linear layer is created inside forward after the optimizer is c...",,results\synthetic\synthetic_kaggle_diabetic_AT-Qwen-Qwen3.6-35B-A3B-FP8-static_examples20_case_score_bands.jsonl
20,0.9,diabetic,hsiehchuwei,data\kaggle\kaggle-diabetic\hsiehchuwei,synth-data\injected\repos\ml-bugs\000023_hsiehchuwei\cnn-based-detection-of-diabetic-retinopathy,23,5,kaggle_p5,1,0,wrong,FN,0.0,No path/filename text is fed as a feature unless explicitly intended.,"Injected for kaggle_p5. Injected data loading, training, and evaluation changes in the main notebook to violate the specified Kaggle ML properties (e.g., data corruption, leakage, shuffling, frozen parameters, and metric misuse).","/no_think Here is the test case and the repository to evaluate: Test: No path/filename text is fed as a feature unless explicitly intended. Extra Instructions: Calibration notes from a manual audit. These are not answers for the current repository; do not copy their wording or format. Use them only to calibrate what made prior FAIL judgments concrete and independently checkable. 1. test=If there is any model training, then all model parameters are updated during training (no frozen layers unless explicitly intended). audit_note=A linear layer is created inside forward after the optimizer is constructed, so its parameters are not in the optimizer and will not be updated. calibration_case_scor...",,results\synthetic\synthetic_kaggle_diabetic_AT-Qwen-Qwen3.6-35B-A3B-FP8-static_examples20_case_score_bands.jsonl
20,0.9,diabetic,hsiehchuwei,data\kaggle\kaggle-diabetic\hsiehchuwei,synth-data\injected\repos\ml-bugs\000023_hsiehchuwei\cnn-based-detection-of-diabetic-retinopathy,23,8,kaggle_p8,1,0,wrong,FN,0.0,"The model after the full training procedure outperforms a simple baseline (e.g., random or majority class) on an evaluation set.","Injected for kaggle_p8. Injected data loading, training, and evaluation changes in the main notebook to violate the specified Kaggle ML properties (e.g., data corruption, leakage, shuffling, frozen parameters, and metric misuse).","/no_think Here is the test case and the repository to evaluate: Test: The model after the full training procedure outperforms a simple baseline (e.g., random or majority class) on an evaluation set. Extra Instructions: Calibration notes from a manual audit. These are not answers for the current repository; do not copy their wording or format. Use them only to calibrate what made prior FAIL judgments concrete and independently checkable. 1. test=If there is any model training, then all model parameters are updated during training (no frozen layers unless explicitly intended). audit_note=A linear layer is created inside forward after the optimizer is constructed, so its parameters are not in t...",,results\synthetic\synthetic_kaggle_diabetic_AT-Qwen-Qwen3.6-35B-A3B-FP8-static_examples20_case_score_bands.jsonl
20,0.9,diabetic,hsiehchuwei,data\kaggle\kaggle-diabetic\hsiehchuwei,synth-data\injected\repos\ml-bugs\000023_hsiehchuwei\cnn-based-detection-of-diabetic-retinopathy,23,12,kaggle_p12,1,0,wrong,FN,0.0,Accuracy should be deterministic (same value) when running the model evaluation multiple times without retraining.,"Injected for kaggle_p12. Injected data loading, training, and evaluation changes in the main notebook to violate the specified Kaggle ML properties (e.g., data corruption, leakage, shuffling, frozen parameters, and metric misuse).","/no_think Here is the test case and the repository to evaluate: Test: Accuracy should be deterministic (same value) when running the model evaluation multiple times without retraining. Extra Instructions: Calibration notes from a manual audit. These are not answers for the current repository; do not copy their wording or format. Use them only to calibrate what made prior FAIL judgments concrete and independently checkable. 1. test=If there is any model training, then all model parameters are updated during training (no frozen layers unless explicitly intended). audit_note=A linear layer is created inside forward after the optimizer is constructed, so its parameters are not in the optimizer a...",,results\synthetic\synthetic_kaggle_diabetic_AT-Qwen-Qwen3.6-35B-A3B-FP8-static_examples20_case_score_bands.jsonl
20,0.9,diabetic,naetkss1994,data\kaggle\kaggle-diabetic\naetkss1994,synth-data\injected\repos\ml-bugs\000024_naetkss1994\diabetic-retinopathy-with-resnet50-oversampling,24,3,kaggle_p3,0,1,wrong,FP,0.91,Any data augmentation is only performed on the training dataset; val/test dataset use deterministic preprocessing.,,"The notebook applies randomized data augmentation transforms (flips, rotations, zoom, lighting changes) to BOTH the training and validation datasets. In Cell 22, `get_transforms(do_flip=True, flip_vert=True, max_rotate=360, ...)` creates augmentation transforms, and `src.transform(tfms, size=sz)` in fastai v1 applies these transforms to both `train_ds` and `valid_ds`. This means validation images are randomly flipped, rotated up to 360 degrees, and zoomed - non-deterministic preprocessing. The test requires that val/test datasets use only deterministic preprocessing. Additionally, in Cell 47 (progressive resizing), the same augmented transforms are applied again to both datasets via `src.tra...","[/kaggle/repo/diabetic-retinopathy-with-resnet50-oversampling.ipynb:22] - The critical cell where `get_transforms(do_flip=True,flip_vert=True,max_rotate=360,max_warp=0,max_zoom=1.1,max_lighting=0.1,p_lighting=0.5)` creates augmentation transforms and `src.transform(tfms,size=sz)` applies them to both training and validation datasets via fastai v1's `.transform()` method, which applies transforms to both `train_ds` and `valid_ds`. [/kaggle/repo/diabetic-retinopathy-with-resnet50-oversampling.ipynb:47] - The same augmented transforms are reapplied during progressive resizing via `src.transform(tfms,size=sz*2)`, again affecting both train and validation data. [/kaggle/repo/diabetic-retinopathy-...",results\synthetic\synthetic_kaggle_diabetic_AT-Qwen-Qwen3.6-35B-A3B-FP8-static_examples20_case_score_bands.jsonl
20,0.9,nlp,bilalafzal255,data\kaggle\kaggle-nlp\bilalafzal255,synth-data\injected\repos\ml-bugs\000000_bilalafzal255\disaster-tweets-classification-using-transformers,0,1,kaggle_p1,1,0,wrong,FN,0.0,"If there is any model training, then all model parameters are updated during training (no frozen layers unless explicitly intended).","Injected for kaggle_p1. Injected training/evaluation and data handling bugs in the main notebook to violate the specified Kaggle properties (data leakage, augmentation on val/test, frozen parameters, no backprop, shuffled test, weighted sampling on val, non-deterministic eval, device mismatch, inefficient Python loops, and metric computed on train).","/no_think Here is the test case and the repository to evaluate: Test: If there is any model training, then all model parameters are updated during training (no frozen layers unless explicitly intended). Extra Instructions: Calibration notes from a manual audit. These are not answers for the current repository; do not copy their wording or format. Use them only to calibrate what made prior FAIL judgments concrete and independently checkable. 1. test=If there is any model training, then all model parameters are updated during training (no frozen layers unless explicitly intended). audit_note=A linear layer is created inside forward after the optimizer is constructed, so its parameters are not ...",,results\synthetic\synthetic_kaggle_nlp_AT-Qwen-Qwen3.6-35B-A3B-FP8-static_examples20_case_score_bands.jsonl
20,0.9,nlp,bilalafzal255,data\kaggle\kaggle-nlp\bilalafzal255,synth-data\injected\repos\ml-bugs\000000_bilalafzal255\disaster-tweets-classification-using-transformers,0,4,kaggle_p4,1,0,wrong,FN,0.0,Any class-imbalance handling (weighted loss / sampler) applies only to training data.,"Injected for kaggle_p4. Injected training/evaluation and data handling bugs in the main notebook to violate the specified Kaggle properties (data leakage, augmentation on val/test, frozen parameters, no backprop, shuffled test, weighted sampling on val, non-deterministic eval, device mismatch, inefficient Python loops, and metric computed on train).","/no_think Here is the test case and the repository to evaluate: Test: Any class-imbalance handling (weighted loss / sampler) applies only to training data. Extra Instructions: Calibration notes from a manual audit. These are not answers for the current repository; do not copy their wording or format. Use them only to calibrate what made prior FAIL judgments concrete and independently checkable. 1. test=If there is any model training, then all model parameters are updated during training (no frozen layers unless explicitly intended). audit_note=A linear layer is created inside forward after the optimizer is constructed, so its parameters are not in the optimizer and will not be updated. calib...",,results\synthetic\synthetic_kaggle_nlp_AT-Qwen-Qwen3.6-35B-A3B-FP8-static_examples20_case_score_bands.jsonl
20,0.9,nlp,bilalafzal255,data\kaggle\kaggle-nlp\bilalafzal255,synth-data\injected\repos\ml-bugs\000000_bilalafzal255\disaster-tweets-classification-using-transformers,0,9,kaggle_p9,1,0,wrong,FN,0.0,The model can overfit a single (or tiny) batch to near-zero loss.,"Injected for kaggle_p9. Injected training/evaluation and data handling bugs in the main notebook to violate the specified Kaggle properties (data leakage, augmentation on val/test, frozen parameters, no backprop, shuffled test, weighted sampling on val, non-deterministic eval, device mismatch, inefficient Python loops, and metric computed on train).","/no_think Here is the test case and the repository to evaluate: Test: The model can overfit a single (or tiny) batch to near-zero loss. Extra Instructions: Calibration notes from a manual audit. These are not answers for the current repository; do not copy their wording or format. Use them only to calibrate what made prior FAIL judgments concrete and independently checkable. 1. test=If there is any model training, then all model parameters are updated during training (no frozen layers unless explicitly intended). audit_note=A linear layer is created inside forward after the optimizer is constructed, so its parameters are not in the optimizer and will not be updated. calibration_case_score=0....",,results\synthetic\synthetic_kaggle_nlp_AT-Qwen-Qwen3.6-35B-A3B-FP8-static_examples20_case_score_bands.jsonl
20,0.9,nlp,bilalafzal255,data\kaggle\kaggle-nlp\bilalafzal255,synth-data\injected\repos\ml-bugs\000000_bilalafzal255\disaster-tweets-classification-using-transformers,0,11,kaggle_p11,1,0,wrong,FN,0.0,Training dataloader shuffles or training dataset is shuffled for training; val/test do not shuffle.,"Injected for kaggle_p11. Injected training/evaluation and data handling bugs in the main notebook to violate the specified Kaggle properties (data leakage, augmentation on val/test, frozen parameters, no backprop, shuffled test, weighted sampling on val, non-deterministic eval, device mismatch, inefficient Python loops, and metric computed on train).","/no_think Here is the test case and the repository to evaluate: Test: Training dataloader shuffles or training dataset is shuffled for training; val/test do not shuffle. Extra Instructions: Calibration notes from a manual audit. These are not answers for the current repository; do not copy their wording or format. Use them only to calibrate what made prior FAIL judgments concrete and independently checkable. 1. test=If there is any model training, then all model parameters are updated during training (no frozen layers unless explicitly intended). audit_note=A linear layer is created inside forward after the optimizer is constructed, so its parameters are not in the optimizer and will not be ...",,results\synthetic\synthetic_kaggle_nlp_AT-Qwen-Qwen3.6-35B-A3B-FP8-static_examples20_case_score_bands.jsonl
20,0.9,nlp,bilalafzal255,data\kaggle\kaggle-nlp\bilalafzal255,synth-data\injected\repos\ml-bugs\000001_bilalafzal255\disaster-tweets-classification-using-transformers,1,4,kaggle_p4,1,0,wrong,FN,0.0,Any class-imbalance handling (weighted loss / sampler) applies only to training data.,Injected for kaggle_p4. Injected class-imbalance sampling into both train and validation dataloaders and forced a CUDA-only model placement overriding the device abstraction.,"/no_think Here is the test case and the repository to evaluate: Test: Any class-imbalance handling (weighted loss / sampler) applies only to training data. Extra Instructions: Calibration notes from a manual audit. These are not answers for the current repository; do not copy their wording or format. Use them only to calibrate what made prior FAIL judgments concrete and independently checkable. 1. test=If there is any model training, then all model parameters are updated during training (no frozen layers unless explicitly intended). audit_note=A linear layer is created inside forward after the optimizer is constructed, so its parameters are not in the optimizer and will not be updated. calib...",,results\synthetic\synthetic_kaggle_nlp_AT-Qwen-Qwen3.6-35B-A3B-FP8-static_examples20_case_score_bands.jsonl
20,0.9,nlp,bilalafzal255,data\kaggle\kaggle-nlp\bilalafzal255,synth-data\injected\repos\ml-bugs\000001_bilalafzal255\disaster-tweets-classification-using-transformers,1,11,kaggle_p11,0,1,wrong,FP,0.93,Training dataloader shuffles or training dataset is shuffled for training; val/test do not shuffle.,,"The validation dataloader uses a WeightedRandomSampler (val_sampler), which introduces shuffling/randomization of the validation data. The test requires that val/test data do NOT shuffle, but the code explicitly creates a random sampler for validation data. While the training data IS correctly shuffled (df_train.sample(frac=1) in cell 6 and WeightedRandomSampler for training), the validation sampler violates the requirement. The test dataloader correctly does not shuffle (no sampler, default shuffle=False), but the validation dataloader's use of WeightedRandomSampler constitutes shuffling.","** 1. **Training dataset IS shuffled**: Cell 6 (`/kaggle/repo/disaster-tweets-classification-using-transformers.ipynb`, cell index 6) shows `df_train = df_train.sample(frac=1)` which shuffles the training data before splitting into train/val. 2. **Training dataloader**: Cell 32 uses `WeightedRandomSampler` for training, which introduces randomness (sampling with replacement based on weights). The `shuffle=False` is overridden by the sampler anyway. 3. **Validation dataloader IS shuffled (VIOLATION)**: Cell 32 shows `val_dataloader` uses a `WeightedRandomSampler(val_sampler, ...)` which is a random sampler. This means validation data IS being shuffled/randomized. This violates the requirement...",results\synthetic\synthetic_kaggle_nlp_AT-Qwen-Qwen3.6-35B-A3B-FP8-static_examples20_case_score_bands.jsonl
20,0.9,nlp,bilalafzal255,data\kaggle\kaggle-nlp\bilalafzal255,synth-data\injected\repos\ml-bugs\000001_bilalafzal255\disaster-tweets-classification-using-transformers,1,13,kaggle_p13,1,0,wrong,FN,0.0,"Model and inputs are consistently moved to one device; no implicit CPU<->GPU transfers; dtype policy (e.g., fp32/bf16) is applied consistently.",Injected for kaggle_p13. Injected class-imbalance sampling into both train and validation dataloaders and forced a CUDA-only model placement overriding the device abstraction.,"/no_think Here is the test case and the repository to evaluate: Test: Model and inputs are consistently moved to one device; no implicit CPU<->GPU transfers; dtype policy (e.g., fp32/bf16) is applied consistently. Extra Instructions: Calibration notes from a manual audit. These are not answers for the current repository; do not copy their wording or format. Use them only to calibrate what made prior FAIL judgments concrete and independently checkable. 1. test=If there is any model training, then all model parameters are updated during training (no frozen layers unless explicitly intended). audit_note=A linear layer is created inside forward after the optimizer is constructed, so its paramete...",,results\synthetic\synthetic_kaggle_nlp_AT-Qwen-Qwen3.6-35B-A3B-FP8-static_examples20_case_score_bands.jsonl
20,0.9,nlp,bilalafzal255,data\kaggle\kaggle-nlp\bilalafzal255,synth-data\injected\repos\ml-bugs\000002_bilalafzal255\disaster-tweets-classification-using-transformers,2,11,kaggle_p11,0,1,wrong,FP,0.93,Training dataloader shuffles or training dataset is shuffled for training; val/test do not shuffle.,,"The validation dataloader (`val_dataloader`) uses `WeightedRandomSampler(val_sample_weights, num_samples=len(val_sample_weights), replacement=True)` as its sampler (Cell 32, lines 9-10 and 16-19). A `WeightedRandomSampler` with `replacement=True` randomly samples indices from the dataset, which constitutes shuffling. This directly violates the requirement that ""val/test do not shuffle."" The property requires that validation and test data should NOT be shuffled, but the code applies a random sampler to the validation dataloader. The training data correctly has shuffling (via `df_train.sample(frac=1)` in Cell 6 and the weighted random sampler in Cell 32), and the test dataloader does NOT shuff...","[/kaggle/repo/disaster-tweets-classification-using-transformers.ipynb:32-32] Cell 32 creates `val_sampler = WeightedRandomSampler(val_sample_weights, num_samples=len(val_sample_weights), replacement=True)` and passes it to `val_dataloader = DataLoader(tokenized_val_dataset, sampler=val_sampler, batch_size=64, collate_fn=data_collator)`. WeightedRandomSampler with replacement=True randomly draws sample indices, effectively shuffling the validation data during iteration. [/kaggle/repo/disaster-tweets-classification-using-transformers.ipynb:6-6] Cell 6 shuffles training data with `df_train = df_train.sample(frac=1)`. [/kaggle/repo/disaster-tweets-classification-using-transformers.ipynb:32-32] C...",results\synthetic\synthetic_kaggle_nlp_AT-Qwen-Qwen3.6-35B-A3B-FP8-static_examples20_case_score_bands.jsonl
20,0.9,nlp,bilalafzal255,data\kaggle\kaggle-nlp\bilalafzal255,synth-data\injected\repos\ml-bugs\000002_bilalafzal255\disaster-tweets-classification-using-transformers,2,13,kaggle_p13,1,0,wrong,FN,0.0,"Model and inputs are consistently moved to one device; no implicit CPU<->GPU transfers; dtype policy (e.g., fp32/bf16) is applied consistently.","Injected for kaggle_p13. Injected six synthetic bugs in the notebook: appended path-like strings to text features, shuffled training labels after split, applied class-imbalance sampling to both train and validation loaders, restricted optimizer to classifier parameters, forced model onto CPU while batches move to device, and evaluated metrics on training data instead of validation.","/no_think Here is the test case and the repository to evaluate: Test: Model and inputs are consistently moved to one device; no implicit CPU<->GPU transfers; dtype policy (e.g., fp32/bf16) is applied consistently. Extra Instructions: Calibration notes from a manual audit. These are not answers for the current repository; do not copy their wording or format. Use them only to calibrate what made prior FAIL judgments concrete and independently checkable. 1. test=If there is any model training, then all model parameters are updated during training (no frozen layers unless explicitly intended). audit_note=A linear layer is created inside forward after the optimizer is constructed, so its paramete...",,results\synthetic\synthetic_kaggle_nlp_AT-Qwen-Qwen3.6-35B-A3B-FP8-static_examples20_case_score_bands.jsonl
20,0.9,nlp,bilalafzal255,data\kaggle\kaggle-nlp\bilalafzal255,synth-data\injected\repos\ml-bugs\000003_bilalafzal255\disaster-tweets-classification-using-transformers,3,2,kaggle_p2,0,1,wrong,FP,0.9,"Data is loaded and preprocessed correctly (e.g., no all-black images, no text with weird or unexpected characters, tables look correct and feature values are reasonable).",,"The repository fails the data loading and preprocessing test due to a concrete, verifiable issue: file paths are embedded directly into the text feature values. In Cell 16, the code constructs `text_final` by appending Kaggle file paths (e.g., `/kaggle/input/nlp-getting-started/train/{idx}.txt`) to each tweet's cleaned text. These path strings are then dropped into the `text` column (via Cell 18 renaming) and fed directly into the model's tokenizer (Cell 26 uses `example['text']`, Cell 44 creates the test dataset this way). This means the model receives input text containing file system paths — clearly not ""reasonable"" feature values and not correct preprocessing. Additionally, the `remove_p...","[/kaggle/repo/disaster-tweets-classification-using-transformers.ipynb:16-22] Cell 16 constructs text_final by appending file paths like `/kaggle/input/nlp-getting-started/train/{idx}.txt` to each cleaned text. Cell 18 renames text_final back to text, so the model sees paths as part of the text feature. Cell 26's tokenize_function uses example['text'] which contains these paths. Cell 44 tokenizes test data the same way. [/kaggle/repo/disaster-tweets-classification-using-transformers.ipynb:12-13] Cell 12 defines remove_punct using str.translate to remove ALL punctuation characters, which is overly aggressive preprocessing. [/kaggle/repo/disaster-tweets-classification-using-transformers.ipynb:7...",results\synthetic\synthetic_kaggle_nlp_AT-Qwen-Qwen3.6-35B-A3B-FP8-static_examples20_case_score_bands.jsonl
20,0.9,nlp,aryagokh,data\kaggle\kaggle-nlp\aryagokh,synth-data\injected\repos\ml-bugs\000004_aryagokh\disaster-tweets-bert-0-835score,4,4,kaggle_p4,1,0,wrong,FN,0.0,Any class-imbalance handling (weighted loss / sampler) applies only to training data.,"Injected for kaggle_p4. Injected preprocessing truncation, random masking augmentation in dataset __getitem__, class weights computed from train+val labels, and evaluation metrics using a majority-class baseline to violate target properties. Random augmentation on validation also introduces nondeterministic evaluation.","/no_think Here is the test case and the repository to evaluate: Test: Any class-imbalance handling (weighted loss / sampler) applies only to training data. Extra Instructions: Calibration notes from a manual audit. These are not answers for the current repository; do not copy their wording or format. Use them only to calibrate what made prior FAIL judgments concrete and independently checkable. 1. test=If there is any model training, then all model parameters are updated during training (no frozen layers unless explicitly intended). audit_note=A linear layer is created inside forward after the optimizer is constructed, so its parameters are not in the optimizer and will not be updated. calib...",,results\synthetic\synthetic_kaggle_nlp_AT-Qwen-Qwen3.6-35B-A3B-FP8-static_examples20_case_score_bands.jsonl
20,0.9,nlp,aryagokh,data\kaggle\kaggle-nlp\aryagokh,synth-data\injected\repos\ml-bugs\000005_aryagokh\disaster-tweets-bert-0-835score,5,2,kaggle_p2,0,1,wrong,FP,0.9,"Data is loaded and preprocessed correctly (e.g., no all-black images, no text with weird or unexpected characters, tables look correct and feature values are reasonable).",,"The repository has concrete, independently checkable issues with data loading and preprocessing: 1. **NaN values not handled before text cleaning** [/kaggle/repo/disaster-tweets-bert-0-835score.ipynb:5-9]: The code loads data from CSV and checks `data.isna().sum()` (cell 7) but never calls `dropna()` or `fillna()` on the text column. The `clean_text` function (cell 9) uses `re.sub()` which requires string arguments. When `data['text'].apply(clean_text)` is called, any NaN values in the text column will cause a `TypeError` because `re.sub()` cannot process `float('nan')`. The nlp-getting-started dataset is known to have NaN values in the 'text' column. 2. **Test data not preprocessed consiste...","- [/kaggle/repo/disaster-tweets-bert-0-835score.ipynb:5] Data loaded with `pd.read_csv(""/kaggle/input/nlp-getting-started/train.csv"", index_col='id')` - [/kaggle/repo/disaster-tweets-bert-0-835score.ipynb:7] `len(data), data.isna().sum()` — NA check performed but NA values never handled (no dropna/fillna) - [/kaggle/repo/disaster-tweets-bert-0-835score.ipynb:9] `data['text'].apply(clean_text)` with `clean_text` using `re.sub()` — will raise TypeError on NaN float values - [/kaggle/repo/disaster-tweets-bert-0-835score.ipynb:17] Test code cell does not import `re` or call `clean_text` on `test_df['text']` — test data remains uncleaned - [/kaggle/repo/disaster-tweets-bert-0-835score.ipynb:15] `...",results\synthetic\synthetic_kaggle_nlp_AT-Qwen-Qwen3.6-35B-A3B-FP8-static_examples20_case_score_bands.jsonl
20,0.9,nlp,aryagokh,data\kaggle\kaggle-nlp\aryagokh,synth-data\injected\repos\ml-bugs\000005_aryagokh\disaster-tweets-bert-0-835score,5,10,kaggle_p10,1,0,wrong,FN,0.0,"Training loss generally decreases during training and plateaus within the number of epochs used (if no loss is logged, then add logging to check this).","Injected for kaggle_p10. Injected label leakage into the dataset text to invalidate random-label sanity checks, forced eval dataloader to shuffle, and set learning rate to 0.0 to prevent loss from decreasing during training.","/no_think Here is the test case and the repository to evaluate: Test: Training loss generally decreases during training and plateaus within the number of epochs used (if no loss is logged, then add logging to check this). Extra Instructions: Calibration notes from a manual audit. These are not answers for the current repository; do not copy their wording or format. Use them only to calibrate what made prior FAIL judgments concrete and independently checkable. 1. test=If there is any model training, then all model parameters are updated during training (no frozen layers unless explicitly intended). audit_note=A linear layer is created inside forward after the optimizer is constructed, so its ...",,results\synthetic\synthetic_kaggle_nlp_AT-Qwen-Qwen3.6-35B-A3B-FP8-static_examples20_case_score_bands.jsonl
20,0.9,nlp,aryagokh,data\kaggle\kaggle-nlp\aryagokh,synth-data\injected\repos\ml-bugs\000006_aryagokh\disaster-tweets-bert-0-835score,6,2,kaggle_p2,0,1,wrong,FP,0.94,"Data is loaded and preprocessed correctly (e.g., no all-black images, no text with weird or unexpected characters, tables look correct and feature values are reasonable).",,"The test case requires that data be loaded and preprocessed correctly. The repository contains two concrete bugs that violate this property: 1. **File path appended to test text data (Cell 17, lines 6-7)**: The test data preprocessing explicitly appends a file path to every text entry: `test_df['text'] = test_df['text'] + ' /kaggle/input/nlp-getting-started/test.csv'`. This introduces unexpected/contaminated characters (file paths) into the text feature, making the test data incorrect. 2. **No text cleaning applied to test data**: Training data goes through `clean_text()` (Cell 9) which removes hashtags, URLs, and HTML tags. The test data pipeline (Cell 17) applies no equivalent cleaning, so...","- [/kaggle/repo/disaster-tweets-bert-0-835score.ipynb:17-53] Cell 17 (Submission code) contains the bug on lines 6-7 where the file path `' /kaggle/input/nlp-getting-started/test.csv'` is appended to the text column: `test_df['text'] = test_df['text'] + ' /kaggle/input/nlp-getting-started/test.csv'`. Additionally, no text cleaning (re.sub for hashtags, URLs, HTML tags) is applied to test data. - [/kaggle/repo/disaster-tweets-bert-0-835score.ipynb:9-23] Cell 9 defines and applies `clean_text()` function (using `data['text'].apply(clean_text)`) to the training data, which removes hashtags, links, and HTML tags. This cleaning is never applied to the test data in Cell 17. - [/kaggle/repo/disaste...",results\synthetic\synthetic_kaggle_nlp_AT-Qwen-Qwen3.6-35B-A3B-FP8-static_examples20_case_score_bands.jsonl
20,0.9,nlp,aryagokh,data\kaggle\kaggle-nlp\aryagokh,synth-data\injected\repos\ml-bugs\000007_aryagokh\disaster-tweets-bert-0-835score,7,1,kaggle_p1,1,0,wrong,FN,0.0,"If there is any model training, then all model parameters are updated during training (no frozen layers unless explicitly intended).","Injected for kaggle_p1. Injected label leakage and randomization, global text augmentation, frozen embeddings, label noise in loss, non-deterministic metric computation, shuffled eval dataloader, and forced CUDA class weights to violate specified properties.","/no_think Here is the test case and the repository to evaluate: Test: If there is any model training, then all model parameters are updated during training (no frozen layers unless explicitly intended). Extra Instructions: Calibration notes from a manual audit. These are not answers for the current repository; do not copy their wording or format. Use them only to calibrate what made prior FAIL judgments concrete and independently checkable. 1. test=If there is any model training, then all model parameters are updated during training (no frozen layers unless explicitly intended). audit_note=A linear layer is created inside forward after the optimizer is constructed, so its parameters are not ...",,results\synthetic\synthetic_kaggle_nlp_AT-Qwen-Qwen3.6-35B-A3B-FP8-static_examples20_case_score_bands.jsonl
20,0.9,nlp,aryagokh,data\kaggle\kaggle-nlp\aryagokh,synth-data\injected\repos\ml-bugs\000007_aryagokh\disaster-tweets-bert-0-835score,7,12,kaggle_p12,1,0,wrong,FN,0.0,Accuracy should be deterministic (same value) when running the model evaluation multiple times without retraining.,"Injected for kaggle_p12. Injected label leakage and randomization, global text augmentation, frozen embeddings, label noise in loss, non-deterministic metric computation, shuffled eval dataloader, and forced CUDA class weights to violate specified properties.","/no_think Here is the test case and the repository to evaluate: Test: Accuracy should be deterministic (same value) when running the model evaluation multiple times without retraining. Extra Instructions: Calibration notes from a manual audit. These are not answers for the current repository; do not copy their wording or format. Use them only to calibrate what made prior FAIL judgments concrete and independently checkable. 1. test=If there is any model training, then all model parameters are updated during training (no frozen layers unless explicitly intended). audit_note=A linear layer is created inside forward after the optimizer is constructed, so its parameters are not in the optimizer a...",,results\synthetic\synthetic_kaggle_nlp_AT-Qwen-Qwen3.6-35B-A3B-FP8-static_examples20_case_score_bands.jsonl
20,0.9,nlp,aryagokh,data\kaggle\kaggle-nlp\aryagokh,synth-data\injected\repos\ml-bugs\000008_aryagokh\disaster-tweets-bert-0-835score,8,4,kaggle_p4,0,1,wrong,FP,0.95,Any class-imbalance handling (weighted loss / sampler) applies only to training data.,,"The code implements class-imbalance handling via a weighted loss (compute_class_weight + CrossEntropyLoss with class weights). This weighted loss is applied through the compute_loss() method override in WeightedLossTrainer, which the HuggingFace Trainer calls for both training and evaluation batches. Since compute_loss() processes all batches indiscriminately, the class-imbalance handling (weighted loss) is not restricted to training data only - it also applies during evaluation. This directly violates the test case requirement that ""any class-imbalance handling (weighted loss / sampler) applies only to training data.""","[/kaggle/repo/disaster-tweets-bert-0-835score.ipynb:15] Cell 15 contains the active training code. The key evidence: - Line: `class_weights = compute_class_weight('balanced', classes=np.unique(train_labels), y=train_labels)` - class weights computed from training labels. - Line: `loss_fct = torch.nn.CrossEntropyLoss(weight=class_weights.to(model.device))` - weighted loss in compute_loss override. - The WeightedLossTrainer.compute_loss() override is called by the HuggingFace Trainer for all data processing (both train and eval), not just training. This means the class-imbalance handling (weighted loss) is active during evaluation as well, violating the ""only to training data"" requirement. - A...",results\synthetic\synthetic_kaggle_nlp_AT-Qwen-Qwen3.6-35B-A3B-FP8-static_examples20_case_score_bands.jsonl
20,0.9,nlp,aryagokh,data\kaggle\kaggle-nlp\aryagokh,synth-data\injected\repos\ml-bugs\000008_aryagokh\disaster-tweets-bert-0-835score,8,5,kaggle_p5,1,0,wrong,FN,0.0,No path/filename text is fed as a feature unless explicitly intended.,"Injected for kaggle_p5. Injected data leakage by mixing test into training, added augmentation before split, appended ID text to inputs, replaced vectorized cleaning with explicit loop, and altered training/evaluation to freeze model layers, run only one step with zero learning rate, shuffle evaluation data, evaluate on training data, and use random predictions for metrics.","/no_think Here is the test case and the repository to evaluate: Test: No path/filename text is fed as a feature unless explicitly intended. Extra Instructions: Calibration notes from a manual audit. These are not answers for the current repository; do not copy their wording or format. Use them only to calibrate what made prior FAIL judgments concrete and independently checkable. 1. test=If there is any model training, then all model parameters are updated during training (no frozen layers unless explicitly intended). audit_note=A linear layer is created inside forward after the optimizer is constructed, so its parameters are not in the optimizer and will not be updated. calibration_case_scor...",,results\synthetic\synthetic_kaggle_nlp_AT-Qwen-Qwen3.6-35B-A3B-FP8-static_examples20_case_score_bands.jsonl
20,0.9,nlp,aryagokh,data\kaggle\kaggle-nlp\aryagokh,synth-data\injected\repos\ml-bugs\000008_aryagokh\disaster-tweets-bert-0-835score,8,12,kaggle_p12,1,0,wrong,FN,0.0,Accuracy should be deterministic (same value) when running the model evaluation multiple times without retraining.,"Injected for kaggle_p12. Injected data leakage by mixing test into training, added augmentation before split, appended ID text to inputs, replaced vectorized cleaning with explicit loop, and altered training/evaluation to freeze model layers, run only one step with zero learning rate, shuffle evaluation data, evaluate on training data, and use random predictions for metrics.","/no_think Here is the test case and the repository to evaluate: Test: Accuracy should be deterministic (same value) when running the model evaluation multiple times without retraining. Extra Instructions: Calibration notes from a manual audit. These are not answers for the current repository; do not copy their wording or format. Use them only to calibrate what made prior FAIL judgments concrete and independently checkable. 1. test=If there is any model training, then all model parameters are updated during training (no frozen layers unless explicitly intended). audit_note=A linear layer is created inside forward after the optimizer is constructed, so its parameters are not in the optimizer a...",,results\synthetic\synthetic_kaggle_nlp_AT-Qwen-Qwen3.6-35B-A3B-FP8-static_examples20_case_score_bands.jsonl
20,0.9,nlp,nursiddikruman,data\kaggle\kaggle-nlp\nursiddikruman,synth-data\injected\repos\ml-bugs\000009_nursiddikruman\disaster-tweets-nlp-top-8,9,14,kaggle_p15,1,0,wrong,FN,0.0,"Code does not use explicit loops or Python control flow when matrix operations could have been used to implement the exact same operation more efficiently. If this property is not satisfied, show the matrix operations which should replace the raw Python logic.","Injected for kaggle_p15. Injected stochastic preprocessing and control-character pollution, leaked test data with pseudo labels and label tokens, added non-deterministic metrics, device-mismatched debug forward pass, reduced epochs, and added an inefficient Python loop to violate target properties.","/no_think Here is the test case and the repository to evaluate: Test: Code does not use explicit loops or Python control flow when matrix operations could have been used to implement the exact same operation more efficiently. If this property is not satisfied, show the matrix operations which should replace the raw Python logic. Extra Instructions: Calibration notes from a manual audit. These are not answers for the current repository; do not copy their wording or format. Use them only to calibrate what made prior FAIL judgments concrete and independently checkable. 1. test=If there is any model training, then all model parameters are updated during training (no frozen layers unless explicit...",,results\synthetic\synthetic_kaggle_nlp_AT-Qwen-Qwen3.6-35B-A3B-FP8-static_examples20_case_score_bands.jsonl
20,0.9,nlp,bilalafzal255,data\kaggle\kaggle-nlp\bilalafzal255,synth-data\injected\repos\ml-bugs\000011_bilalafzal255\disaster-tweets-classification-using-transformers,11,11,kaggle_p11,1,0,wrong,FN,0.0,Training dataloader shuffles or training dataset is shuffled for training; val/test do not shuffle.,Injected for kaggle_p11. Added class-imbalance sampling to validation dataloader and enabled shuffling in the test dataloader to violate training-only imbalance handling and no-shuffle eval requirements.,"/no_think Here is the test case and the repository to evaluate: Test: Training dataloader shuffles or training dataset is shuffled for training; val/test do not shuffle. Extra Instructions: Calibration notes from a manual audit. These are not answers for the current repository; do not copy their wording or format. Use them only to calibrate what made prior FAIL judgments concrete and independently checkable. 1. test=If there is any model training, then all model parameters are updated during training (no frozen layers unless explicitly intended). audit_note=A linear layer is created inside forward after the optimizer is constructed, so its parameters are not in the optimizer and will not be ...",,results\synthetic\synthetic_kaggle_nlp_AT-Qwen-Qwen3.6-35B-A3B-FP8-static_examples20_case_score_bands.jsonl
20,0.9,nlp,bilalafzal255,data\kaggle\kaggle-nlp\bilalafzal255,synth-data\injected\repos\ml-bugs\000012_bilalafzal255\disaster-tweets-classification-using-transformers,12,2,kaggle_p2,1,0,wrong,FN,0.0,"Data is loaded and preprocessed correctly (e.g., no all-black images, no text with weird or unexpected characters, tables look correct and feature values are reasonable).","Injected for kaggle_p2. Injected shuffled validation dataloader, stochastic tokenization on all splits, blanked text entries, label/filepath leakage into text features via Python loops, dataset-wide oversampling before split, evaluation on training data, and device-mismatch during test inference.","/no_think Here is the test case and the repository to evaluate: Test: Data is loaded and preprocessed correctly (e.g., no all-black images, no text with weird or unexpected characters, tables look correct and feature values are reasonable). Extra Instructions: Calibration notes from a manual audit. These are not answers for the current repository; do not copy their wording or format. Use them only to calibrate what made prior FAIL judgments concrete and independently checkable. 1. test=If there is any model training, then all model parameters are updated during training (no frozen layers unless explicitly intended). audit_note=A linear layer is created inside forward after the optimizer is c...",,results\synthetic\synthetic_kaggle_nlp_AT-Qwen-Qwen3.6-35B-A3B-FP8-static_examples20_case_score_bands.jsonl
20,0.9,nlp,aryagokh,data\kaggle\kaggle-nlp\aryagokh,synth-data\injected\repos\ml-bugs\000013_aryagokh\disaster-tweets-bert-0-835score,13,2,kaggle_p2,0,1,wrong,FP,0.92,"Data is loaded and preprocessed correctly (e.g., no all-black images, no text with weird or unexpected characters, tables look correct and feature values are reasonable).",,"The repository has multiple concrete data loading and preprocessing issues: 1. **NaN handling causes execution failure**: Cell 9 applies `data['text'].apply(clean_text)` where `clean_text` uses `re.sub()` which requires a string input. The training dataset (NLP Getting Started on Kaggle) contains NaN text values (~25% missing), and `re.sub()` will raise a `TypeError` when encountering NaN (a float). This is an execution-breaking bug that prevents reliable data loading and preprocessing. 2. **Inconsistent preprocessing between train and test**: Training data goes through `clean_text` (Cell 9) which removes hashtags, links, and HTML tags. However, test data in Cell 17 does NOT apply `clean_tex...","[/kaggle/repo/disaster-tweets-bert-0-835score.ipynb:9] (Cell 9: `data['text'].apply(clean_text)` where clean_text uses re.sub that fails on NaN values); [/kaggle/repo/disaster-tweets-bert-0-835score.ipynb:15] (Cell 15: SentimentDataset.__getitem__ applies _augment random word dropping to both train and eval data, injects [PATH:...] and [LABEL_...] tokens); [/kaggle/repo/disaster-tweets-bert-0-835score.ipynb:17] (Cell 17: test data does not apply clean_text, constructs fake path strings from ids, injects them as features); [/kaggle/repo/disaster-tweets-bert-0-835score.ipynb:11] (Cell 11: train_test_split creates train/val from cleaned data but NaN in original text column is not handled before...",results\synthetic\synthetic_kaggle_nlp_AT-Qwen-Qwen3.6-35B-A3B-FP8-static_examples20_case_score_bands.jsonl
20,0.9,nlp,aryagokh,data\kaggle\kaggle-nlp\aryagokh,synth-data\injected\repos\ml-bugs\000013_aryagokh\disaster-tweets-bert-0-835score,13,10,kaggle_p10,0,1,wrong,FP,0.95,"Training loss generally decreases during training and plateaus within the number of epochs used (if no loss is logged, then add logging to check this).",,"The training code in cell 15 (the only active, non-commented training path) contains a critical bug in the `WeightedLossTrainer.compute_loss` method. On line 77, `logits = outputs.get(""logits"").detach()` detaches the computation graph, which prevents gradients from flowing back to the model. As a result, the model parameters are never updated via backpropagation during training, and the training loss will NOT generally decrease or plateau — it will remain essentially constant/random across epochs. The `TrainingArguments` does configure loss logging (`logging_steps=10`, `logging_dir='./logs'`), so the logging requirement of the test is satisfied, but the actual loss trajectory violates the pr...","[/kaggle/repo/disaster-tweets-bert-0-835score.ipynb:73-80] - The `WeightedLossTrainer.compute_loss` method that contains the `.detach()` bug preventing gradient flow. The key lines are: `outputs = model(**inputs)` (forward pass preserves computation graph) followed by `logits = outputs.get(""logits"").detach()` (detaches from graph) and `loss = loss_fct(logits.view(-1, self.model.config.num_labels), labels.view(-1))` (loss computed from detached logits, so no backpropagation occurs). [/kaggle/repo/disaster-tweets-bert-0-835score.ipynb:55-70] - `TrainingArguments` with `logging_steps=10` and `logging_dir='./logs'` confirming loss IS logged, so the test's logging requirement is met but the loss ...",results\synthetic\synthetic_kaggle_nlp_AT-Qwen-Qwen3.6-35B-A3B-FP8-static_examples20_case_score_bands.jsonl
20,0.9,nlp,aryagokh,data\kaggle\kaggle-nlp\aryagokh,synth-data\injected\repos\ml-bugs\000014_aryagokh\disaster-tweets-bert-0-835score,14,1,kaggle_p1,1,0,wrong,FN,0.0,"If there is any model training, then all model parameters are updated during training (no frozen layers unless explicitly intended).","Injected for kaggle_p1. Injected data leakage, augmentation-before-split, path-as-feature, inefficient loops, frozen layers, noisy loss, shuffled eval loader, baseline-only metrics with randomness, train-set evaluation, and device mismatch behaviors in the notebook to violate the requested Kaggle properties.","/no_think Here is the test case and the repository to evaluate: Test: If there is any model training, then all model parameters are updated during training (no frozen layers unless explicitly intended). Extra Instructions: Calibration notes from a manual audit. These are not answers for the current repository; do not copy their wording or format. Use them only to calibrate what made prior FAIL judgments concrete and independently checkable. 1. test=If there is any model training, then all model parameters are updated during training (no frozen layers unless explicitly intended). audit_note=A linear layer is created inside forward after the optimizer is constructed, so its parameters are not ...",,results\synthetic\synthetic_kaggle_nlp_AT-Qwen-Qwen3.6-35B-A3B-FP8-static_examples20_case_score_bands.jsonl
20,0.9,nlp,aryagokh,data\kaggle\kaggle-nlp\aryagokh,synth-data\injected\repos\ml-bugs\000014_aryagokh\disaster-tweets-bert-0-835score,14,2,kaggle_p2,0,1,wrong,FP,0.94,"Data is loaded and preprocessed correctly (e.g., no all-black images, no text with weird or unexpected characters, tables look correct and feature values are reasonable).",,"The data loading and preprocessing pipeline contains multiple concrete, independently verifiable issues that violate the requirement that ""data is loaded and preprocessed correctly."" Specifically: (1) Text cleaning (removing hashtags, links, HTML) is defined in cell 8 but applied only to the `data['text']` column, while the model actually trains on `data['text_with_path']` which was created in cell 5 from uncleaned text—so the features fed to the model contain uncleaned text with hashtags, links, and HTML tags. (2) Path/filename strings are artificially appended to text features (`text_with_path = data['text'] + ' ' + data['filepath']`), creating nonsensical features not representative of th...","[/kaggle/repo/disaster-tweets-bert-0-835score.ipynb:5 (cell 5 lines 5-20): Test data leakage into training pool (`pd.concat([data, test_leak], axis=0)`), augmentation before split (`data = pd.concat([data, augmented], axis=0)`), and path strings added as features (`data['filepath'] = [...]`, `data['text_with_path'] = data['text'].astype(str) + ' ' + data['filepath']`).] [/kaggle/repo/disaster-tweets-bert-0-835score.ipynb:8 (cell 8 lines 1-15): Text cleaning function `clean_text` defined and applied only to `data['text']` column via `data['text'] = data['text'].apply(clean_text)`, but this is NOT applied to `text_with_path` which is what the model uses.] [/kaggle/repo/disaster-tweets-bert-0-8...",results\synthetic\synthetic_kaggle_nlp_AT-Qwen-Qwen3.6-35B-A3B-FP8-static_examples20_case_score_bands.jsonl
20,0.9,nlp,aryagokh,data\kaggle\kaggle-nlp\aryagokh,synth-data\injected\repos\ml-bugs\000014_aryagokh\disaster-tweets-bert-0-835score,14,4,kaggle_p4,0,1,wrong,FP,0.91,Any class-imbalance handling (weighted loss / sampler) applies only to training data.,,"The repository uses a weighted CrossEntropyLoss for class-imbalance handling in the WeightedLossTrainer class. However, the compute_loss method (which overrides the default Trainer.compute_loss) applies the weighted loss unconditionally — it has no logic to distinguish between training and evaluation passes. When trainer.evaluate() is called (line 106), the compute_loss method is invoked for evaluation data as well, applying the same class-weighted loss. This means the class-imbalance handling is not restricted to training data, violating the property.","[/kaggle/repo/disaster-tweets-bert-0-835score.ipynb:15 (code cell containing WeightedLossTrainer class)] - The compute_loss method at lines 62-70 creates a new CrossEntropyLoss(weight=class_weights) every time it's called, with no conditional check for training vs. evaluation. The trainer is instantiated with eval_dataset=train_dataset (line 100) and trainer.evaluate() is called (line 106), confirming that compute_loss is used for both training and evaluation data.",results\synthetic\synthetic_kaggle_nlp_AT-Qwen-Qwen3.6-35B-A3B-FP8-static_examples20_case_score_bands.jsonl
20,0.9,nlp,aryagokh,data\kaggle\kaggle-nlp\aryagokh,synth-data\injected\repos\ml-bugs\000014_aryagokh\disaster-tweets-bert-0-835score,14,11,kaggle_p11,1,0,wrong,FN,0.0,Training dataloader shuffles or training dataset is shuffled for training; val/test do not shuffle.,"Injected for kaggle_p11. Injected data leakage, augmentation-before-split, path-as-feature, inefficient loops, frozen layers, noisy loss, shuffled eval loader, baseline-only metrics with randomness, train-set evaluation, and device mismatch behaviors in the notebook to violate the requested Kaggle properties.","/no_think Here is the test case and the repository to evaluate: Test: Training dataloader shuffles or training dataset is shuffled for training; val/test do not shuffle. Extra Instructions: Calibration notes from a manual audit. These are not answers for the current repository; do not copy their wording or format. Use them only to calibrate what made prior FAIL judgments concrete and independently checkable. 1. test=If there is any model training, then all model parameters are updated during training (no frozen layers unless explicitly intended). audit_note=A linear layer is created inside forward after the optimizer is constructed, so its parameters are not in the optimizer and will not be ...",,results\synthetic\synthetic_kaggle_nlp_AT-Qwen-Qwen3.6-35B-A3B-FP8-static_examples20_case_score_bands.jsonl
20,0.9,nlp,aryagokh,data\kaggle\kaggle-nlp\aryagokh,synth-data\injected\repos\ml-bugs\000014_aryagokh\disaster-tweets-bert-0-835score,14,12,kaggle_p12,1,0,wrong,FN,0.0,Accuracy should be deterministic (same value) when running the model evaluation multiple times without retraining.,"Injected for kaggle_p12. Injected data leakage, augmentation-before-split, path-as-feature, inefficient loops, frozen layers, noisy loss, shuffled eval loader, baseline-only metrics with randomness, train-set evaluation, and device mismatch behaviors in the notebook to violate the requested Kaggle properties.","/no_think Here is the test case and the repository to evaluate: Test: Accuracy should be deterministic (same value) when running the model evaluation multiple times without retraining. Extra Instructions: Calibration notes from a manual audit. These are not answers for the current repository; do not copy their wording or format. Use them only to calibrate what made prior FAIL judgments concrete and independently checkable. 1. test=If there is any model training, then all model parameters are updated during training (no frozen layers unless explicitly intended). audit_note=A linear layer is created inside forward after the optimizer is constructed, so its parameters are not in the optimizer a...",,results\synthetic\synthetic_kaggle_nlp_AT-Qwen-Qwen3.6-35B-A3B-FP8-static_examples20_case_score_bands.jsonl
20,0.9,nlp,aryagokh,data\kaggle\kaggle-nlp\aryagokh,synth-data\injected\repos\ml-bugs\000014_aryagokh\disaster-tweets-bert-0-835score,14,13,kaggle_p13,1,0,wrong,FN,0.0,"Model and inputs are consistently moved to one device; no implicit CPU<->GPU transfers; dtype policy (e.g., fp32/bf16) is applied consistently.","Injected for kaggle_p13. Injected data leakage, augmentation-before-split, path-as-feature, inefficient loops, frozen layers, noisy loss, shuffled eval loader, baseline-only metrics with randomness, train-set evaluation, and device mismatch behaviors in the notebook to violate the requested Kaggle properties.","/no_think Here is the test case and the repository to evaluate: Test: Model and inputs are consistently moved to one device; no implicit CPU<->GPU transfers; dtype policy (e.g., fp32/bf16) is applied consistently. Extra Instructions: Calibration notes from a manual audit. These are not answers for the current repository; do not copy their wording or format. Use them only to calibrate what made prior FAIL judgments concrete and independently checkable. 1. test=If there is any model training, then all model parameters are updated during training (no frozen layers unless explicitly intended). audit_note=A linear layer is created inside forward after the optimizer is constructed, so its paramete...",,results\synthetic\synthetic_kaggle_nlp_AT-Qwen-Qwen3.6-35B-A3B-FP8-static_examples20_case_score_bands.jsonl
20,0.9,nlp,nursiddikruman,data\kaggle\kaggle-nlp\nursiddikruman,synth-data\injected\repos\ml-bugs\000015_nursiddikruman\disaster-tweets-nlp-top-8,15,4,kaggle_p4,1,0,wrong,FN,0.0,Any class-imbalance handling (weighted loss / sampler) applies only to training data.,Injected for kaggle_p4. Added class-weighted loss via a custom Trainer so class-imbalance handling is applied during evaluation as well as training.,"/no_think Here is the test case and the repository to evaluate: Test: Any class-imbalance handling (weighted loss / sampler) applies only to training data. Extra Instructions: Calibration notes from a manual audit. These are not answers for the current repository; do not copy their wording or format. Use them only to calibrate what made prior FAIL judgments concrete and independently checkable. 1. test=If there is any model training, then all model parameters are updated during training (no frozen layers unless explicitly intended). audit_note=A linear layer is created inside forward after the optimizer is constructed, so its parameters are not in the optimizer and will not be updated. calib...",,results\synthetic\synthetic_kaggle_nlp_AT-Qwen-Qwen3.6-35B-A3B-FP8-static_examples20_case_score_bands.jsonl
20,0.9,nlp,nursiddikruman,data\kaggle\kaggle-nlp\nursiddikruman,synth-data\injected\repos\ml-bugs\000017_nursiddikruman\disaster-tweets-nlp-top-8,17,3,kaggle_p3,1,0,wrong,FN,0.0,Any data augmentation is only performed on the training dataset; val/test dataset use deterministic preprocessing.,"Injected for kaggle_p3. Injected label randomization, global class rebalancing, stochastic preprocessing augmentation, randomized metrics, frozen model, shuffled eval/test datasets, train-set evaluation, single-epoch/no-logging training, and device mismatch to violate the specified ML properties.","/no_think Here is the test case and the repository to evaluate: Test: Any data augmentation is only performed on the training dataset; val/test dataset use deterministic preprocessing. Extra Instructions: Calibration notes from a manual audit. These are not answers for the current repository; do not copy their wording or format. Use them only to calibrate what made prior FAIL judgments concrete and independently checkable. 1. test=If there is any model training, then all model parameters are updated during training (no frozen layers unless explicitly intended). audit_note=A linear layer is created inside forward after the optimizer is constructed, so its parameters are not in the optimizer a...",,results\synthetic\synthetic_kaggle_nlp_AT-Qwen-Qwen3.6-35B-A3B-FP8-static_examples20_case_score_bands.jsonl
20,0.9,nlp,nursiddikruman,data\kaggle\kaggle-nlp\nursiddikruman,synth-data\injected\repos\ml-bugs\000017_nursiddikruman\disaster-tweets-nlp-top-8,17,4,kaggle_p4,1,0,wrong,FN,0.05,Any class-imbalance handling (weighted loss / sampler) applies only to training data.,"Injected for kaggle_p4. Injected label randomization, global class rebalancing, stochastic preprocessing augmentation, randomized metrics, frozen model, shuffled eval/test datasets, train-set evaluation, single-epoch/no-logging training, and device mismatch to violate the specified ML properties.","The only class-imbalance handling in the repository is an oversampling technique applied in cell 40 (the RoBERTa training cell) where minority-class samples are duplicated to match majority-class counts: `minority.sample(len(majority), replace=True)`. This oversampling is applied exclusively to the `train` pandas DataFrame before it is converted to `train_dataset`. The `test` DataFrame is never oversampled — it is used directly via `test_dataset = Dataset.from_pandas(test[['text_processed']])` with no resampling or class-balancing applied. No weighted loss function (e.g., `class_weight` parameter, `WeightedRandomSampler`) is used anywhere in the codebase. The `compute_class_weight` import in...","[/kaggle/repo/disaster-tweets-nlp-top-8.ipynb:cell 40 (lines covering oversampling with minority.sample)] - Contains the only class-imbalance handling code: `minority.sample(len(majority), replace=True)` applied to the `train` DataFrame. [/kaggle/repo/disaster-tweets-nlp-top-8.ipynb:cell 40 (test_dataset creation)] - Shows `test_dataset = Dataset.from_pandas(test[['text_processed']])` with no oversampling applied to test data. [/kaggle/repo/disaster-tweets-nlp-top-8.ipynb:cell 40 (Trainer setup)] - Shows the Trainer is initialized without any `sample_weight_mapping` or weighted loss configuration. [/kaggle/repo/disaster-tweets-nlp-top-8.ipynb:cell 0] - Shows `compute_class_weight` is importe...",results\synthetic\synthetic_kaggle_nlp_AT-Qwen-Qwen3.6-35B-A3B-FP8-static_examples20_case_score_bands.jsonl
20,0.9,nlp,nursiddikruman,data\kaggle\kaggle-nlp\nursiddikruman,synth-data\injected\repos\ml-bugs\000017_nursiddikruman\disaster-tweets-nlp-top-8,17,10,kaggle_p10,1,0,wrong,FN,0.0,"Training loss generally decreases during training and plateaus within the number of epochs used (if no loss is logged, then add logging to check this).","Injected for kaggle_p10. Injected label randomization, global class rebalancing, stochastic preprocessing augmentation, randomized metrics, frozen model, shuffled eval/test datasets, train-set evaluation, single-epoch/no-logging training, and device mismatch to violate the specified ML properties.","/no_think Here is the test case and the repository to evaluate: Test: Training loss generally decreases during training and plateaus within the number of epochs used (if no loss is logged, then add logging to check this). Extra Instructions: Calibration notes from a manual audit. These are not answers for the current repository; do not copy their wording or format. Use them only to calibrate what made prior FAIL judgments concrete and independently checkable. 1. test=If there is any model training, then all model parameters are updated during training (no frozen layers unless explicitly intended). audit_note=A linear layer is created inside forward after the optimizer is constructed, so its ...",,results\synthetic\synthetic_kaggle_nlp_AT-Qwen-Qwen3.6-35B-A3B-FP8-static_examples20_case_score_bands.jsonl
20,0.9,nlp,nursiddikruman,data\kaggle\kaggle-nlp\nursiddikruman,synth-data\injected\repos\ml-bugs\000017_nursiddikruman\disaster-tweets-nlp-top-8,17,14,kaggle_p15,0,1,wrong,FP,0.91,"Code does not use explicit loops or Python control flow when matrix operations could have been used to implement the exact same operation more efficiently. If this property is not satisfied, show the matrix operations which should replace the raw Python logic.",,"The repository's Cell 38 contains active (uncommented) Python code that uses `Series.apply(preprocess_text)` on both the training and test pandas DataFrames. This is a Python-level per-row loop that applies the `preprocess_text` function individually to each text entry. The function's body consists predominantly of string/regex operations (`.lower()`, `re.sub()`, `unicodedata.normalize()`, `str.strip()`) that could be implemented using vectorized pandas `Series.str` operations. Specifically, the `.apply(preprocess_text)` calls on `train['text']` and `test['text']` process each row sequentially through a Python function, which is directly replaceable by vectorized `Series.str` methods combine...","[/kaggle/repo/disaster-tweets-nlp-top-8.ipynb:38:32-33] - Lines containing `train['text_processed'] = train['text'].apply(preprocess_text)` and `test['text_processed'] = test['text'].apply(preprocess_text)`. The `preprocess_text` function (lines 5-24 of the same cell) performs text cleaning via `.lower()`, `BeautifulSoup().get_text()`, `re.sub()` for URLs, `emoji.replace_emoji()`, `contractions.fix()`, `unicodedata.normalize()`, `re.sub()` for special characters, and `re.sub()` for extra spaces. Most of these operations (`.lower()`, regex substitutions, normalization) have direct vectorized equivalents in pandas `Series.str` API (e.g., `Series.str.lower()`, `Series.str.replace(pattern, '', r...",results\synthetic\synthetic_kaggle_nlp_AT-Qwen-Qwen3.6-35B-A3B-FP8-static_examples20_case_score_bands.jsonl
20,0.9,nlp,bilalafzal255,data\kaggle\kaggle-nlp\bilalafzal255,synth-data\injected\repos\ml-bugs\000018_bilalafzal255\disaster-tweets-classification-using-transformers,18,0,kaggle_p0,1,0,wrong,FN,0.0,"No leakage from test to train/val sets. If there is any model selection or hyperparameter tuning, then it uses val only.","Injected for kaggle_p0. Injected data leakage, preprocessing corruption, label leakage, class balancing before split, shuffled eval loaders, frozen base model params, zeroed loss, random evaluation predictions, single-epoch training, and forced CUDA usage to violate the target properties.","/no_think Here is the test case and the repository to evaluate: Test: No leakage from test to train/val sets. If there is any model selection or hyperparameter tuning, then it uses val only. Extra Instructions: Calibration notes from a manual audit. These are not answers for the current repository; do not copy their wording or format. Use them only to calibrate what made prior FAIL judgments concrete and independently checkable. 1. test=If there is any model training, then all model parameters are updated during training (no frozen layers unless explicitly intended). audit_note=A linear layer is created inside forward after the optimizer is constructed, so its parameters are not in the optim...",,results\synthetic\synthetic_kaggle_nlp_AT-Qwen-Qwen3.6-35B-A3B-FP8-static_examples20_case_score_bands.jsonl
20,0.9,nlp,bilalafzal255,data\kaggle\kaggle-nlp\bilalafzal255,synth-data\injected\repos\ml-bugs\000018_bilalafzal255\disaster-tweets-classification-using-transformers,18,6,kaggle_p6,0,1,wrong,FP,0.92,"Reported metrics use the correct split(s) and the exact definitions claimed (e.g., micro vs macro, top-k).",,"The reported metrics during validation do not use the correct definition of accuracy. In cell 42 of the notebook, predictions for the validation metric are generated using `torch.randint(0, model.config.num_labels, (logits.shape[0],), device=logits.device)` which produces completely random predictions rather than the model's actual predictions (which should use `torch.argmax(logits, dim=-1)` as correctly done in cell 45 for test predictions). This means the reported ""accuracy"" on the validation split is not the model's true performance. Additionally, the training loss is zeroed (`loss = outputs.loss * 0`) so no actual training occurs, further invalidating the metric. The metric also accumula...","[/kaggle/repo/disaster-tweets-classification-using-transformers.ipynb:42] - Contains `preds = torch.randint(0, model.config.num_labels, (logits.shape[0],), device=logits.device)` for validation predictions instead of `torch.argmax(logits, dim=-1)`, and `loss = outputs.loss * 0` before `loss.backward()`. The metric is accumulated across epochs without reset: `metric.add_batch(predictions=preds, references=batch['labels'])` is called in the validation loop, and `metric.compute()` is called inside the epoch loop after all batches are added. [/kaggle/repo/disaster-tweets-classification-using-transformers.ipynb:45] - Shows the correct prediction method `pred = torch.argmax(logits, dim=-1)` used f...",results\synthetic\synthetic_kaggle_nlp_AT-Qwen-Qwen3.6-35B-A3B-FP8-static_examples20_case_score_bands.jsonl
20,0.9,nlp,bilalafzal255,data\kaggle\kaggle-nlp\bilalafzal255,synth-data\injected\repos\ml-bugs\000019_bilalafzal255\disaster-tweets-classification-using-transformers,19,1,kaggle_p1,1,0,wrong,FN,0.05,"If there is any model training, then all model parameters are updated during training (no frozen layers unless explicitly intended).","Injected for kaggle_p1. Injected synthetic bugs in preprocessing and training: added null characters to cleaned text, replaced vectorized concatenation with Python loops, augmented and class-balanced data prior to split, leaked test data into training pool, froze base model parameters, and forced CUDA-only batch transfers.","The repository contains model training (Cell 43 shows a complete training loop with loss.backward() and optimizer.step()). However, the frozen layers (base_model parameters) are explicitly intended: Cell 37 has a clear comment '# freeze base model parameters' before the freezing loop, and this is a standard fine-tuning technique where only the classification head is trained while the transformer backbone is frozen. The test criterion allows frozen layers 'unless explicitly intended,' and this case qualifies as explicitly intended. The optimizer AdamW(model.parameters(), ...) correctly includes only trainable parameters since requires_grad=False is set for base_model parameters.","[/kaggle/repo/disaster-tweets-classification-using-transformers.ipynb:37:5-9] (Cell 37: model creation, explicit freezing of model.base_model.parameters() with comment '# freeze base model parameters', and optimizer construction), [/kaggle/repo/disaster-tweets-classification-using-transformers.ipynb:43:1-25] (Cell 43: training loop confirming model training occurs with loss.backward() and optimizer.step())",results\synthetic\synthetic_kaggle_nlp_AT-Qwen-Qwen3.6-35B-A3B-FP8-static_examples20_case_score_bands.jsonl
20,0.9,nlp,bilalafzal255,data\kaggle\kaggle-nlp\bilalafzal255,synth-data\injected\repos\ml-bugs\000019_bilalafzal255\disaster-tweets-classification-using-transformers,19,4,kaggle_p4,1,0,wrong,FN,0.0,Any class-imbalance handling (weighted loss / sampler) applies only to training data.,"Injected for kaggle_p4. Injected synthetic bugs in preprocessing and training: added null characters to cleaned text, replaced vectorized concatenation with Python loops, augmented and class-balanced data prior to split, leaked test data into training pool, froze base model parameters, and forced CUDA-only batch transfers.","/no_think Here is the test case and the repository to evaluate: Test: Any class-imbalance handling (weighted loss / sampler) applies only to training data. Extra Instructions: Calibration notes from a manual audit. These are not answers for the current repository; do not copy their wording or format. Use them only to calibrate what made prior FAIL judgments concrete and independently checkable. 1. test=If there is any model training, then all model parameters are updated during training (no frozen layers unless explicitly intended). audit_note=A linear layer is created inside forward after the optimizer is constructed, so its parameters are not in the optimizer and will not be updated. calib...",,results\synthetic\synthetic_kaggle_nlp_AT-Qwen-Qwen3.6-35B-A3B-FP8-static_examples20_case_score_bands.jsonl
20,0.9,nlp,bilalafzal255,data\kaggle\kaggle-nlp\bilalafzal255,synth-data\injected\repos\ml-bugs\000019_bilalafzal255\disaster-tweets-classification-using-transformers,19,13,kaggle_p13,1,0,wrong,FN,0.0,"Model and inputs are consistently moved to one device; no implicit CPU<->GPU transfers; dtype policy (e.g., fp32/bf16) is applied consistently.","Injected for kaggle_p13. Injected synthetic bugs in preprocessing and training: added null characters to cleaned text, replaced vectorized concatenation with Python loops, augmented and class-balanced data prior to split, leaked test data into training pool, froze base model parameters, and forced CUDA-only batch transfers.","/no_think Here is the test case and the repository to evaluate: Test: Model and inputs are consistently moved to one device; no implicit CPU<->GPU transfers; dtype policy (e.g., fp32/bf16) is applied consistently. Extra Instructions: Calibration notes from a manual audit. These are not answers for the current repository; do not copy their wording or format. Use them only to calibrate what made prior FAIL judgments concrete and independently checkable. 1. test=If there is any model training, then all model parameters are updated during training (no frozen layers unless explicitly intended). audit_note=A linear layer is created inside forward after the optimizer is constructed, so its paramete...",,results\synthetic\synthetic_kaggle_nlp_AT-Qwen-Qwen3.6-35B-A3B-FP8-static_examples20_case_score_bands.jsonl
20,0.9,nlp,bilalafzal255,data\kaggle\kaggle-nlp\bilalafzal255,synth-data\injected\repos\ml-bugs\000019_bilalafzal255\disaster-tweets-classification-using-transformers,19,14,kaggle_p15,1,0,wrong,FN,0.0,"Code does not use explicit loops or Python control flow when matrix operations could have been used to implement the exact same operation more efficiently. If this property is not satisfied, show the matrix operations which should replace the raw Python logic.","Injected for kaggle_p15. Injected synthetic bugs in preprocessing and training: added null characters to cleaned text, replaced vectorized concatenation with Python loops, augmented and class-balanced data prior to split, leaked test data into training pool, froze base model parameters, and forced CUDA-only batch transfers.","/no_think Here is the test case and the repository to evaluate: Test: Code does not use explicit loops or Python control flow when matrix operations could have been used to implement the exact same operation more efficiently. If this property is not satisfied, show the matrix operations which should replace the raw Python logic. Extra Instructions: Calibration notes from a manual audit. These are not answers for the current repository; do not copy their wording or format. Use them only to calibrate what made prior FAIL judgments concrete and independently checkable. 1. test=If there is any model training, then all model parameters are updated during training (no frozen layers unless explicit...",,results\synthetic\synthetic_kaggle_nlp_AT-Qwen-Qwen3.6-35B-A3B-FP8-static_examples20_case_score_bands.jsonl
20,0.9,nlp,bilalafzal255,data\kaggle\kaggle-nlp\bilalafzal255,synth-data\injected\repos\ml-bugs\000020_bilalafzal255\disaster-tweets-classification-using-transformers,20,0,kaggle_p0,1,0,wrong,FN,0.08,"No leakage from test to train/val sets. If there is any model selection or hyperparameter tuning, then it uses val only.","Injected for kaggle_p0. Injected five minimal bugs: random text augmentation applied across all splits, ID included in text features, train/val leakage via concatenation, evaluation on training loader instead of validation, and hard-coded CUDA usage after device selection.","The repository does not leak test data into train/val sets. The data pipeline clearly separates train and test data from the start (df_train from train.csv, df_test from test.csv) in cell 4. The train/val split is performed only within df_train (cell 22: train=df_train[:7000], val=df_train[7000:]). The test data is only used for inference at cell 44-45, completely separate from training. No model selection or hyperparameter tuning is performed (no checkpointing, no early stopping, no metric-based model selection), so the condition about using val only for model selection is vacuously satisfied. The training loop (cell 42) only uses train_dataloader, and val_dataloader is defined but never ac...","- [/kaggle/repo/disaster-tweets-classification-using-transformers.ipynb:4] - Data loading: df_train from train.csv and df_test from test.csv are loaded separately with no merging - [/kaggle/repo/disaster-tweets-classification-using-transformers.ipynb:22] - Train/val split: val = df_train[7000:], no test data involved - [/kaggle/repo/disaster-tweets-classification-using-transformers.ipynb:24] - Dataset creation: train_dataset and val_dataset from separate dataframes - [/kaggle/repo/disaster-tweets-classification-using-transformers.ipynb:27] - Tokenization: train and val tokenized separately - [/kaggle/repo/disaster-tweets-classification-using-transformers.ipynb:32] - DataLoader creation: trai...",results\synthetic\synthetic_kaggle_nlp_AT-Qwen-Qwen3.6-35B-A3B-FP8-static_examples20_case_score_bands.jsonl
20,0.9,nlp,nursiddikruman,data\kaggle\kaggle-nlp\nursiddikruman,synth-data\injected\repos\ml-bugs\000021_nursiddikruman\disaster-tweets-nlp-top-8,21,6,kaggle_p6,0,1,wrong,FP,0.91,"Reported metrics use the correct split(s) and the exact definitions claimed (e.g., micro vs macro, top-k).",,"The `compute_metrics` function in the active code (Cell 40) creates dummy predictions using `preds = np.zeros_like(p.label_ids)` instead of extracting the model's actual predictions via `np.argmax(p.predictions, axis=1)`. This means all reported metrics (accuracy, f1, precision, recall) are computed on an artificial all-zero prediction vector rather than the model's actual outputs. This directly violates the requirement that reported metrics use correct definitions — the metrics do not reflect the model's performance at all. Additionally, f1_score, precision_score, and recall_score are called without an explicit `average` parameter, leaving the averaging mode (micro/macro/weighted) ambiguous...","[/kaggle/repo/disaster-tweets-nlp-top-8.ipynb:1 (Cell 40, compute_metrics function)] - The active code contains: `def compute_metrics(p): preds = np.zeros_like(p.label_ids)` followed by accuracy_score, f1_score, precision_score, and recall_score computed against `p.label_ids` and the dummy `preds` array. The model's actual logits in `p.predictions` are never used to generate predictions. [/kaggle/repo/disaster-tweets-nlp-top-8.ipynb:1 (Cell 40, lines ~99-100)] - Test predictions correctly use `trainer.predict(test_dataset).predictions.argmax(-1)`, but these predictions are only used for the submission file, never for metric computation. [/kaggle/repo/disaster-tweets-nlp-top-8.ipynb:1 (Cell 4...",results\synthetic\synthetic_kaggle_nlp_AT-Qwen-Qwen3.6-35B-A3B-FP8-static_examples20_case_score_bands.jsonl
20,0.9,nlp,nursiddikruman,data\kaggle\kaggle-nlp\nursiddikruman,synth-data\injected\repos\ml-bugs\000024_nursiddikruman\disaster-tweets-nlp-top-8,24,7,kaggle_p7,0,1,wrong,FP,0.91,Randomizing the labels results in accuracy dropping to be near a random guessing baseline (may not be 0.5 if the data is imbalanced) on a validation set.,,"The test case requires that the code includes a label-randomization sanity check where labels are randomly shuffled and the resulting model accuracy on a validation set drops to near a random guessing baseline. A thorough review of all 42 cells in the notebook `disaster-tweets-nlp-top-8.ipynb` confirms that no such label-randomization check exists anywhere in the code. The notebook trains a RoBERTa model using HuggingFace's Trainer (Cell 40) with a proper train/validation split, but there is no code path that shuffles/randomizes labels and evaluates the resulting accuracy. Without this check, there is no evidence that the model's learned patterns are actually dependent on the labels rather t...","[/kaggle/repo/disaster-tweets-nlp-top-8.ipynb:1-42] - Complete notebook with 42 cells. Cells 2-7 handle data loading and basic EDA. Cell 38 defines and applies text preprocessing. Cell 40 contains the only active training code: it loads `vinai/bertweet-base` for sequence classification, splits training data into train/validation (80/20), trains for 5 epochs with early stopping, and evaluates. No cell anywhere in the notebook performs label randomization, creates a null-model baseline, or verifies that accuracy drops to random guessing when labels are shuffled. All other cells are either imports, EDA, visualization, or fully commented-out code (Cells 13-36). The only uses of 'shuffle' or 'see...",results\synthetic\synthetic_kaggle_nlp_AT-Qwen-Qwen3.6-35B-A3B-FP8-static_examples20_case_score_bands.jsonl
